ISO-10303-21;
HEADER;
FILE_DESCRIPTION(('Open CASCADE Model'),'2;1');
FILE_NAME('Open CASCADE Shape Model','2026-09-02T13:04:58',('Author'),(
    'Open CASCADE'),'Open CASCADE STEP processor 7.9','Open CASCADE 7.9'
  ,'Unknown');
FILE_SCHEMA(('AUTOMOTIVE_DESIGN { 1 0 10303 214 1 1 1 1 }'));
ENDSEC;
DATA;
#1 = APPLICATION_PROTOCOL_DEFINITION('international standard',
  'automotive_design',2000,#2);
#2 = APPLICATION_CONTEXT(
  'core data for automotive mechanical design processes');
#3 = SHAPE_DEFINITION_REPRESENTATION(#4,#10);
#4 = PRODUCT_DEFINITION_SHAPE('','',#5);
#5 = PRODUCT_DEFINITION('design','',#6,#9);
#6 = PRODUCT_DEFINITION_FORMATION('','',#7);
#7 = PRODUCT('Open CASCADE STEP translator 7.9 21',
  'Open CASCADE STEP translator 7.9 21','',(#8));
#8 = PRODUCT_CONTEXT('',#2,'mechanical');
#9 = PRODUCT_DEFINITION_CONTEXT('part definition',#2,'design');
#10 = ADVANCED_BREP_SHAPE_REPRESENTATION('',(#11,#15),#2688);
#11 = AXIS2_PLACEMENT_3D('',#12,#13,#14);
#12 = CARTESIAN_POINT('',(0.,0.,0.));
#13 = DIRECTION('',(0.,0.,1.));
#14 = DIRECTION('',(1.,0.,-0.));
#15 = MANIFOLD_SOLID_BREP('',#16);
#16 = CLOSED_SHELL('',(#17,#2680,#2684));
#17 = ADVANCED_FACE('',(#18),#350,.F.);
#18 = FACE_BOUND('',#19,.F.);
#19 = EDGE_LOOP('',(#20,#2611,#2645,#2646));
#20 = ORIENTED_EDGE('',*,*,#21,.T.);
#21 = EDGE_CURVE('',#22,#24,#26,.T.);
#22 = VERTEX_POINT('',#23);
#23 = CARTESIAN_POINT('',(4.864967545899,0.160893142279,-2.946313787466)
  );
#24 = VERTEX_POINT('',#25);
#25 = CARTESIAN_POINT('',(4.864973254131,0.160893142293,107.05368621247)
  );
#26 = SEAM_CURVE('',#27,(#349,#2604),.PCURVE_S1.);
#27 = ( BOUNDED_CURVE() B_SPLINE_CURVE(10,(#28,#29,#30,#31,#32,#33,#34,
    #35,#36,#37,#38,#39,#40,#41,#42,#43,#44,#45,#46,#47,#48,#49,#50,#51,
    #52,#53,#54,#55,#56,#57,#58,#59,#60,#61,#62,#63,#64,#65,#66,#67,#68,
    #69,#70,#71,#72,#73,#74,#75,#76,#77,#78,#79,#80,#81,#82,#83,#84,#85,
    #86,#87,#88,#89,#90,#91,#92,#93,#94,#95,#96,#97,#98,#99,#100,#101,
    #102,#103,#104,#105,#106,#107,#108,#109,#110,#111,#112,#113,#114,
    #115,#116,#117,#118,#119,#120,#121,#122,#123,#124,#125,#126,#127,
    #128,#129,#130,#131,#132,#133,#134,#135,#136,#137,#138,#139,#140,
    #141,#142,#143,#144,#145,#146,#147,#148,#149,#150,#151,#152,#153,
    #154,#155,#156,#157,#158,#159,#160,#161,#162,#163,#164,#165,#166,
    #167,#168,#169,#170,#171,#172,#173,#174,#175,#176,#177,#178,#179,
    #180,#181,#182,#183,#184,#185,#186,#187,#188,#189,#190,#191,#192,
    #193,#194,#195,#196,#197,#198,#199,#200,#201,#202,#203,#204,#205,
    #206,#207,#208,#209,#210,#211,#212,#213,#214,#215,#216,#217,#218,
    #219,#220,#221,#222,#223,#224,#225,#226,#227,#228,#229,#230,#231,
    #232,#233,#234,#235,#236,#237,#238,#239,#240,#241,#242,#243,#244,
    #245,#246,#247,#248,#249,#250,#251,#252,#253,#254,#255,#256,#257,
    #258,#259,#260,#261,#262,#263,#264,#265,#266,#267,#268,#269,#270,
    #271,#272,#273,#274,#275,#276,#277,#278,#279,#280,#281,#282,#283,
    #284,#285,#286,#287,#288,#289,#290,#291,#292,#293,#294,#295,#296,
    #297,#298,#299,#300,#301,#302,#303,#304,#305,#306,#307,#308,#309,
    #310,#311,#312,#313,#314,#315,#316,#317,#318,#319,#320,#321,#322,
    #323,#324,#325,#326,#327,#328,#329,#330,#331,#332,#333,#334,#335,
    #336,#337,#338,#339,#340,#341,#342,#343,#344,#345,#346,#347,#348),
.UNSPECIFIED.,.F.,.F.) B_SPLINE_CURVE_WITH_KNOTS((11,10,10,10,10,10,10,
    10,10,10,10,10,10,10,10,10,10,10,10,10,10,10,10,10,10,10,10,10,10,10
    ,10,10,11),(0.,6.483985636037,12.967971272074,19.451956908111,
    25.935942544149,32.419928180186,38.903913816223,45.38789945226,
    51.871885088297,58.355870724334,64.839856360372,71.323841996409,
    77.807827632446,84.291813268483,90.77579890452,97.259784540557,
    103.74377017659,110.22775581263,116.71174144866,123.1957270847,
    129.67971272074,136.16369835678,142.64768399281,149.13166962885,
    155.61565526489,162.09964090092,168.58362653696,175.067612173,
    181.55159780904,188.03558344507,194.51956908111,201.00355471715,
207.48754035318),.PIECEWISE_BEZIER_KNOTS.) CURVE() 
GEOMETRIC_REPRESENTATION_ITEM() RATIONAL_B_SPLINE_CURVE((1.669078461068,
    1.669078461068,1.669078461068,1.669078461068,1.669078461068,
    1.669078461069,1.669078461068,1.669078461068,1.669078461068,
    1.669078461068,1.669078461068,1.669078461068,1.669078461068,
    1.669078461069,1.669078461067,1.66907846107,1.669078461067,
    1.669078461069,1.669078461068,1.669078461068,1.669078461068,
    1.669078461068,1.669078461068,1.669078461068,1.669078461068,
    1.669078461069,1.669078461068,1.669078461068,1.669078461068,
    1.669078461068,1.669078461068,1.669078461068,1.669078461068,
    1.669078461068,1.669078461069,1.669078461068,1.669078461069,
    1.669078461068,1.669078461068,1.669078461068,1.669078461068,
    1.669078461068,1.669078461069,1.669078461068,1.669078461069,
    1.669078461067,1.669078461069,1.669078461068,1.669078461068,
    1.669078461068,1.669078461068,1.669078461068,1.669078461068,
    1.669078461069,1.669078461068,1.669078461069,1.669078461068,
    1.669078461068,1.669078461068,1.669078461068,1.669078461068,
    1.669078461068,1.669078461068,1.669078461069,1.669078461068,
    1.669078461069,1.669078461068,1.669078461069,1.669078461068,
    1.669078461068,1.669078461068,1.669078461068,1.669078461068,
    1.669078461068,1.669078461069,1.669078461068,1.669078461068,
    1.669078461068,1.669078461068,1.669078461068,1.669078461068,
    1.669078461068,1.669078461068,1.669078461068,1.669078461068,
    1.669078461068,1.669078461068,1.669078461068,1.669078461068,
    1.669078461068,1.669078461068,1.669078461068,1.669078461068,
    1.669078461068,1.669078461068,1.669078461068,1.669078461068,
    1.669078461068,1.669078461068,1.669078461068,1.669078461068,
    1.669078461068,1.669078461068,1.669078461069,1.669078461067,
    1.669078461069,1.669078461068,1.669078461069,1.669078461068,
    1.669078461068,1.669078461068,1.669078461068,1.669078461068,
    1.669078461069,1.669078461067,1.669078461069,1.669078461067,
    1.669078461069,1.669078461068,1.669078461068,1.669078461068,
    1.669078461068,1.669078461068,1.669078461068,1.669078461068,
    1.669078461068,1.669078461068,1.669078461068,1.669078461068,
    1.669078461068,1.669078461068,1.669078461068,1.669078461068,
    1.669078461069,1.669078461067,1.66907846107,1.669078461067,
    1.669078461069,1.669078461068,1.669078461068,1.669078461068,
    1.669078461068,1.669078461068,1.669078461069,1.669078461067,
    1.66907846107,1.669078461067,1.669078461069,1.669078461068,
    1.669078461068,1.669078461068,1.669078461068,1.669078461068,
    1.669078461068,1.669078461068,1.669078461068,1.669078461068,
    1.669078461068,1.669078461068,1.669078461068,1.669078461068,
    1.669078461068,1.669078461068,1.669078461068,1.669078461069,
    1.669078461068,1.669078461069,1.669078461068,1.669078461068,
    1.669078461068,1.669078461068,1.669078461068,1.669078461068,
    1.669078461069,1.669078461067,1.669078461069,1.669078461068,
    1.669078461069,1.669078461068,1.669078461068,1.669078461068,
    1.669078461068,1.669078461068,1.669078461069,1.669078461067,
    1.66907846107,1.669078461067,1.669078461069,1.669078461068,
    1.669078461068,1.669078461068,1.669078461068,1.669078461068,
    1.669078461068,1.669078461069,1.669078461068,1.669078461069,
    1.669078461068,1.669078461068,1.669078461068,1.669078461068,
    1.669078461068,1.669078461068,1.669078461068,1.669078461068,
    1.669078461068,1.669078461068,1.669078461068,1.669078461068,
    1.669078461068,1.669078461068,1.669078461068,1.669078461068,
    1.669078461069,1.669078461068,1.669078461069,1.669078461068,
    1.669078461069,1.669078461068,1.669078461068,1.669078461068,
    1.669078461068,1.669078461068,1.669078461068,1.669078461069,
    1.669078461067,1.669078461069,1.669078461068,1.669078461068,
    1.669078461068,1.669078461068,1.669078461068,1.669078461068,
    1.669078461068,1.669078461068,1.669078461068,1.669078461068,
    1.669078461068,1.669078461068,1.669078461068,1.669078461068,
    1.669078461068,1.669078461068,1.669078461068,1.669078461068,
    1.669078461068,1.669078461068,1.669078461068,1.669078461068,
    1.669078461068,1.669078461068,1.669078461068,1.669078461068,
    1.669078461068,1.669078461069,1.669078461068,1.669078461069,
    1.669078461068,1.669078461068,1.669078461068,1.669078461068,
    1.669078461068,1.669078461068,1.669078461069,1.669078461067,
    1.66907846107,1.669078461067,1.669078461069,1.669078461068,
    1.669078461068,1.669078461068,1.669078461068,1.669078461068,
    1.669078461068,1.669078461068,1.669078461068,1.669078461068,
    1.669078461068,1.669078461068,1.669078461068,1.669078461068,
    1.669078461068,1.669078461068,1.669078461068,1.669078461068,
    1.669078461068,1.669078461069,1.669078461068,1.669078461068,
    1.669078461068,1.669078461068,1.669078461068,1.669078461068,
    1.669078461069,1.669078461067,1.66907846107,1.669078461067,
    1.669078461069,1.669078461068,1.669078461068,1.669078461068,
    1.669078461068,1.669078461068,1.669078461068,1.669078461068,
    1.669078461068,1.669078461068,1.669078461068,1.669078461068,
    1.669078461068,1.669078461068,1.669078461068,1.669078461068,
    1.669078461068,1.669078461069,1.669078461068,1.669078461069,
    1.669078461068,1.669078461068,1.669078461068,1.669078461068)) 
REPRESENTATION_ITEM('') );
#28 = CARTESIAN_POINT('',(4.864967545899,0.160893142279,-2.946313787466)
  );
#29 = CARTESIAN_POINT('',(4.776542768523,2.835549899711,-2.602563702717)
  );
#30 = CARTESIAN_POINT('',(3.054416808486,5.456694778679,-2.258814247019)
  );
#31 = CARTESIAN_POINT('',(-0.266669108226,6.896834576081,-1.915062506779
    ));
#32 = CARTESIAN_POINT('',(-4.2545603471,6.082695353338,-1.571316054993)
  );
#33 = CARTESIAN_POINT('',(-7.18078348368,2.700095134879,-1.227561059441)
  );
#34 = CARTESIAN_POINT('',(-7.208075438361,-1.7731601864,-0.883816057355)
  );
#35 = CARTESIAN_POINT('',(-4.744699437485,-5.012410700585,
    -0.540062503998));
#36 = CARTESIAN_POINT('',(-1.297212482981,-6.117467362143,
    -0.196314248635));
#37 = CARTESIAN_POINT('',(1.725089810126,-5.280089008996,0.147436297736)
  );
#38 = CARTESIAN_POINT('',(3.553820173913,-3.326282910009,0.491186212534)
  );
#39 = CARTESIAN_POINT('',(5.382562344713,-1.372489219758,0.834936297283)
  );
#40 = CARTESIAN_POINT('',(6.01826471876,1.698667042976,1.178685752978));
#41 = CARTESIAN_POINT('',(4.688234962631,5.065362032318,1.522437493229)
  );
#42 = CARTESIAN_POINT('',(1.292686659946,7.309543604497,1.866183944994)
  );
#43 = CARTESIAN_POINT('',(-3.168325115936,6.986836275437,2.209938940577)
  );
#44 = CARTESIAN_POINT('',(-6.350692613617,3.843065429674,2.553683942628)
  );
#45 = CARTESIAN_POINT('',(-6.899318743458,-0.189300449424,2.897437496014
    ));
#46 = CARTESIAN_POINT('',(-5.242970398802,-3.408434912161,3.24118575136)
  );
#47 = CARTESIAN_POINT('',(-2.513764040635,-4.953409446406,3.584936297737
    ));
#48 = CARTESIAN_POINT('',(0.160893142279,-4.864967545906,3.928686212534)
  );
#49 = CARTESIAN_POINT('',(2.83554989971,-4.776542768496,4.272436297283)
  );
#50 = CARTESIAN_POINT('',(5.456694778674,-3.054416808549,4.616185752977)
  );
#51 = CARTESIAN_POINT('',(6.896834576099,0.266669108334,4.959937493233)
  );
#52 = CARTESIAN_POINT('',(6.082695353307,4.254560346963,5.303683944988)
  );
#53 = CARTESIAN_POINT('',(2.700095134907,7.180783483811,5.647438940582)
  );
#54 = CARTESIAN_POINT('',(-1.773160186411,7.208075438274,5.991183942625)
  );
#55 = CARTESIAN_POINT('',(-5.012410700594,4.744699437518,6.334937496015)
  );
#56 = CARTESIAN_POINT('',(-6.117467362126,1.297212482984,6.678685751359)
  );
#57 = CARTESIAN_POINT('',(-5.280089009011,-1.72508981014,7.022436297738)
  );
#58 = CARTESIAN_POINT('',(-3.32628291,-3.553820173903,7.366186212534));
#59 = CARTESIAN_POINT('',(-1.372489219795,-5.382562344753,7.709936297284
    ));
#60 = CARTESIAN_POINT('',(1.698667043078,-6.018264718666,8.053685752975)
  );
#61 = CARTESIAN_POINT('',(5.065362032116,-4.688234962793,8.397437493234)
  );
#62 = CARTESIAN_POINT('',(7.309543604796,-1.292686659733,8.74118394499)
  );
#63 = CARTESIAN_POINT('',(6.986836275104,3.168325115721,9.084938940577)
  );
#64 = CARTESIAN_POINT('',(3.84306542995,6.35069261378,9.42868394263));
#65 = CARTESIAN_POINT('',(-0.189300449586,6.899318743371,9.772437496012)
  );
#66 = CARTESIAN_POINT('',(-3.408434912105,5.242970398829,10.116185751361
    ));
#67 = CARTESIAN_POINT('',(-4.953409446405,2.513764040633,10.459936297737
    ));
#68 = CARTESIAN_POINT('',(-4.864967545922,-0.16089314228,10.803686212534
    ));
#69 = CARTESIAN_POINT('',(-4.776542364806,-2.835550303351,11.14743629729
    ));
#70 = CARTESIAN_POINT('',(-3.054418538902,-5.456693048412,
    11.491185752946));
#71 = CARTESIAN_POINT('',(0.266673577064,-6.896839044698,11.83493749331)
  );
#72 = CARTESIAN_POINT('',(4.254551885133,-6.082686891631,12.178683944845
    ));
#73 = CARTESIAN_POINT('',(7.180796049824,-2.700107700767,12.522438940786
    ));
#74 = CARTESIAN_POINT('',(7.208060359158,1.773175265398,12.866183942389)
  );
#75 = CARTESIAN_POINT('',(4.74471424542,5.01239589278,13.209937496239));
#76 = CARTESIAN_POINT('',(1.297200566801,6.117479278262,13.553685751184)
  );
#77 = CARTESIAN_POINT('',(-1.725082024015,5.280081222908,13.89743629785)
  );
#78 = CARTESIAN_POINT('',(-3.553824210318,3.326286946406,14.241186212477
    ));
#79 = CARTESIAN_POINT('',(-5.382554558657,1.372481433714,14.584936297392
    ));
#80 = CARTESIAN_POINT('',(-6.018276634753,-1.698655127029,14.92868575282
    ));
#81 = CARTESIAN_POINT('',(-4.688220155096,-5.06537683973,15.272437493408
    ));
#82 = CARTESIAN_POINT('',(-1.292701738519,-7.309528526124,
    15.616183944836));
#83 = CARTESIAN_POINT('',(3.168337681326,-6.986848840614,15.959938940684
    ));
#84 = CARTESIAN_POINT('',(6.350684152331,-3.843056968536,16.303683942574
    ));
#85 = CARTESIAN_POINT('',(6.899323211836,0.189295981097,16.647437496034)
  );
#86 = CARTESIAN_POINT('',(5.24296866861,3.408436642376,16.991185751355)
  );
#87 = CARTESIAN_POINT('',(2.513764444273,4.953409042711,17.334936297738)
  );
#88 = CARTESIAN_POINT('',(-0.160893142283,4.864967545964,17.678686212535
    ));
#89 = CARTESIAN_POINT('',(-2.835549899717,4.776542768301,18.022436297286
    ));
#90 = CARTESIAN_POINT('',(-5.456694778583,3.054416809001,18.366185752963
    ));
#91 = CARTESIAN_POINT('',(-6.896834576381,-0.266669109115,
    18.709937493267));
#92 = CARTESIAN_POINT('',(-6.082695352795,-4.254560345921,
    19.053683944933));
#93 = CARTESIAN_POINT('',(-2.70009513555,-7.180783484892,19.397438940642
    ));
#94 = CARTESIAN_POINT('',(1.773160187011,-7.208075437397,19.741183942579
    ));
#95 = CARTESIAN_POINT('',(5.012410700157,-4.744699438075,20.084937496038
    ));
#96 = CARTESIAN_POINT('',(6.11746736238,-1.297212482705,20.428685751353)
  );
#97 = CARTESIAN_POINT('',(5.280089008897,1.725089810028,20.772436297738)
  );
#98 = CARTESIAN_POINT('',(3.326282910034,3.55382017394,21.116186212535)
  );
#99 = CARTESIAN_POINT('',(1.372489219654,5.382562344613,21.459936297284)
  );
#100 = CARTESIAN_POINT('',(-1.698667042692,6.018264718962,
    21.803685752967));
#101 = CARTESIAN_POINT('',(-5.065362032881,4.688234962349,22.14743749326
    ));
#102 = CARTESIAN_POINT('',(-7.309543603675,1.292686660251,
    22.491183944941));
#103 = CARTESIAN_POINT('',(-6.986836276332,-3.168325116202,
    22.834938940638));
#104 = CARTESIAN_POINT('',(-3.843065428938,-6.350692613435,
    23.178683942579));
#105 = CARTESIAN_POINT('',(0.189300448963,-6.899318743544,
    23.522437496041));
#106 = CARTESIAN_POINT('',(3.408434912381,-5.242970398779,23.86618575135
    ));
#107 = CARTESIAN_POINT('',(4.953409446331,-2.513764040634,
    24.209936297739));
#108 = CARTESIAN_POINT('',(4.86496754592,0.160893142279,24.553686212535)
  );
#109 = CARTESIAN_POINT('',(4.776542768432,2.835549899712,24.897436297284
    ));
#110 = CARTESIAN_POINT('',(3.054416808714,5.456694778643,25.241185752972
    ));
#111 = CARTESIAN_POINT('',(-0.266669108643,6.896834576205,
    25.584937493246));
#112 = CARTESIAN_POINT('',(-4.254560346517,6.082695353102,
    25.928683944965));
#113 = CARTESIAN_POINT('',(-7.180783484313,2.700095135184,26.27243894061
    ));
#114 = CARTESIAN_POINT('',(-7.208075437831,-1.773160186696,
    26.616183942602));
#115 = CARTESIAN_POINT('',(-4.744699437827,-5.012410700358,
    26.959937496028));
#116 = CARTESIAN_POINT('',(-1.297212482813,-6.117467362283,
    27.303685751355));
#117 = CARTESIAN_POINT('',(1.725089810062,-5.280089008932,
    27.647436297738));
#118 = CARTESIAN_POINT('',(3.553820173932,-3.326282910027,
    27.991186212535));
#119 = CARTESIAN_POINT('',(5.382562344644,-1.372488648855,28.33493629729
    ));
#120 = CARTESIAN_POINT('',(6.018264718894,1.698664595859,28.678685752944
    ));
#121 = CARTESIAN_POINT('',(4.688234962452,5.065368352145,29.022437493317
    ));
#122 = CARTESIAN_POINT('',(1.292686660127,7.30953163752,29.366183944833)
  );
#123 = CARTESIAN_POINT('',(-3.168325116086,6.986854046605,29.7099389408)
  );
#124 = CARTESIAN_POINT('',(-6.350692613514,3.843044104501,30.05368394238
    ));
#125 = CARTESIAN_POINT('',(-6.899318743516,-0.189279507877,
    30.397437496242));
#126 = CARTESIAN_POINT('',(-5.242970398773,-3.408451764162,
    30.741185751184));
#127 = CARTESIAN_POINT('',(-2.513764040648,-4.953398435196,
    31.084936297849));
#128 = CARTESIAN_POINT('',(0.160893142286,-4.864973254235,
    31.428686212478));
#129 = CARTESIAN_POINT('',(2.835549899696,-4.776531757299,
    31.772436297394));
#130 = CARTESIAN_POINT('',(5.456694778688,-3.054433660485,
    32.116185752807));
#131 = CARTESIAN_POINT('',(6.896834576099,0.266690049686,32.459937493444
    ));
#132 = CARTESIAN_POINT('',(6.082695353288,4.254539022187,32.803683944776
    ));
#133 = CARTESIAN_POINT('',(2.700095134932,7.180801254411,33.147438940755
    ));
#134 = CARTESIAN_POINT('',(-1.773160186421,7.208063471877,
    33.491183942513));
#135 = CARTESIAN_POINT('',(-5.012410700603,4.744705756922,
    33.834937496072));
#136 = CARTESIAN_POINT('',(-6.117467362112,1.297210036085,
    34.178685751338));
#137 = CARTESIAN_POINT('',(-5.280089009017,-1.725089239313,
    34.522436297743));
#138 = CARTESIAN_POINT('',(-3.326282910002,-3.553820173906,
    34.866186212534));
#139 = CARTESIAN_POINT('',(-1.372489219787,-5.382562344746,
    35.209936297283));
#140 = CARTESIAN_POINT('',(1.698667043053,-6.018264718684,
    35.553685752979));
#141 = CARTESIAN_POINT('',(5.065362032177,-4.68823496275,35.897437493224
    ));
#142 = CARTESIAN_POINT('',(7.309543604681,-1.292686659804,
    36.241183945004));
#143 = CARTESIAN_POINT('',(6.98683627527,3.168325115803,36.584938940564)
  );
#144 = CARTESIAN_POINT('',(3.843065429768,6.350692613715,36.92868394264)
  );
#145 = CARTESIAN_POINT('',(-0.189300449437,6.899318743404,
    37.272437496006));
#146 = CARTESIAN_POINT('',(-3.408434912191,5.242970398821,
    37.616185751363));
#147 = CARTESIAN_POINT('',(-4.953409446372,2.513764040632,
    37.959936297736));
#148 = CARTESIAN_POINT('',(-4.864967545929,-0.16089314228,
    38.303686212535));
#149 = CARTESIAN_POINT('',(-4.77654236477,-2.83555030335,38.64743629729)
  );
#150 = CARTESIAN_POINT('',(-3.054418539015,-5.456693048408,
    38.991185752946));
#151 = CARTESIAN_POINT('',(0.266673577314,-6.896839044721,
    39.334937493315));
#152 = CARTESIAN_POINT('',(4.254551884716,-6.08268689157,39.678683944831
    ));
#153 = CARTESIAN_POINT('',(7.180796050352,-2.700107700881,
    40.022438940811));
#154 = CARTESIAN_POINT('',(7.208060358652,1.773175265558,40.366183942361
    ));
#155 = CARTESIAN_POINT('',(4.744714245784,5.012395892613,40.709937496259
    ));
#156 = CARTESIAN_POINT('',(1.297200566605,6.117479278392,41.053685751174
    ));
#157 = CARTESIAN_POINT('',(-1.725082023938,5.280081222835,
    41.397436297853));
#158 = CARTESIAN_POINT('',(-3.55382421034,3.326286946433,41.741186212476
    ));
#159 = CARTESIAN_POINT('',(-5.382554558661,1.37248143372,42.08493629739)
  );
#160 = CARTESIAN_POINT('',(-6.018276634692,-1.698655127173,
    42.42868575283));
#161 = CARTESIAN_POINT('',(-4.68822015522,-5.065376839329,
    42.772437493382));
#162 = CARTESIAN_POINT('',(-1.292701738362,-7.309528526793,
    43.11618394488));
#163 = CARTESIAN_POINT('',(3.168337681184,-6.986848839835,
    43.459938940633));
#164 = CARTESIAN_POINT('',(6.350684152423,-3.843056969199,
    43.803683942615));
#165 = CARTESIAN_POINT('',(6.8993232118,0.189295981514,44.147437496011)
  );
#166 = CARTESIAN_POINT('',(5.242968668612,3.408436642184,44.491185751363
    ));
#167 = CARTESIAN_POINT('',(2.513764444278,4.95340904277,44.834936297737)
  );
#168 = CARTESIAN_POINT('',(-0.160893142284,4.864967545958,
    45.178686212534));
#169 = CARTESIAN_POINT('',(-2.835549899704,4.776542768331,
    45.522436297286));
#170 = CARTESIAN_POINT('',(-5.456694778655,3.054416808939,
    45.866185752965));
#171 = CARTESIAN_POINT('',(-6.896834576181,-0.266669109032,
    46.209937493264));
#172 = CARTESIAN_POINT('',(-6.08269535315,-4.254560346012,
    46.553683944931));
#173 = CARTESIAN_POINT('',(-2.700095135092,-7.180783484788,
    46.897438940656));
#174 = CARTESIAN_POINT('',(1.773160186547,-7.208075437541,
    47.241183942557));
#175 = CARTESIAN_POINT('',(5.01241070055,-4.74469943788,47.58493749606)
  );
#176 = CARTESIAN_POINT('',(6.117467362092,-1.297212482916,
    47.928685751339));
#177 = CARTESIAN_POINT('',(5.280089009076,1.725089810197,48.272436297744
    ));
#178 = CARTESIAN_POINT('',(3.326282909946,3.553820173841,48.616186212533
    ));
#179 = CARTESIAN_POINT('',(1.372489219989,5.382562344952,48.95993629728)
  );
#180 = CARTESIAN_POINT('',(-1.698667043584,6.018264718261,
    49.303685753002));
#181 = CARTESIAN_POINT('',(-5.065362031128,4.688234963418,
    49.647437493161));
#182 = CARTESIAN_POINT('',(-7.309543606235,1.292686658953,
    49.991183945117));
#183 = CARTESIAN_POINT('',(-6.986836273536,-3.16832511494,
    50.334938940422));
#184 = CARTESIAN_POINT('',(-3.843065431219,-6.350692614379,
    50.678683942767));
#185 = CARTESIAN_POINT('',(0.189300450327,-6.899318743049,
    51.022437495926));
#186 = CARTESIAN_POINT('',(3.408434911828,-5.242970398929,
    51.366185751397));
#187 = CARTESIAN_POINT('',(4.953409446429,-2.513764040627,
    51.709936297729));
#188 = CARTESIAN_POINT('',(4.864967545973,0.160893142286,52.053686212534
    ));
#189 = CARTESIAN_POINT('',(4.776542364662,2.835550303356,52.397436297293
    ));
#190 = CARTESIAN_POINT('',(3.054418539199,5.456693048343,52.741185752937
    ));
#191 = CARTESIAN_POINT('',(-0.266673577525,6.896839044905,
    53.084937493331));
#192 = CARTESIAN_POINT('',(-4.25455188458,6.082686891276,53.428683944817
    ));
#193 = CARTESIAN_POINT('',(-7.18079605033,2.700107701179,53.772438940812
    ));
#194 = CARTESIAN_POINT('',(-7.208060358811,-1.773175265739,
    54.116183942376));
#195 = CARTESIAN_POINT('',(-4.744714245591,-5.012395892577,
    54.459937496239));
#196 = CARTESIAN_POINT('',(-1.297200566747,-6.117479278343,
    54.803685751189));
#197 = CARTESIAN_POINT('',(1.725082024011,-5.280081222897,
    55.147436297846));
#198 = CARTESIAN_POINT('',(3.55382421031,-3.326286946392,55.491186212479
    ));
#199 = CARTESIAN_POINT('',(5.382554558544,-1.372481433597,
    55.834936297395));
#200 = CARTESIAN_POINT('',(6.018276635073,1.698655126512,56.17868575279)
  );
#201 = CARTESIAN_POINT('',(4.68822015456,5.065376840947,56.522437493492)
  );
#202 = CARTESIAN_POINT('',(1.292701739186,7.309528524185,56.866183944692
    ));
#203 = CARTESIAN_POINT('',(-3.168337681968,6.986848842854,
    57.209938940854));
#204 = CARTESIAN_POINT('',(-6.350684151872,3.843056966608,
    57.553683942431));
#205 = CARTESIAN_POINT('',(-6.899323212054,-0.189295979847,
    57.897437496118));
#206 = CARTESIAN_POINT('',(-5.242968668561,-3.408436642976,
    58.241185751323));
#207 = CARTESIAN_POINT('',(-2.513764444266,-4.953409042517,
    58.584936297743));
#208 = CARTESIAN_POINT('',(0.160893142282,-4.864967545987,
    58.928686212536));
#209 = CARTESIAN_POINT('',(2.835549899716,-4.776542768166,
    59.272436297285));
#210 = CARTESIAN_POINT('',(5.456694778545,-3.054416809366,
    59.616185752956));
#211 = CARTESIAN_POINT('',(6.896834576537,0.266669109795,59.959937493289
    ));
#212 = CARTESIAN_POINT('',(6.08269535247,4.254560344978,60.303683944893)
  );
#213 = CARTESIAN_POINT('',(2.700095136001,7.180783485889,60.647438940694
    ));
#214 = CARTESIAN_POINT('',(-1.773160187463,7.20807543659,60.991183942534
    ));
#215 = CARTESIAN_POINT('',(-5.012410699816,4.744699438573,
    61.334937496066));
#216 = CARTESIAN_POINT('',(-6.117467362575,1.297212482474,
    61.678685751342));
#217 = CARTESIAN_POINT('',(-5.280089008817,-1.725089809948,
    62.022436297739));
#218 = CARTESIAN_POINT('',(-3.326282910053,-3.553820173959,
    62.366186212536));
#219 = CARTESIAN_POINT('',(-1.372488648742,-5.382562344532,
    62.70993629729));
#220 = CARTESIAN_POINT('',(1.698664595542,-6.01826471913,63.053685752936
    ));
#221 = CARTESIAN_POINT('',(5.065368352774,-4.688234962115,
    63.397437493341));
#222 = CARTESIAN_POINT('',(7.3095316366,-1.292686660483,63.741183944794)
  );
#223 = CARTESIAN_POINT('',(6.986854047611,3.168325116365,64.084938940843
    ));
#224 = CARTESIAN_POINT('',(3.843044103673,6.350692613359,64.428683942348
    ));
#225 = CARTESIAN_POINT('',(-0.189279507368,6.899318743564,
    64.772437496257));
#226 = CARTESIAN_POINT('',(-3.408451764386,5.242970398776,
    65.116185751183));
#227 = CARTESIAN_POINT('',(-4.953398435139,2.513764040643,
    65.459936297846));
#228 = CARTESIAN_POINT('',(-4.864973254227,-0.160893142292,
    65.80368621248));
#229 = CARTESIAN_POINT('',(-4.776531757043,-2.835549899705,
    66.147436297397));
#230 = CARTESIAN_POINT('',(-3.05443366139,-5.456694778498,
    66.491185752776));
#231 = CARTESIAN_POINT('',(0.266690051592,-6.896834576751,
    66.834937493536));
#232 = CARTESIAN_POINT('',(4.254539019325,-6.082695352017,
    67.178683944612));
#233 = CARTESIAN_POINT('',(7.180801257625,-2.70009513663,67.522438940956
    ));
#234 = CARTESIAN_POINT('',(7.208063469142,1.773160188102,67.86618394234)
  );
#235 = CARTESIAN_POINT('',(4.744705758686,5.012410699319,68.209937496174
    ));
#236 = CARTESIAN_POINT('',(1.297210035227,6.117467362871,68.553685751301
    ));
#237 = CARTESIAN_POINT('',(-1.725089239001,5.28008900869,68.897436297747
    ));
#238 = CARTESIAN_POINT('',(-3.553820173988,3.326282910082,
    69.241186212537));
#239 = CARTESIAN_POINT('',(-5.3825623444,1.37248921946,69.584936297285)
  );
#240 = CARTESIAN_POINT('',(-6.018264719443,-1.698667042159,
    69.928685752948));
#241 = CARTESIAN_POINT('',(-4.688234961564,-5.065362033943,
    70.272437493323));
#242 = CARTESIAN_POINT('',(-1.292686661256,-7.309543602113,
    70.616183944821));
#243 = CARTESIAN_POINT('',(3.168325117216,-6.98683627803,70.959938940793
    ));
#244 = CARTESIAN_POINT('',(6.35069261266,-3.84306542759,71.303683942438)
  );
#245 = CARTESIAN_POINT('',(6.899318743958,0.18930044822,71.647437496131)
  );
#246 = CARTESIAN_POINT('',(5.242970398651,3.408434912607,71.991185751311
    ));
#247 = CARTESIAN_POINT('',(2.513764040642,4.953409446368,72.334936297748
    ));
#248 = CARTESIAN_POINT('',(-0.160893142271,4.864967545827,
    72.678686212535));
#249 = CARTESIAN_POINT('',(-2.835550303341,4.776542365096,
    73.022436297285));
#250 = CARTESIAN_POINT('',(-5.456693048533,3.054418538247,
    73.366185752972));
#251 = CARTESIAN_POINT('',(-6.89683904435,-0.266673575904,
    73.709937493242));
#252 = CARTESIAN_POINT('',(-6.082686892224,-4.254551886762,
    74.053683944965));
#253 = CARTESIAN_POINT('',(-2.700107700059,-7.180796048013,
    74.397438940636));
#254 = CARTESIAN_POINT('',(1.773175264742,-7.20806036074,74.741183942527
    ));
#255 = CARTESIAN_POINT('',(5.012395893295,-4.744714244344,
    75.084937496146));
#256 = CARTESIAN_POINT('',(6.117479277907,-1.297200567365,
    75.428685751229));
#257 = CARTESIAN_POINT('',(5.280081223115,1.725082024245,75.772436297835
    ));
#258 = CARTESIAN_POINT('',(3.326286946309,3.553824210243,76.11618621248)
  );
#259 = CARTESIAN_POINT('',(1.372481433558,5.382554558506,76.459936297402
    ));
#260 = CARTESIAN_POINT('',(-1.698655125989,6.018276635369,
    76.803685752751));
#261 = CARTESIAN_POINT('',(-5.065376842376,4.688220153913,
    77.147437493599));
#262 = CARTESIAN_POINT('',(-7.309528521782,1.292701740115,
    77.491183944502));
#263 = CARTESIAN_POINT('',(-6.986848845692,-3.16833768294,77.83493894109
    ));
#264 = CARTESIAN_POINT('',(-3.843056964159,-6.350684151138,
    78.178683942222));
#265 = CARTESIAN_POINT('',(0.189295978301,-6.899323212418,
    78.522437496247));
#266 = CARTESIAN_POINT('',(3.408436643661,-5.242968668477,
    78.866185751271));
#267 = CARTESIAN_POINT('',(4.953409042346,-2.513764444254,
    79.209936297754));
#268 = CARTESIAN_POINT('',(4.864967545964,0.160893142276,79.553686212538
    ));
#269 = CARTESIAN_POINT('',(4.776542768199,2.835549899695,79.897436297282
    ));
#270 = CARTESIAN_POINT('',(3.054416809318,5.45669477864,80.241185752961)
  );
#271 = CARTESIAN_POINT('',(-0.266669109729,6.896834576315,80.58493749329
    ));
#272 = CARTESIAN_POINT('',(-4.254560345065,6.082695352853,80.92868394488
    ));
#273 = CARTESIAN_POINT('',(-7.180783485757,2.700095135477,81.27243894072
    ));
#274 = CARTESIAN_POINT('',(-7.208075436796,-1.773160186887,
    81.616183942502));
#275 = CARTESIAN_POINT('',(-4.744699438299,-5.012410700328,
    81.959937496092));
#276 = CARTESIAN_POINT('',(-1.297212482753,-6.117467362201,
    82.303685751327));
#277 = CARTESIAN_POINT('',(1.725089810161,-5.280089009042,
    82.647436297746));
#278 = CARTESIAN_POINT('',(3.553820173838,-3.326282909944,
    82.991186212534));
#279 = CARTESIAN_POINT('',(5.382562344955,-1.372488649178,
    83.334936297285));
#280 = CARTESIAN_POINT('',(6.018264718247,1.698664596738,83.678685752978
    ));
#281 = CARTESIAN_POINT('',(4.688234963459,5.065368350389,84.022437493223
    ));
#282 = CARTESIAN_POINT('',(1.292686658886,7.309531640148,84.366183945001
    ));
#283 = CARTESIAN_POINT('',(-3.168325114868,6.986854043602,
    84.709938940592));
#284 = CARTESIAN_POINT('',(-6.350692614432,3.843044107156,
    85.053683942566));
#285 = CARTESIAN_POINT('',(-6.899318743026,-0.189279509709,
    85.397437496124));
#286 = CARTESIAN_POINT('',(-5.242970398927,-3.408451763175,
    85.741185751235));
#287 = CARTESIAN_POINT('',(-2.513764040639,-4.953398435605,
    86.084936297836));
#288 = CARTESIAN_POINT('',(0.160893142295,-4.864973254115,
    86.428686212478));
#289 = CARTESIAN_POINT('',(2.835549899705,-4.776531757381,
    86.772436297398));
#290 = CARTESIAN_POINT('',(5.456694778554,-3.05443366067,87.116185752786
    ));
#291 = CARTESIAN_POINT('',(6.896834576523,0.26669005041,87.459937493497)
  );
#292 = CARTESIAN_POINT('',(6.082695352481,4.254539020854,87.803683944685
    ));
#293 = CARTESIAN_POINT('',(2.700095136016,7.180801256063,88.147438940865
    ));
#294 = CARTESIAN_POINT('',(-1.773160187506,7.20806347039,88.491183942417
    ));
#295 = CARTESIAN_POINT('',(-5.012410699778,4.74470575791,88.834937496129
    ));
#296 = CARTESIAN_POINT('',(-6.117467362582,1.297210035606,
    89.178685751316));
#297 = CARTESIAN_POINT('',(-5.280089008831,-1.72508923915,
    89.522436297746));
#298 = CARTESIAN_POINT('',(-3.326282910037,-3.553820173941,
    89.866186212536));
#299 = CARTESIAN_POINT('',(-1.372489219634,-5.382562344595,
    90.209936297283));
#300 = CARTESIAN_POINT('',(1.698667042638,-6.018264718982,
    90.553685752968));
#301 = CARTESIAN_POINT('',(5.065362032962,-4.688234962377,
    90.897437493256));
#302 = CARTESIAN_POINT('',(7.309543603609,-1.292686660124,
    91.241183944954));
#303 = CARTESIAN_POINT('',(6.98683627633,3.16832511599,91.584938940614)
  );
#304 = CARTESIAN_POINT('',(3.843065429008,6.350692613644,91.928683942607
    ));
#305 = CARTESIAN_POINT('',(-0.189300449042,6.899318743416,
    92.272437496019));
#306 = CARTESIAN_POINT('',(-3.408434912346,5.242970398822,
    92.616185751361));
#307 = CARTESIAN_POINT('',(-4.953409446321,2.513764040632,
    92.959936297736));
#308 = CARTESIAN_POINT('',(-4.864967545944,-0.160893142281,
    93.303686212535));
#309 = CARTESIAN_POINT('',(-4.776542364736,-2.835550303352,
    93.647436297291));
#310 = CARTESIAN_POINT('',(-3.054418538994,-5.456693048369,
    93.991185752946));
#311 = CARTESIAN_POINT('',(0.266673577038,-6.896839044842,
    94.334937493303));
#312 = CARTESIAN_POINT('',(4.254551885475,-6.082686891404,
    94.678683944879));
#313 = CARTESIAN_POINT('',(7.180796049106,-2.700107700937,
    95.022438940718));
#314 = CARTESIAN_POINT('',(7.208060360053,1.773175265369,95.366183942475
    ));
#315 = CARTESIAN_POINT('',(4.744714244659,5.012395893001,95.709937496169
    ));
#316 = CARTESIAN_POINT('',(1.297200567259,6.117479277996,96.053685751222
    ));
#317 = CARTESIAN_POINT('',(-1.725082024215,5.280081223091,
    96.397436297837));
#318 = CARTESIAN_POINT('',(-3.553824210253,3.326286946326,
    96.741186212479));
#319 = CARTESIAN_POINT('',(-5.382554558603,1.372481433648,
    97.084936297399));
#320 = CARTESIAN_POINT('',(-6.018276635046,-1.698655126416,
    97.428685752775));
#321 = CARTESIAN_POINT('',(-4.688220154538,-5.065376841344,
    97.772437493531));
#322 = CARTESIAN_POINT('',(-1.292701739243,-7.309528523462,
    98.116183944625));
#323 = CARTESIAN_POINT('',(3.168337682033,-6.986848843715,
    98.459938940933));
#324 = CARTESIAN_POINT('',(6.350684151827,-3.843056965875,
    98.803683942367));
#325 = CARTESIAN_POINT('',(6.899323212065,0.189295979384,99.147437496153
    ));
#326 = CARTESIAN_POINT('',(5.242968668574,3.408436643197,99.491185751311
    ));
#327 = CARTESIAN_POINT('',(2.513764444255,4.953409042439,99.834936297745
    ));
#328 = CARTESIAN_POINT('',(-0.160893142281,4.864967546002,
    100.17868621253));
#329 = CARTESIAN_POINT('',(-2.835549899695,4.776542768107,
    100.52243629728));
#330 = CARTESIAN_POINT('',(-5.456694778617,3.054416809524,
    100.86618575294));
#331 = CARTESIAN_POINT('',(-6.896834576377,-0.266669110125,
    101.20993749331));
#332 = CARTESIAN_POINT('',(-6.082695352747,-4.254560344452,
    101.55368394482));
#333 = CARTESIAN_POINT('',(-2.700095135617,-7.180783486491,
    101.89743894079));
#334 = CARTESIAN_POINT('',(1.77316018704,-7.208075436143,102.24118394243
    ));
#335 = CARTESIAN_POINT('',(5.012410700196,-4.744699438713,
    102.58493749613));
#336 = CARTESIAN_POINT('',(6.117467362281,-1.297212482584,102.9286857513
    ));
#337 = CARTESIAN_POINT('',(5.28008900902,1.725089810135,103.27243629775)
  );
#338 = CARTESIAN_POINT('',(3.326282909932,3.553820173821,103.61618621253
    ));
#339 = CARTESIAN_POINT('',(1.372488649212,5.382562344984,103.95993629728
    ));
#340 = CARTESIAN_POINT('',(-1.69866459681,6.018264718217,104.30368575298
    ));
#341 = CARTESIAN_POINT('',(-5.065368350274,4.688234963456,
    104.64743749321));
#342 = CARTESIAN_POINT('',(-7.309531640277,1.292686658954,
    104.99118394501));
#343 = CARTESIAN_POINT('',(-6.986854043516,-3.168325114989,
    105.33493894058));
#344 = CARTESIAN_POINT('',(-3.843044107164,-6.35069261431,
    105.67868394256));
#345 = CARTESIAN_POINT('',(0.18927950966,-6.899318743103,106.02243749613
    ));
#346 = CARTESIAN_POINT('',(3.408451763233,-5.242970398899,
    106.36618575123));
#347 = CARTESIAN_POINT('',(4.953398435567,-2.513764040641,
    106.70993629783));
#348 = CARTESIAN_POINT('',(4.864973254131,0.160893142293,107.05368621247
    ));
#349 = PCURVE('',#350,#2598);
#350 = ( BOUNDED_SURFACE() B_SPLINE_SURFACE(6,10,(
    (#351,#352,#353,#354,#355,#356,#357,#358,#359,#360,#361,#362,#363
      ,#364,#365,#366,#367,#368,#369,#370,#371,#372,#373,#374,#375,#376
      ,#377,#378,#379,#380,#381,#382,#383,#384,#385,#386,#387,#388,#389
      ,#390,#391,#392,#393,#394,#395,#396,#397,#398,#399,#400,#401,#402
      ,#403,#404,#405,#406,#407,#408,#409,#410,#411,#412,#413,#414,#415
      ,#416,#417,#418,#419,#420,#421,#422,#423,#424,#425,#426,#427,#428
      ,#429,#430,#431,#432,#433,#434,#435,#436,#437,#438,#439,#440,#441
      ,#442,#443,#444,#445,#446,#447,#448,#449,#450,#451,#452,#453,#454
      ,#455,#456,#457,#458,#459,#460,#461,#462,#463,#464,#465,#466,#467
      ,#468,#469,#470,#471,#472,#473,#474,#475,#476,#477,#478,#479,#480
      ,#481,#482,#483,#484,#485,#486,#487,#488,#489,#490,#491,#492,#493
      ,#494,#495,#496,#497,#498,#499,#500,#501,#502,#503,#504,#505,#506
      ,#507,#508,#509,#510,#511,#512,#513,#514,#515,#516,#517,#518,#519
      ,#520,#521,#522,#523,#524,#525,#526,#527,#528,#529,#530,#531,#532
      ,#533,#534,#535,#536,#537,#538,#539,#540,#541,#542,#543,#544,#545
      ,#546,#547,#548,#549,#550,#551,#552,#553,#554,#555,#556,#557,#558
      ,#559,#560,#561,#562,#563,#564,#565,#566,#567,#568,#569,#570,#571
      ,#572,#573,#574,#575,#576,#577,#578,#579,#580,#581,#582,#583,#584
      ,#585,#586,#587,#588,#589,#590,#591,#592,#593,#594,#595,#596,#597
      ,#598,#599,#600,#601,#602,#603,#604,#605,#606,#607,#608,#609,#610
      ,#611,#612,#613,#614,#615,#616,#617,#618,#619,#620,#621,#622,#623
      ,#624,#625,#626,#627,#628,#629,#630,#631,#632,#633,#634,#635,#636
      ,#637,#638,#639,#640,#641,#642,#643,#644,#645,#646,#647,#648,#649
      ,#650,#651,#652,#653,#654,#655,#656,#657,#658,#659,#660,#661,#662
      ,#663,#664,#665,#666,#667,#668,#669,#670,#671)
    ,(#672,#673,#674,#675,#676,#677,#678,#679,#680,#681,#682,#683,#684
      ,#685,#686,#687,#688,#689,#690,#691,#692,#693,#694,#695,#696,#697
      ,#698,#699,#700,#701,#702,#703,#704,#705,#706,#707,#708,#709,#710
      ,#711,#712,#713,#714,#715,#716,#717,#718,#719,#720,#721,#722,#723
      ,#724,#725,#726,#727,#728,#729,#730,#731,#732,#733,#734,#735,#736
      ,#737,#738,#739,#740,#741,#742,#743,#744,#745,#746,#747,#748,#749
      ,#750,#751,#752,#753,#754,#755,#756,#757,#758,#759,#760,#761,#762
      ,#763,#764,#765,#766,#767,#768,#769,#770,#771,#772,#773,#774,#775
      ,#776,#777,#778,#779,#780,#781,#782,#783,#784,#785,#786,#787,#788
      ,#789,#790,#791,#792,#793,#794,#795,#796,#797,#798,#799,#800,#801
      ,#802,#803,#804,#805,#806,#807,#808,#809,#810,#811,#812,#813,#814
      ,#815,#816,#817,#818,#819,#820,#821,#822,#823,#824,#825,#826,#827
      ,#828,#829,#830,#831,#832,#833,#834,#835,#836,#837,#838,#839,#840
      ,#841,#842,#843,#844,#845,#846,#847,#848,#849,#850,#851,#852,#853
      ,#854,#855,#856,#857,#858,#859,#860,#861,#862,#863,#864,#865,#866
      ,#867,#868,#869,#870,#871,#872,#873,#874,#875,#876,#877,#878,#879
      ,#880,#881,#882,#883,#884,#885,#886,#887,#888,#889,#890,#891,#892
      ,#893,#894,#895,#896,#897,#898,#899,#900,#901,#902,#903,#904,#905
      ,#906,#907,#908,#909,#910,#911,#912,#913,#914,#915,#916,#917,#918
      ,#919,#920,#921,#922,#923,#924,#925,#926,#927,#928,#929,#930,#931
      ,#932,#933,#934,#935,#936,#937,#938,#939,#940,#941,#942,#943,#944
      ,#945,#946,#947,#948,#949,#950,#951,#952,#953,#954,#955,#956,#957
      ,#958,#959,#960,#961,#962,#963,#964,#965,#966,#967,#968,#969,#970
      ,#971,#972,#973,#974,#975,#976,#977,#978,#979,#980,#981,#982,#983
      ,#984,#985,#986,#987,#988,#989,#990,#991,#992)
    ,(#993,#994,#995,#996,#997,#998,#999,#1000,#1001,#1002,#1003,#1004
      ,#1005,#1006,#1007,#1008,#1009,#1010,#1011,#1012,#1013,#1014,#1015
      ,#1016,#1017,#1018,#1019,#1020,#1021,#1022,#1023,#1024,#1025,#1026
      ,#1027,#1028,#1029,#1030,#1031,#1032,#1033,#1034,#1035,#1036,#1037
      ,#1038,#1039,#1040,#1041,#1042,#1043,#1044,#1045,#1046,#1047,#1048
      ,#1049,#1050,#1051,#1052,#1053,#1054,#1055,#1056,#1057,#1058,#1059
      ,#1060,#1061,#1062,#1063,#1064,#1065,#1066,#1067,#1068,#1069,#1070
      ,#1071,#1072,#1073,#1074,#1075,#1076,#1077,#1078,#1079,#1080,#1081
      ,#1082,#1083,#1084,#1085,#1086,#1087,#1088,#1089,#1090,#1091,#1092
      ,#1093,#1094,#1095,#1096,#1097,#1098,#1099,#1100,#1101,#1102,#1103
      ,#1104,#1105,#1106,#1107,#1108,#1109,#1110,#1111,#1112,#1113,#1114
      ,#1115,#1116,#1117,#1118,#1119,#1120,#1121,#1122,#1123,#1124,#1125
      ,#1126,#1127,#1128,#1129,#1130,#1131,#1132,#1133,#1134,#1135,#1136
      ,#1137,#1138,#1139,#1140,#1141,#1142,#1143,#1144,#1145,#1146,#1147
      ,#1148,#1149,#1150,#1151,#1152,#1153,#1154,#1155,#1156,#1157,#1158
      ,#1159,#1160,#1161,#1162,#1163,#1164,#1165,#1166,#1167,#1168,#1169
      ,#1170,#1171,#1172,#1173,#1174,#1175,#1176,#1177,#1178,#1179,#1180
      ,#1181,#1182,#1183,#1184,#1185,#1186,#1187,#1188,#1189,#1190,#1191
      ,#1192,#1193,#1194,#1195,#1196,#1197,#1198,#1199,#1200,#1201,#1202
      ,#1203,#1204,#1205,#1206,#1207,#1208,#1209,#1210,#1211,#1212,#1213
      ,#1214,#1215,#1216,#1217,#1218,#1219,#1220,#1221,#1222,#1223,#1224
      ,#1225,#1226,#1227,#1228,#1229,#1230,#1231,#1232,#1233,#1234,#1235
      ,#1236,#1237,#1238,#1239,#1240,#1241,#1242,#1243,#1244,#1245,#1246
      ,#1247,#1248,#1249,#1250,#1251,#1252,#1253,#1254,#1255,#1256,#1257
      ,#1258,#1259,#1260,#1261,#1262,#1263,#1264,#1265,#1266,#1267,#1268
      ,#1269,#1270,#1271,#1272,#1273,#1274,#1275,#1276,#1277,#1278,#1279
      ,#1280,#1281,#1282,#1283,#1284,#1285,#1286,#1287,#1288,#1289,#1290
      ,#1291,#1292,#1293,#1294,#1295,#1296,#1297,#1298,#1299,#1300,#1301
      ,#1302,#1303,#1304,#1305,#1306,#1307,#1308,#1309,#1310,#1311,#1312
      ,#1313)
    ,(#1314,#1315,#1316,#1317,#1318,#1319,#1320,#1321,#1322,#1323,#1324
      ,#1325,#1326,#1327,#1328,#1329,#1330,#1331,#1332,#1333,#1334,#1335
      ,#1336,#1337,#1338,#1339,#1340,#1341,#1342,#1343,#1344,#1345,#1346
      ,#1347,#1348,#1349,#1350,#1351,#1352,#1353,#1354,#1355,#1356,#1357
      ,#1358,#1359,#1360,#1361,#1362,#1363,#1364,#1365,#1366,#1367,#1368
      ,#1369,#1370,#1371,#1372,#1373,#1374,#1375,#1376,#1377,#1378,#1379
      ,#1380,#1381,#1382,#1383,#1384,#1385,#1386,#1387,#1388,#1389,#1390
      ,#1391,#1392,#1393,#1394,#1395,#1396,#1397,#1398,#1399,#1400,#1401
      ,#1402,#1403,#1404,#1405,#1406,#1407,#1408,#1409,#1410,#1411,#1412
      ,#1413,#1414,#1415,#1416,#1417,#1418,#1419,#1420,#1421,#1422,#1423
      ,#1424,#1425,#1426,#1427,#1428,#1429,#1430,#1431,#1432,#1433,#1434
      ,#1435,#1436,#1437,#1438,#1439,#1440,#1441,#1442,#1443,#1444,#1445
      ,#1446,#1447,#1448,#1449,#1450,#1451,#1452,#1453,#1454,#1455,#1456
      ,#1457,#1458,#1459,#1460,#1461,#1462,#1463,#1464,#1465,#1466,#1467
      ,#1468,#1469,#1470,#1471,#1472,#1473,#1474,#1475,#1476,#1477,#1478
      ,#1479,#1480,#1481,#1482,#1483,#1484,#1485,#1486,#1487,#1488,#1489
      ,#1490,#1491,#1492,#1493,#1494,#1495,#1496,#1497,#1498,#1499,#1500
      ,#1501,#1502,#1503,#1504,#1505,#1506,#1507,#1508,#1509,#1510,#1511
      ,#1512,#1513,#1514,#1515,#1516,#1517,#1518,#1519,#1520,#1521,#1522
      ,#1523,#1524,#1525,#1526,#1527,#1528,#1529,#1530,#1531,#1532,#1533
      ,#1534,#1535,#1536,#1537,#1538,#1539,#1540,#1541,#1542,#1543,#1544
      ,#1545,#1546,#1547,#1548,#1549,#1550,#1551,#1552,#1553,#1554,#1555
      ,#1556,#1557,#1558,#1559,#1560,#1561,#1562,#1563,#1564,#1565,#1566
      ,#1567,#1568,#1569,#1570,#1571,#1572,#1573,#1574,#1575,#1576,#1577
      ,#1578,#1579,#1580,#1581,#1582,#1583,#1584,#1585,#1586,#1587,#1588
      ,#1589,#1590,#1591,#1592,#1593,#1594,#1595,#1596,#1597,#1598,#1599
      ,#1600,#1601,#1602,#1603,#1604,#1605,#1606,#1607,#1608,#1609,#1610
      ,#1611,#1612,#1613,#1614,#1615,#1616,#1617,#1618,#1619,#1620,#1621
      ,#1622,#1623,#1624,#1625,#1626,#1627,#1628,#1629,#1630,#1631,#1632
      ,#1633,#1634)
    ,(#1635,#1636,#1637,#1638,#1639,#1640,#1641,#1642,#1643,#1644,#1645
      ,#1646,#1647,#1648,#1649,#1650,#1651,#1652,#1653,#1654,#1655,#1656
      ,#1657,#1658,#1659,#1660,#1661,#1662,#1663,#1664,#1665,#1666,#1667
      ,#1668,#1669,#1670,#1671,#1672,#1673,#1674,#1675,#1676,#1677,#1678
      ,#1679,#1680,#1681,#1682,#1683,#1684,#1685,#1686,#1687,#1688,#1689
      ,#1690,#1691,#1692,#1693,#1694,#1695,#1696,#1697,#1698,#1699,#1700
      ,#1701,#1702,#1703,#1704,#1705,#1706,#1707,#1708,#1709,#1710,#1711
      ,#1712,#1713,#1714,#1715,#1716,#1717,#1718,#1719,#1720,#1721,#1722
      ,#1723,#1724,#1725,#1726,#1727,#1728,#1729,#1730,#1731,#1732,#1733
      ,#1734,#1735,#1736,#1737,#1738,#1739,#1740,#1741,#1742,#1743,#1744
      ,#1745,#1746,#1747,#1748,#1749,#1750,#1751,#1752,#1753,#1754,#1755
      ,#1756,#1757,#1758,#1759,#1760,#1761,#1762,#1763,#1764,#1765,#1766
      ,#1767,#1768,#1769,#1770,#1771,#1772,#1773,#1774,#1775,#1776,#1777
      ,#1778,#1779,#1780,#1781,#1782,#1783,#1784,#1785,#1786,#1787,#1788
      ,#1789,#1790,#1791,#1792,#1793,#1794,#1795,#1796,#1797,#1798,#1799
      ,#1800,#1801,#1802,#1803,#1804,#1805,#1806,#1807,#1808,#1809,#1810
      ,#1811,#1812,#1813,#1814,#1815,#1816,#1817,#1818,#1819,#1820,#1821
      ,#1822,#1823,#1824,#1825,#1826,#1827,#1828,#1829,#1830,#1831,#1832
      ,#1833,#1834,#1835,#1836,#1837,#1838,#1839,#1840,#1841,#1842,#1843
      ,#1844,#1845,#1846,#1847,#1848,#1849,#1850,#1851,#1852,#1853,#1854
      ,#1855,#1856,#1857,#1858,#1859,#1860,#1861,#1862,#1863,#1864,#1865
      ,#1866,#1867,#1868,#1869,#1870,#1871,#1872,#1873,#1874,#1875,#1876
      ,#1877,#1878,#1879,#1880,#1881,#1882,#1883,#1884,#1885,#1886,#1887
      ,#1888,#1889,#1890,#1891,#1892,#1893,#1894,#1895,#1896,#1897,#1898
      ,#1899,#1900,#1901,#1902,#1903,#1904,#1905,#1906,#1907,#1908,#1909
      ,#1910,#1911,#1912,#1913,#1914,#1915,#1916,#1917,#1918,#1919,#1920
      ,#1921,#1922,#1923,#1924,#1925,#1926,#1927,#1928,#1929,#1930,#1931
      ,#1932,#1933,#1934,#1935,#1936,#1937,#1938,#1939,#1940,#1941,#1942
      ,#1943,#1944,#1945,#1946,#1947,#1948,#1949,#1950,#1951,#1952,#1953
      ,#1954,#1955)
    ,(#1956,#1957,#1958,#1959,#1960,#1961,#1962,#1963,#1964,#1965,#1966
      ,#1967,#1968,#1969,#1970,#1971,#1972,#1973,#1974,#1975,#1976,#1977
      ,#1978,#1979,#1980,#1981,#1982,#1983,#1984,#1985,#1986,#1987,#1988
      ,#1989,#1990,#1991,#1992,#1993,#1994,#1995,#1996,#1997,#1998,#1999
      ,#2000,#2001,#2002,#2003,#2004,#2005,#2006,#2007,#2008,#2009,#2010
      ,#2011,#2012,#2013,#2014,#2015,#2016,#2017,#2018,#2019,#2020,#2021
      ,#2022,#2023,#2024,#2025,#2026,#2027,#2028,#2029,#2030,#2031,#2032
      ,#2033,#2034,#2035,#2036,#2037,#2038,#2039,#2040,#2041,#2042,#2043
      ,#2044,#2045,#2046,#2047,#2048,#2049,#2050,#2051,#2052,#2053,#2054
      ,#2055,#2056,#2057,#2058,#2059,#2060,#2061,#2062,#2063,#2064,#2065
      ,#2066,#2067,#2068,#2069,#2070,#2071,#2072,#2073,#2074,#2075,#2076
      ,#2077,#2078,#2079,#2080,#2081,#2082,#2083,#2084,#2085,#2086,#2087
      ,#2088,#2089,#2090,#2091,#2092,#2093,#2094,#2095,#2096,#2097,#2098
      ,#2099,#2100,#2101,#2102,#2103,#2104,#2105,#2106,#2107,#2108,#2109
      ,#2110,#2111,#2112,#2113,#2114,#2115,#2116,#2117,#2118,#2119,#2120
      ,#2121,#2122,#2123,#2124,#2125,#2126,#2127,#2128,#2129,#2130,#2131
      ,#2132,#2133,#2134,#2135,#2136,#2137,#2138,#2139,#2140,#2141,#2142
      ,#2143,#2144,#2145,#2146,#2147,#2148,#2149,#2150,#2151,#2152,#2153
      ,#2154,#2155,#2156,#2157,#2158,#2159,#2160,#2161,#2162,#2163,#2164
      ,#2165,#2166,#2167,#2168,#2169,#2170,#2171,#2172,#2173,#2174,#2175
      ,#2176,#2177,#2178,#2179,#2180,#2181,#2182,#2183,#2184,#2185,#2186
      ,#2187,#2188,#2189,#2190,#2191,#2192,#2193,#2194,#2195,#2196,#2197
      ,#2198,#2199,#2200,#2201,#2202,#2203,#2204,#2205,#2206,#2207,#2208
      ,#2209,#2210,#2211,#2212,#2213,#2214,#2215,#2216,#2217,#2218,#2219
      ,#2220,#2221,#2222,#2223,#2224,#2225,#2226,#2227,#2228,#2229,#2230
      ,#2231,#2232,#2233,#2234,#2235,#2236,#2237,#2238,#2239,#2240,#2241
      ,#2242,#2243,#2244,#2245,#2246,#2247,#2248,#2249,#2250,#2251,#2252
      ,#2253,#2254,#2255,#2256,#2257,#2258,#2259,#2260,#2261,#2262,#2263
      ,#2264,#2265,#2266,#2267,#2268,#2269,#2270,#2271,#2272,#2273,#2274
      ,#2275,#2276)
    ,(#2277,#2278,#2279,#2280,#2281,#2282,#2283,#2284,#2285,#2286,#2287
      ,#2288,#2289,#2290,#2291,#2292,#2293,#2294,#2295,#2296,#2297,#2298
      ,#2299,#2300,#2301,#2302,#2303,#2304,#2305,#2306,#2307,#2308,#2309
      ,#2310,#2311,#2312,#2313,#2314,#2315,#2316,#2317,#2318,#2319,#2320
      ,#2321,#2322,#2323,#2324,#2325,#2326,#2327,#2328,#2329,#2330,#2331
      ,#2332,#2333,#2334,#2335,#2336,#2337,#2338,#2339,#2340,#2341,#2342
      ,#2343,#2344,#2345,#2346,#2347,#2348,#2349,#2350,#2351,#2352,#2353
      ,#2354,#2355,#2356,#2357,#2358,#2359,#2360,#2361,#2362,#2363,#2364
      ,#2365,#2366,#2367,#2368,#2369,#2370,#2371,#2372,#2373,#2374,#2375
      ,#2376,#2377,#2378,#2379,#2380,#2381,#2382,#2383,#2384,#2385,#2386
      ,#2387,#2388,#2389,#2390,#2391,#2392,#2393,#2394,#2395,#2396,#2397
      ,#2398,#2399,#2400,#2401,#2402,#2403,#2404,#2405,#2406,#2407,#2408
      ,#2409,#2410,#2411,#2412,#2413,#2414,#2415,#2416,#2417,#2418,#2419
      ,#2420,#2421,#2422,#2423,#2424,#2425,#2426,#2427,#2428,#2429,#2430
      ,#2431,#2432,#2433,#2434,#2435,#2436,#2437,#2438,#2439,#2440,#2441
      ,#2442,#2443,#2444,#2445,#2446,#2447,#2448,#2449,#2450,#2451,#2452
      ,#2453,#2454,#2455,#2456,#2457,#2458,#2459,#2460,#2461,#2462,#2463
      ,#2464,#2465,#2466,#2467,#2468,#2469,#2470,#2471,#2472,#2473,#2474
      ,#2475,#2476,#2477,#2478,#2479,#2480,#2481,#2482,#2483,#2484,#2485
      ,#2486,#2487,#2488,#2489,#2490,#2491,#2492,#2493,#2494,#2495,#2496
      ,#2497,#2498,#2499,#2500,#2501,#2502,#2503,#2504,#2505,#2506,#2507
      ,#2508,#2509,#2510,#2511,#2512,#2513,#2514,#2515,#2516,#2517,#2518
      ,#2519,#2520,#2521,#2522,#2523,#2524,#2525,#2526,#2527,#2528,#2529
      ,#2530,#2531,#2532,#2533,#2534,#2535,#2536,#2537,#2538,#2539,#2540
      ,#2541,#2542,#2543,#2544,#2545,#2546,#2547,#2548,#2549,#2550,#2551
      ,#2552,#2553,#2554,#2555,#2556,#2557,#2558,#2559,#2560,#2561,#2562
      ,#2563,#2564,#2565,#2566,#2567,#2568,#2569,#2570,#2571,#2572,#2573
      ,#2574,#2575,#2576,#2577,#2578,#2579,#2580,#2581,#2582,#2583,#2584
      ,#2585,#2586,#2587,#2588,#2589,#2590,#2591,#2592,#2593,#2594,#2595
      ,#2596,#2597
)),.UNSPECIFIED.,.T.,.F.,.F.) B_SPLINE_SURFACE_WITH_KNOTS((1,6,6,1),(11,
    10,10,10,10,10,10,10,10,10,10,10,10,10,10,10,10,10,10,10,10,10,10,10
    ,10,10,10,10,10,10,10,10,11),(-6.28318530718,0.,6.28318530718,
    12.566370614359),(0.,6.483985636037,12.967971272074,19.451956908111,
    25.935942544149,32.419928180186,38.903913816223,45.38789945226,
    51.871885088297,58.355870724334,64.839856360372,71.323841996409,
    77.807827632446,84.291813268483,90.77579890452,97.259784540557,
    103.74377017659,110.22775581263,116.71174144866,123.1957270847,
    129.67971272074,136.16369835678,142.64768399281,149.13166962885,
    155.61565526489,162.09964090092,168.58362653696,175.067612173,
    181.55159780904,188.03558344507,194.51956908111,201.00355471715,
207.48754035318),.UNSPECIFIED.) GEOMETRIC_REPRESENTATION_ITEM() 
RATIONAL_B_SPLINE_SURFACE((
    (1.669078461068,1.669078461068,1.669078461068,1.669078461068
      ,1.669078461068,1.669078461069,1.669078461068,1.669078461068
      ,1.669078461068,1.669078461068,1.669078461068,1.669078461068
      ,1.669078461068,1.669078461069,1.669078461067,1.66907846107
      ,1.669078461067,1.669078461069,1.669078461068,1.669078461068
      ,1.669078461068,1.669078461068,1.669078461068,1.669078461068
      ,1.669078461068,1.669078461069,1.669078461068,1.669078461068
      ,1.669078461068,1.669078461068,1.669078461068,1.669078461068
      ,1.669078461068,1.669078461068,1.669078461069,1.669078461068
      ,1.669078461069,1.669078461068,1.669078461068,1.669078461068
      ,1.669078461068,1.669078461068,1.669078461069,1.669078461068
      ,1.669078461069,1.669078461067,1.669078461069,1.669078461068
      ,1.669078461068,1.669078461068,1.669078461068,1.669078461068
      ,1.669078461068,1.669078461069,1.669078461068,1.669078461069
      ,1.669078461068,1.669078461068,1.669078461068,1.669078461068
      ,1.669078461068,1.669078461068,1.669078461068,1.669078461069
      ,1.669078461068,1.669078461069,1.669078461068,1.669078461069
      ,1.669078461068,1.669078461068,1.669078461068,1.669078461068
      ,1.669078461068,1.669078461068,1.669078461069,1.669078461068
      ,1.669078461068,1.669078461068,1.669078461068,1.669078461068
      ,1.669078461068,1.669078461068,1.669078461068,1.669078461068
      ,1.669078461068,1.669078461068,1.669078461068,1.669078461068
      ,1.669078461068,1.669078461068,1.669078461068,1.669078461068
      ,1.669078461068,1.669078461068,1.669078461068,1.669078461068
      ,1.669078461068,1.669078461068,1.669078461068,1.669078461068
      ,1.669078461068,1.669078461068,1.669078461068,1.669078461069
      ,1.669078461067,1.669078461069,1.669078461068,1.669078461069
      ,1.669078461068,1.669078461068,1.669078461068,1.669078461068
      ,1.669078461068,1.669078461069,1.669078461067,1.669078461069
      ,1.669078461067,1.669078461069,1.669078461068,1.669078461068
      ,1.669078461068,1.669078461068,1.669078461068,1.669078461068
      ,1.669078461068,1.669078461068,1.669078461068,1.669078461068
      ,1.669078461068,1.669078461068,1.669078461068,1.669078461068
      ,1.669078461068,1.669078461069,1.669078461067,1.66907846107
      ,1.669078461067,1.669078461069,1.669078461068,1.669078461068
      ,1.669078461068,1.669078461068,1.669078461068,1.669078461069
      ,1.669078461067,1.66907846107,1.669078461067,1.669078461069
      ,1.669078461068,1.669078461068,1.669078461068,1.669078461068
      ,1.669078461068,1.669078461068,1.669078461068,1.669078461068
      ,1.669078461068,1.669078461068,1.669078461068,1.669078461068
      ,1.669078461068,1.669078461068,1.669078461068,1.669078461068
      ,1.669078461069,1.669078461068,1.669078461069,1.669078461068
      ,1.669078461068,1.669078461068,1.669078461068,1.669078461068
      ,1.669078461068,1.669078461069,1.669078461067,1.669078461069
      ,1.669078461068,1.669078461069,1.669078461068,1.669078461068
      ,1.669078461068,1.669078461068,1.669078461068,1.669078461069
      ,1.669078461067,1.66907846107,1.669078461067,1.669078461069
      ,1.669078461068,1.669078461068,1.669078461068,1.669078461068
      ,1.669078461068,1.669078461068,1.669078461069,1.669078461068
      ,1.669078461069,1.669078461068,1.669078461068,1.669078461068
      ,1.669078461068,1.669078461068,1.669078461068,1.669078461068
      ,1.669078461068,1.669078461068,1.669078461068,1.669078461068
      ,1.669078461068,1.669078461068,1.669078461068,1.669078461068
      ,1.669078461068,1.669078461069,1.669078461068,1.669078461069
      ,1.669078461068,1.669078461069,1.669078461068,1.669078461068
      ,1.669078461068,1.669078461068,1.669078461068,1.669078461068
      ,1.669078461069,1.669078461067,1.669078461069,1.669078461068
      ,1.669078461068,1.669078461068,1.669078461068,1.669078461068
      ,1.669078461068,1.669078461068,1.669078461068,1.669078461068
      ,1.669078461068,1.669078461068,1.669078461068,1.669078461068
      ,1.669078461068,1.669078461068,1.669078461068,1.669078461068
      ,1.669078461068,1.669078461068,1.669078461068,1.669078461068
      ,1.669078461068,1.669078461068,1.669078461068,1.669078461068
      ,1.669078461068,1.669078461068,1.669078461069,1.669078461068
      ,1.669078461069,1.669078461068,1.669078461068,1.669078461068
      ,1.669078461068,1.669078461068,1.669078461068,1.669078461069
      ,1.669078461067,1.66907846107,1.669078461067,1.669078461069
      ,1.669078461068,1.669078461068,1.669078461068,1.669078461068
      ,1.669078461068,1.669078461068,1.669078461068,1.669078461068
      ,1.669078461068,1.669078461068,1.669078461068,1.669078461068
      ,1.669078461068,1.669078461068,1.669078461068,1.669078461068
      ,1.669078461068,1.669078461068,1.669078461069,1.669078461068
      ,1.669078461068,1.669078461068,1.669078461068,1.669078461068
      ,1.669078461068,1.669078461069,1.669078461067,1.66907846107
      ,1.669078461067,1.669078461069,1.669078461068,1.669078461068
      ,1.669078461068,1.669078461068,1.669078461068,1.669078461068
      ,1.669078461068,1.669078461068,1.669078461068,1.669078461068
      ,1.669078461068,1.669078461068,1.669078461068,1.669078461068
      ,1.669078461068,1.669078461068,1.669078461069,1.669078461068
      ,1.669078461069,1.669078461068,1.669078461068,1.669078461068
      ,1.669078461068)
    ,(1.03672962321,1.03672962321,1.03672962321,1.03672962321
      ,1.036729623209,1.03672962321,1.036729623209,1.03672962321
      ,1.03672962321,1.03672962321,1.03672962321,1.03672962321
      ,1.036729623209,1.03672962321,1.036729623209,1.03672962321
      ,1.036729623209,1.03672962321,1.03672962321,1.03672962321
      ,1.03672962321,1.03672962321,1.03672962321,1.03672962321
      ,1.036729623209,1.03672962321,1.036729623209,1.03672962321
      ,1.03672962321,1.03672962321,1.03672962321,1.03672962321
      ,1.03672962321,1.03672962321,1.03672962321,1.03672962321
      ,1.03672962321,1.03672962321,1.03672962321,1.03672962321
      ,1.03672962321,1.03672962321,1.03672962321,1.036729623209
      ,1.03672962321,1.036729623209,1.03672962321,1.036729623209
      ,1.03672962321,1.03672962321,1.03672962321,1.03672962321
      ,1.036729623209,1.03672962321,1.036729623209,1.03672962321
      ,1.036729623209,1.03672962321,1.03672962321,1.03672962321
      ,1.03672962321,1.03672962321,1.036729623209,1.03672962321
      ,1.036729623209,1.03672962321,1.036729623209,1.03672962321
      ,1.036729623209,1.03672962321,1.03672962321,1.03672962321
      ,1.03672962321,1.036729623209,1.03672962321,1.036729623209
      ,1.03672962321,1.03672962321,1.03672962321,1.03672962321
      ,1.03672962321,1.03672962321,1.03672962321,1.03672962321
      ,1.03672962321,1.03672962321,1.03672962321,1.03672962321
      ,1.03672962321,1.03672962321,1.03672962321,1.03672962321
      ,1.03672962321,1.03672962321,1.036729623209,1.03672962321
      ,1.036729623209,1.03672962321,1.03672962321,1.03672962321
      ,1.03672962321,1.03672962321,1.036729623209,1.03672962321
      ,1.036729623209,1.03672962321,1.036729623209,1.03672962321
      ,1.036729623209,1.03672962321,1.03672962321,1.03672962321
      ,1.036729623209,1.03672962321,1.036729623209,1.03672962321
      ,1.036729623209,1.03672962321,1.036729623209,1.03672962321
      ,1.03672962321,1.03672962321,1.03672962321,1.03672962321
      ,1.03672962321,1.036729623209,1.03672962321,1.036729623209
      ,1.03672962321,1.03672962321,1.03672962321,1.03672962321
      ,1.036729623209,1.03672962321,1.036729623209,1.036729623211
      ,1.036729623209,1.03672962321,1.036729623209,1.03672962321
      ,1.03672962321,1.03672962321,1.036729623209,1.03672962321
      ,1.036729623209,1.036729623211,1.036729623209,1.03672962321
      ,1.036729623209,1.03672962321,1.03672962321,1.03672962321
      ,1.03672962321,1.03672962321,1.03672962321,1.036729623209
      ,1.03672962321,1.036729623209,1.03672962321,1.03672962321
      ,1.03672962321,1.03672962321,1.03672962321,1.036729623209
      ,1.03672962321,1.036729623209,1.03672962321,1.036729623209
      ,1.03672962321,1.03672962321,1.03672962321,1.03672962321
      ,1.036729623209,1.03672962321,1.036729623209,1.03672962321
      ,1.036729623209,1.03672962321,1.03672962321,1.03672962321
      ,1.03672962321,1.03672962321,1.036729623209,1.03672962321
      ,1.036729623209,1.03672962321,1.036729623209,1.03672962321
      ,1.036729623209,1.03672962321,1.03672962321,1.03672962321
      ,1.03672962321,1.036729623209,1.03672962321,1.036729623209
      ,1.03672962321,1.036729623209,1.03672962321,1.03672962321
      ,1.03672962321,1.03672962321,1.03672962321,1.03672962321
      ,1.03672962321,1.036729623209,1.03672962321,1.03672962321
      ,1.03672962321,1.03672962321,1.03672962321,1.03672962321
      ,1.03672962321,1.03672962321,1.036729623209,1.03672962321
      ,1.036729623209,1.03672962321,1.03672962321,1.03672962321
      ,1.03672962321,1.03672962321,1.03672962321,1.036729623209
      ,1.03672962321,1.036729623209,1.03672962321,1.036729623209
      ,1.03672962321,1.03672962321,1.03672962321,1.03672962321
      ,1.03672962321,1.03672962321,1.03672962321,1.036729623209
      ,1.03672962321,1.03672962321,1.03672962321,1.03672962321
      ,1.03672962321,1.03672962321,1.03672962321,1.036729623209
      ,1.03672962321,1.036729623209,1.03672962321,1.036729623209
      ,1.03672962321,1.03672962321,1.03672962321,1.03672962321
      ,1.03672962321,1.036729623209,1.03672962321,1.036729623209
      ,1.03672962321,1.036729623209,1.03672962321,1.03672962321
      ,1.03672962321,1.03672962321,1.036729623209,1.03672962321
      ,1.036729623209,1.03672962321,1.036729623209,1.03672962321
      ,1.03672962321,1.03672962321,1.03672962321,1.03672962321
      ,1.03672962321,1.036729623209,1.03672962321,1.036729623209
      ,1.03672962321,1.03672962321,1.03672962321,1.03672962321
      ,1.03672962321,1.03672962321,1.03672962321,1.03672962321
      ,1.03672962321,1.036729623209,1.03672962321,1.036729623209
      ,1.03672962321,1.03672962321,1.03672962321,1.03672962321
      ,1.036729623209,1.03672962321,1.036729623209,1.03672962321
      ,1.036729623209,1.03672962321,1.03672962321,1.03672962321
      ,1.03672962321,1.03672962321,1.03672962321,1.036729623209
      ,1.03672962321,1.036729623209,1.03672962321,1.03672962321
      ,1.03672962321,1.03672962321,1.03672962321,1.03672962321
      ,1.03672962321,1.03672962321,1.03672962321,1.036729623209
      ,1.03672962321,1.036729623209,1.03672962321,1.03672962321
      ,1.03672962321)
    ,(1.038346699848,1.038346699848,1.038346699847,1.038346699848
      ,1.038346699847,1.038346699848,1.038346699847,1.038346699848
      ,1.038346699847,1.038346699848,1.038346699848,1.038346699848
      ,1.038346699847,1.038346699848,1.038346699847,1.038346699848
      ,1.038346699847,1.038346699848,1.038346699847,1.038346699848
      ,1.038346699848,1.038346699848,1.038346699847,1.038346699848
      ,1.038346699847,1.038346699848,1.038346699847,1.038346699848
      ,1.038346699847,1.038346699848,1.038346699848,1.038346699847
      ,1.038346699848,1.038346699847,1.038346699848,1.038346699847
      ,1.038346699848,1.038346699847,1.038346699848,1.038346699847
      ,1.038346699848,1.038346699847,1.038346699848,1.038346699847
      ,1.038346699848,1.038346699847,1.038346699848,1.038346699847
      ,1.038346699848,1.038346699847,1.038346699848,1.038346699848
      ,1.038346699847,1.038346699848,1.038346699847,1.038346699848
      ,1.038346699847,1.038346699848,1.038346699847,1.038346699848
      ,1.038346699848,1.038346699848,1.038346699847,1.038346699848
      ,1.038346699847,1.038346699848,1.038346699847,1.038346699848
      ,1.038346699847,1.038346699848,1.038346699848,1.038346699847
      ,1.038346699848,1.038346699847,1.038346699848,1.038346699847
      ,1.038346699848,1.038346699847,1.038346699848,1.038346699847
      ,1.038346699848,1.038346699847,1.038346699848,1.038346699847
      ,1.038346699848,1.038346699847,1.038346699848,1.038346699847
      ,1.038346699848,1.038346699848,1.038346699848,1.038346699847
      ,1.038346699848,1.038346699847,1.038346699848,1.038346699847
      ,1.038346699847,1.038346699848,1.038346699847,1.038346699848
      ,1.038346699848,1.038346699848,1.038346699847,1.038346699848
      ,1.038346699847,1.038346699848,1.038346699847,1.038346699848
      ,1.038346699847,1.038346699848,1.038346699848,1.038346699848
      ,1.038346699847,1.038346699848,1.038346699847,1.038346699849
      ,1.038346699847,1.038346699848,1.038346699847,1.038346699848
      ,1.038346699848,1.038346699848,1.038346699848,1.038346699847
      ,1.038346699848,1.038346699847,1.038346699848,1.038346699847
      ,1.038346699848,1.038346699847,1.038346699848,1.038346699848
      ,1.038346699847,1.038346699848,1.038346699847,1.038346699848
      ,1.038346699847,1.038346699848,1.038346699847,1.038346699848
      ,1.038346699848,1.038346699848,1.038346699847,1.038346699848
      ,1.038346699847,1.038346699848,1.038346699847,1.038346699848
      ,1.038346699847,1.038346699848,1.038346699848,1.038346699848
      ,1.038346699848,1.038346699847,1.038346699848,1.038346699847
      ,1.038346699848,1.038346699847,1.038346699848,1.038346699847
      ,1.038346699848,1.038346699847,1.038346699848,1.038346699847
      ,1.038346699848,1.038346699847,1.038346699848,1.038346699847
      ,1.038346699848,1.038346699847,1.038346699848,1.038346699848
      ,1.038346699847,1.038346699848,1.038346699847,1.038346699848
      ,1.038346699847,1.038346699848,1.038346699847,1.038346699848
      ,1.038346699848,1.038346699848,1.038346699847,1.038346699848
      ,1.038346699847,1.038346699848,1.038346699847,1.038346699848
      ,1.038346699847,1.038346699848,1.038346699848,1.038346699847
      ,1.038346699848,1.038346699847,1.038346699848,1.038346699847
      ,1.038346699848,1.038346699847,1.038346699848,1.038346699847
      ,1.038346699848,1.038346699848,1.038346699847,1.038346699848
      ,1.038346699847,1.038346699848,1.038346699847,1.038346699848
      ,1.038346699847,1.038346699848,1.038346699848,1.038346699848
      ,1.038346699847,1.038346699848,1.038346699847,1.038346699848
      ,1.038346699847,1.038346699848,1.038346699847,1.038346699848
      ,1.038346699848,1.038346699847,1.038346699848,1.038346699847
      ,1.038346699848,1.038346699847,1.038346699848,1.038346699847
      ,1.038346699848,1.038346699847,1.038346699848,1.038346699848
      ,1.038346699847,1.038346699848,1.038346699847,1.038346699848
      ,1.038346699847,1.038346699848,1.038346699847,1.038346699848
      ,1.038346699848,1.038346699847,1.038346699848,1.038346699847
      ,1.038346699848,1.038346699847,1.038346699848,1.038346699847
      ,1.038346699848,1.038346699848,1.038346699848,1.038346699847
      ,1.038346699848,1.038346699847,1.038346699848,1.038346699847
      ,1.038346699848,1.038346699847,1.038346699848,1.038346699847
      ,1.038346699848,1.038346699848,1.038346699847,1.038346699848
      ,1.038346699847,1.038346699848,1.038346699847,1.038346699848
      ,1.038346699847,1.038346699848,1.038346699848,1.038346699847
      ,1.038346699848,1.038346699847,1.038346699848,1.038346699847
      ,1.038346699848,1.038346699847,1.038346699848,1.038346699848
      ,1.038346699848,1.038346699848,1.038346699847,1.038346699848
      ,1.038346699848,1.038346699847,1.038346699848,1.038346699847
      ,1.038346699848,1.038346699848,1.038346699848,1.038346699848
      ,1.038346699847,1.038346699848,1.038346699847,1.038346699848
      ,1.038346699847,1.038346699848,1.038346699847,1.038346699848
      ,1.038346699848,1.038346699847,1.038346699848,1.038346699847
      ,1.038346699848,1.038346699847,1.038346699848,1.038346699847
      ,1.038346699848,1.038346699848,1.038346699848,1.038346699848
      ,1.038346699847,1.038346699848,1.038346699847,1.038346699847
      ,1.038346699848,1.038346699847,1.038346699848,1.038346699848
      ,1.038346699848)
    ,(0.853534330196,0.853534330196,0.853534330196,0.853534330196
      ,0.853534330196,0.853534330196,0.853534330196,0.853534330196
      ,0.853534330196,0.853534330196,0.853534330196,0.853534330196
      ,0.853534330196,0.853534330197,0.853534330195,0.853534330197
      ,0.853534330196,0.853534330196,0.853534330196,0.853534330196
      ,0.853534330196,0.853534330196,0.853534330196,0.853534330196
      ,0.853534330196,0.853534330196,0.853534330196,0.853534330196
      ,0.853534330196,0.853534330196,0.853534330196,0.853534330196
      ,0.853534330196,0.853534330196,0.853534330196,0.853534330196
      ,0.853534330196,0.853534330196,0.853534330196,0.853534330196
      ,0.853534330196,0.853534330196,0.853534330196,0.853534330196
      ,0.853534330196,0.853534330196,0.853534330196,0.853534330196
      ,0.853534330196,0.853534330196,0.853534330196,0.853534330196
      ,0.853534330196,0.853534330196,0.853534330196,0.853534330196
      ,0.853534330196,0.853534330196,0.853534330196,0.853534330196
      ,0.853534330196,0.853534330196,0.853534330196,0.853534330196
      ,0.853534330196,0.853534330196,0.853534330196,0.853534330196
      ,0.853534330196,0.853534330196,0.853534330196,0.853534330196
      ,0.853534330196,0.853534330196,0.853534330196,0.853534330196
      ,0.853534330196,0.853534330196,0.853534330196,0.853534330196
      ,0.853534330196,0.853534330196,0.853534330196,0.853534330196
      ,0.853534330196,0.853534330196,0.853534330196,0.853534330196
      ,0.853534330196,0.853534330196,0.853534330196,0.853534330196
      ,0.853534330196,0.853534330196,0.853534330196,0.853534330196
      ,0.853534330196,0.853534330196,0.853534330196,0.853534330196
      ,0.853534330196,0.853534330196,0.853534330196,0.853534330196
      ,0.853534330196,0.853534330197,0.853534330196,0.853534330196
      ,0.853534330196,0.853534330196,0.853534330196,0.853534330196
      ,0.853534330196,0.853534330197,0.853534330195,0.853534330197
      ,0.853534330196,0.853534330197,0.853534330196,0.853534330196
      ,0.853534330196,0.853534330196,0.853534330196,0.853534330196
      ,0.853534330196,0.853534330196,0.853534330197,0.853534330196
      ,0.853534330196,0.853534330196,0.853534330196,0.853534330196
      ,0.853534330196,0.853534330196,0.853534330196,0.853534330197
      ,0.853534330196,0.853534330196,0.853534330196,0.853534330196
      ,0.853534330196,0.853534330196,0.853534330196,0.853534330197
      ,0.853534330195,0.853534330197,0.853534330196,0.853534330196
      ,0.853534330196,0.853534330196,0.853534330196,0.853534330196
      ,0.853534330196,0.853534330196,0.853534330196,0.853534330196
      ,0.853534330197,0.853534330196,0.853534330196,0.853534330196
      ,0.853534330196,0.853534330196,0.853534330196,0.853534330196
      ,0.853534330196,0.853534330196,0.853534330196,0.853534330196
      ,0.853534330196,0.853534330196,0.853534330196,0.853534330196
      ,0.853534330196,0.853534330196,0.853534330196,0.853534330196
      ,0.853534330196,0.853534330196,0.853534330196,0.853534330196
      ,0.853534330196,0.853534330196,0.853534330196,0.853534330197
      ,0.853534330195,0.853534330197,0.853534330196,0.853534330196
      ,0.853534330196,0.853534330196,0.853534330196,0.853534330196
      ,0.853534330196,0.853534330196,0.853534330196,0.853534330196
      ,0.853534330196,0.853534330196,0.853534330196,0.853534330196
      ,0.853534330196,0.853534330196,0.853534330196,0.853534330196
      ,0.853534330196,0.853534330196,0.853534330196,0.853534330196
      ,0.853534330196,0.853534330196,0.853534330196,0.853534330196
      ,0.853534330196,0.853534330196,0.853534330196,0.853534330196
      ,0.853534330196,0.853534330196,0.853534330196,0.853534330196
      ,0.853534330196,0.853534330196,0.853534330196,0.853534330196
      ,0.853534330197,0.853534330195,0.853534330197,0.853534330196
      ,0.853534330196,0.853534330196,0.853534330196,0.853534330196
      ,0.853534330196,0.853534330196,0.853534330196,0.853534330196
      ,0.853534330196,0.853534330196,0.853534330196,0.853534330196
      ,0.853534330196,0.853534330196,0.853534330196,0.853534330196
      ,0.853534330196,0.853534330196,0.853534330196,0.853534330196
      ,0.853534330196,0.853534330196,0.853534330196,0.853534330196
      ,0.853534330196,0.853534330196,0.853534330197,0.853534330196
      ,0.853534330197,0.853534330196,0.853534330196,0.853534330196
      ,0.853534330196,0.853534330196,0.853534330196,0.853534330196
      ,0.853534330196,0.853534330197,0.853534330196,0.853534330196
      ,0.853534330196,0.853534330196,0.853534330196,0.853534330196
      ,0.853534330196,0.853534330196,0.853534330196,0.853534330196
      ,0.853534330196,0.853534330196,0.853534330196,0.853534330196
      ,0.853534330196,0.853534330196,0.853534330196,0.853534330196
      ,0.853534330196,0.853534330196,0.853534330196,0.853534330196
      ,0.853534330196,0.853534330196,0.853534330196,0.853534330196
      ,0.853534330196,0.853534330196,0.853534330196,0.853534330197
      ,0.853534330196,0.853534330196,0.853534330196,0.853534330196
      ,0.853534330196,0.853534330196,0.853534330196,0.853534330196
      ,0.853534330196,0.853534330196,0.853534330196,0.853534330196
      ,0.853534330196,0.853534330196,0.853534330196,0.853534330196
      ,0.853534330196,0.853534330196,0.853534330196,0.853534330196
      ,0.853534330196,0.853534330196,0.853534330196,0.853534330196
      ,0.853534330196)
    ,(1.038346699848,1.038346699848,1.038346699847,1.038346699848
      ,1.038346699847,1.038346699848,1.038346699847,1.038346699848
      ,1.038346699847,1.038346699848,1.038346699848,1.038346699848
      ,1.038346699847,1.038346699848,1.038346699847,1.038346699848
      ,1.038346699847,1.038346699848,1.038346699847,1.038346699848
      ,1.038346699848,1.038346699848,1.038346699847,1.038346699848
      ,1.038346699847,1.038346699848,1.038346699847,1.038346699848
      ,1.038346699847,1.038346699848,1.038346699848,1.038346699847
      ,1.038346699848,1.038346699847,1.038346699848,1.038346699847
      ,1.038346699848,1.038346699847,1.038346699848,1.038346699847
      ,1.038346699848,1.038346699847,1.038346699848,1.038346699847
      ,1.038346699848,1.038346699847,1.038346699848,1.038346699847
      ,1.038346699848,1.038346699847,1.038346699848,1.038346699848
      ,1.038346699847,1.038346699848,1.038346699847,1.038346699848
      ,1.038346699847,1.038346699848,1.038346699847,1.038346699848
      ,1.038346699848,1.038346699848,1.038346699847,1.038346699848
      ,1.038346699847,1.038346699848,1.038346699847,1.038346699848
      ,1.038346699847,1.038346699848,1.038346699848,1.038346699847
      ,1.038346699848,1.038346699847,1.038346699848,1.038346699847
      ,1.038346699848,1.038346699847,1.038346699848,1.038346699847
      ,1.038346699848,1.038346699847,1.038346699848,1.038346699847
      ,1.038346699848,1.038346699847,1.038346699848,1.038346699848
      ,1.038346699847,1.038346699848,1.038346699848,1.038346699847
      ,1.038346699848,1.038346699847,1.038346699848,1.038346699847
      ,1.038346699848,1.038346699848,1.038346699847,1.038346699848
      ,1.038346699848,1.038346699848,1.038346699847,1.038346699848
      ,1.038346699847,1.038346699848,1.038346699847,1.038346699848
      ,1.038346699847,1.038346699848,1.038346699848,1.038346699848
      ,1.038346699847,1.038346699848,1.038346699847,1.038346699848
      ,1.038346699847,1.038346699848,1.038346699847,1.038346699848
      ,1.038346699848,1.038346699848,1.038346699847,1.038346699848
      ,1.038346699848,1.038346699847,1.038346699848,1.038346699847
      ,1.038346699848,1.038346699847,1.038346699848,1.038346699848
      ,1.038346699847,1.038346699848,1.038346699847,1.038346699848
      ,1.038346699847,1.038346699848,1.038346699847,1.038346699848
      ,1.038346699848,1.038346699848,1.038346699847,1.038346699848
      ,1.038346699847,1.038346699848,1.038346699847,1.038346699848
      ,1.038346699847,1.038346699848,1.038346699848,1.038346699848
      ,1.038346699847,1.038346699848,1.038346699848,1.038346699847
      ,1.038346699848,1.038346699847,1.038346699848,1.038346699847
      ,1.038346699848,1.038346699847,1.038346699848,1.038346699847
      ,1.038346699848,1.038346699847,1.038346699848,1.038346699847
      ,1.038346699848,1.038346699848,1.038346699848,1.038346699848
      ,1.038346699847,1.038346699848,1.038346699847,1.038346699848
      ,1.038346699847,1.038346699848,1.038346699847,1.038346699848
      ,1.038346699848,1.038346699848,1.038346699847,1.038346699848
      ,1.038346699847,1.038346699848,1.038346699847,1.038346699848
      ,1.038346699847,1.038346699848,1.038346699848,1.038346699847
      ,1.038346699848,1.038346699847,1.038346699848,1.038346699847
      ,1.038346699848,1.038346699847,1.038346699848,1.038346699847
      ,1.038346699848,1.038346699848,1.038346699847,1.038346699848
      ,1.038346699847,1.038346699848,1.038346699847,1.038346699848
      ,1.038346699847,1.038346699848,1.038346699848,1.038346699848
      ,1.038346699847,1.038346699848,1.038346699847,1.038346699848
      ,1.038346699847,1.038346699848,1.038346699847,1.038346699848
      ,1.038346699848,1.038346699847,1.038346699848,1.038346699847
      ,1.038346699848,1.038346699847,1.038346699848,1.038346699847
      ,1.038346699848,1.038346699847,1.038346699848,1.038346699848
      ,1.038346699847,1.038346699848,1.038346699847,1.038346699848
      ,1.038346699847,1.038346699848,1.038346699847,1.038346699848
      ,1.038346699848,1.038346699847,1.038346699848,1.038346699847
      ,1.038346699848,1.038346699847,1.038346699848,1.038346699847
      ,1.038346699848,1.038346699847,1.038346699848,1.038346699847
      ,1.038346699848,1.038346699847,1.038346699848,1.038346699847
      ,1.038346699848,1.038346699847,1.038346699848,1.038346699847
      ,1.038346699848,1.038346699848,1.038346699847,1.038346699848
      ,1.038346699847,1.038346699848,1.038346699847,1.038346699848
      ,1.038346699847,1.038346699848,1.038346699848,1.038346699847
      ,1.038346699848,1.038346699847,1.038346699848,1.038346699847
      ,1.038346699848,1.038346699847,1.038346699848,1.038346699848
      ,1.038346699848,1.038346699848,1.038346699848,1.038346699847
      ,1.038346699848,1.038346699847,1.038346699848,1.038346699847
      ,1.038346699848,1.038346699847,1.038346699848,1.038346699848
      ,1.038346699847,1.038346699848,1.038346699847,1.038346699848
      ,1.038346699847,1.038346699848,1.038346699847,1.038346699848
      ,1.038346699848,1.038346699847,1.038346699848,1.038346699847
      ,1.038346699848,1.038346699847,1.038346699848,1.038346699847
      ,1.038346699848,1.038346699848,1.038346699848,1.038346699848
      ,1.038346699848,1.038346699847,1.038346699848,1.038346699847
      ,1.038346699848,1.038346699847,1.038346699848,1.038346699847
      ,1.038346699848)
    ,(1.03672962321,1.03672962321,1.03672962321,1.03672962321
      ,1.036729623209,1.03672962321,1.036729623209,1.03672962321
      ,1.03672962321,1.03672962321,1.03672962321,1.03672962321
      ,1.036729623209,1.03672962321,1.036729623209,1.03672962321
      ,1.036729623209,1.03672962321,1.036729623209,1.03672962321
      ,1.03672962321,1.03672962321,1.036729623209,1.03672962321
      ,1.036729623209,1.03672962321,1.036729623209,1.03672962321
      ,1.036729623209,1.03672962321,1.03672962321,1.03672962321
      ,1.03672962321,1.036729623209,1.03672962321,1.036729623209
      ,1.03672962321,1.036729623209,1.03672962321,1.03672962321
      ,1.03672962321,1.03672962321,1.03672962321,1.036729623209
      ,1.03672962321,1.036729623209,1.03672962321,1.036729623209
      ,1.03672962321,1.03672962321,1.03672962321,1.03672962321
      ,1.036729623209,1.03672962321,1.036729623209,1.03672962321
      ,1.036729623209,1.03672962321,1.03672962321,1.03672962321
      ,1.03672962321,1.03672962321,1.03672962321,1.03672962321
      ,1.036729623209,1.03672962321,1.036729623209,1.03672962321
      ,1.03672962321,1.03672962321,1.03672962321,1.03672962321
      ,1.03672962321,1.03672962321,1.03672962321,1.036729623209
      ,1.03672962321,1.03672962321,1.03672962321,1.03672962321
      ,1.03672962321,1.03672962321,1.03672962321,1.03672962321
      ,1.03672962321,1.03672962321,1.036729623209,1.03672962321
      ,1.03672962321,1.03672962321,1.03672962321,1.03672962321
      ,1.03672962321,1.03672962321,1.036729623209,1.03672962321
      ,1.036729623209,1.03672962321,1.03672962321,1.03672962321
      ,1.03672962321,1.03672962321,1.036729623209,1.03672962321
      ,1.036729623209,1.03672962321,1.036729623209,1.03672962321
      ,1.03672962321,1.03672962321,1.03672962321,1.03672962321
      ,1.036729623209,1.03672962321,1.036729623209,1.03672962321
      ,1.036729623209,1.03672962321,1.036729623209,1.03672962321
      ,1.03672962321,1.03672962321,1.03672962321,1.03672962321
      ,1.03672962321,1.036729623209,1.03672962321,1.036729623209
      ,1.03672962321,1.03672962321,1.03672962321,1.03672962321
      ,1.036729623209,1.03672962321,1.036729623209,1.036729623211
      ,1.036729623209,1.03672962321,1.036729623209,1.03672962321
      ,1.03672962321,1.03672962321,1.036729623209,1.03672962321
      ,1.036729623209,1.03672962321,1.036729623209,1.03672962321
      ,1.036729623209,1.03672962321,1.03672962321,1.03672962321
      ,1.03672962321,1.03672962321,1.03672962321,1.036729623209
      ,1.03672962321,1.036729623209,1.03672962321,1.03672962321
      ,1.03672962321,1.03672962321,1.03672962321,1.036729623209
      ,1.03672962321,1.036729623209,1.03672962321,1.036729623209
      ,1.03672962321,1.03672962321,1.03672962321,1.03672962321
      ,1.036729623209,1.03672962321,1.036729623209,1.03672962321
      ,1.036729623209,1.03672962321,1.03672962321,1.03672962321
      ,1.03672962321,1.03672962321,1.036729623209,1.03672962321
      ,1.036729623209,1.03672962321,1.036729623209,1.03672962321
      ,1.03672962321,1.03672962321,1.03672962321,1.03672962321
      ,1.03672962321,1.036729623209,1.03672962321,1.036729623209
      ,1.03672962321,1.036729623209,1.03672962321,1.03672962321
      ,1.03672962321,1.03672962321,1.03672962321,1.03672962321
      ,1.03672962321,1.036729623209,1.03672962321,1.03672962321
      ,1.03672962321,1.03672962321,1.03672962321,1.03672962321
      ,1.036729623209,1.03672962321,1.036729623209,1.03672962321
      ,1.036729623209,1.03672962321,1.03672962321,1.03672962321
      ,1.03672962321,1.03672962321,1.03672962321,1.036729623209
      ,1.03672962321,1.036729623209,1.03672962321,1.036729623209
      ,1.03672962321,1.03672962321,1.03672962321,1.03672962321
      ,1.03672962321,1.03672962321,1.03672962321,1.036729623209
      ,1.03672962321,1.03672962321,1.03672962321,1.03672962321
      ,1.03672962321,1.03672962321,1.03672962321,1.036729623209
      ,1.03672962321,1.036729623209,1.03672962321,1.036729623209
      ,1.03672962321,1.03672962321,1.03672962321,1.03672962321
      ,1.03672962321,1.036729623209,1.03672962321,1.036729623209
      ,1.03672962321,1.036729623209,1.03672962321,1.03672962321
      ,1.03672962321,1.03672962321,1.036729623209,1.03672962321
      ,1.036729623209,1.03672962321,1.036729623209,1.03672962321
      ,1.03672962321,1.03672962321,1.03672962321,1.03672962321
      ,1.03672962321,1.036729623209,1.03672962321,1.036729623209
      ,1.03672962321,1.036729623209,1.03672962321,1.03672962321
      ,1.03672962321,1.03672962321,1.03672962321,1.036729623209
      ,1.03672962321,1.036729623209,1.03672962321,1.036729623209
      ,1.03672962321,1.03672962321,1.03672962321,1.03672962321
      ,1.036729623209,1.03672962321,1.036729623209,1.03672962321
      ,1.036729623209,1.03672962321,1.03672962321,1.03672962321
      ,1.03672962321,1.03672962321,1.03672962321,1.036729623209
      ,1.03672962321,1.036729623209,1.03672962321,1.036729623209
      ,1.03672962321,1.03672962321,1.03672962321,1.03672962321
      ,1.03672962321,1.03672962321,1.03672962321,1.036729623209
      ,1.03672962321,1.036729623209,1.03672962321,1.03672962321
      ,1.03672962321)
    ,(1.669078461068,1.669078461068,1.669078461068,1.669078461068
      ,1.669078461068,1.669078461069,1.669078461068,1.669078461068
      ,1.669078461068,1.669078461068,1.669078461068,1.669078461068
      ,1.669078461068,1.669078461069,1.669078461067,1.66907846107
      ,1.669078461067,1.669078461069,1.669078461068,1.669078461068
      ,1.669078461068,1.669078461068,1.669078461068,1.669078461068
      ,1.669078461068,1.669078461069,1.669078461068,1.669078461068
      ,1.669078461068,1.669078461068,1.669078461068,1.669078461068
      ,1.669078461068,1.669078461068,1.669078461069,1.669078461068
      ,1.669078461069,1.669078461068,1.669078461068,1.669078461068
      ,1.669078461068,1.669078461068,1.669078461069,1.669078461068
      ,1.669078461069,1.669078461067,1.669078461069,1.669078461068
      ,1.669078461068,1.669078461068,1.669078461068,1.669078461068
      ,1.669078461068,1.669078461069,1.669078461068,1.669078461069
      ,1.669078461068,1.669078461068,1.669078461068,1.669078461068
      ,1.669078461068,1.669078461068,1.669078461068,1.669078461069
      ,1.669078461068,1.669078461069,1.669078461068,1.669078461069
      ,1.669078461068,1.669078461068,1.669078461068,1.669078461068
      ,1.669078461068,1.669078461068,1.669078461069,1.669078461068
      ,1.669078461068,1.669078461068,1.669078461068,1.669078461068
      ,1.669078461068,1.669078461068,1.669078461068,1.669078461068
      ,1.669078461068,1.669078461068,1.669078461068,1.669078461068
      ,1.669078461068,1.669078461068,1.669078461068,1.669078461068
      ,1.669078461068,1.669078461068,1.669078461068,1.669078461068
      ,1.669078461068,1.669078461068,1.669078461068,1.669078461068
      ,1.669078461068,1.669078461068,1.669078461068,1.669078461069
      ,1.669078461067,1.669078461069,1.669078461068,1.669078461069
      ,1.669078461068,1.669078461068,1.669078461068,1.669078461068
      ,1.669078461068,1.669078461069,1.669078461067,1.669078461069
      ,1.669078461067,1.669078461069,1.669078461068,1.669078461068
      ,1.669078461068,1.669078461068,1.669078461068,1.669078461068
      ,1.669078461068,1.669078461068,1.669078461068,1.669078461068
      ,1.669078461068,1.669078461068,1.669078461068,1.669078461068
      ,1.669078461068,1.669078461069,1.669078461067,1.66907846107
      ,1.669078461067,1.669078461069,1.669078461068,1.669078461068
      ,1.669078461068,1.669078461068,1.669078461068,1.669078461069
      ,1.669078461067,1.66907846107,1.669078461067,1.669078461069
      ,1.669078461068,1.669078461068,1.669078461068,1.669078461068
      ,1.669078461068,1.669078461068,1.669078461068,1.669078461068
      ,1.669078461068,1.669078461068,1.669078461068,1.669078461068
      ,1.669078461068,1.669078461068,1.669078461068,1.669078461068
      ,1.669078461069,1.669078461068,1.669078461069,1.669078461068
      ,1.669078461068,1.669078461068,1.669078461068,1.669078461068
      ,1.669078461068,1.669078461069,1.669078461067,1.669078461069
      ,1.669078461068,1.669078461069,1.669078461068,1.669078461068
      ,1.669078461068,1.669078461068,1.669078461068,1.669078461069
      ,1.669078461067,1.66907846107,1.669078461067,1.669078461069
      ,1.669078461068,1.669078461068,1.669078461068,1.669078461068
      ,1.669078461068,1.669078461068,1.669078461069,1.669078461068
      ,1.669078461069,1.669078461068,1.669078461068,1.669078461068
      ,1.669078461068,1.669078461068,1.669078461068,1.669078461068
      ,1.669078461068,1.669078461068,1.669078461068,1.669078461068
      ,1.669078461068,1.669078461068,1.669078461068,1.669078461068
      ,1.669078461068,1.669078461069,1.669078461068,1.669078461069
      ,1.669078461068,1.669078461069,1.669078461068,1.669078461068
      ,1.669078461068,1.669078461068,1.669078461068,1.669078461068
      ,1.669078461069,1.669078461067,1.669078461069,1.669078461068
      ,1.669078461068,1.669078461068,1.669078461068,1.669078461068
      ,1.669078461068,1.669078461068,1.669078461068,1.669078461068
      ,1.669078461068,1.669078461068,1.669078461068,1.669078461068
      ,1.669078461068,1.669078461068,1.669078461068,1.669078461068
      ,1.669078461068,1.669078461068,1.669078461068,1.669078461068
      ,1.669078461068,1.669078461068,1.669078461068,1.669078461068
      ,1.669078461068,1.669078461068,1.669078461069,1.669078461068
      ,1.669078461069,1.669078461068,1.669078461068,1.669078461068
      ,1.669078461068,1.669078461068,1.669078461068,1.669078461069
      ,1.669078461067,1.66907846107,1.669078461067,1.669078461069
      ,1.669078461068,1.669078461068,1.669078461068,1.669078461068
      ,1.669078461068,1.669078461068,1.669078461068,1.669078461068
      ,1.669078461068,1.669078461068,1.669078461068,1.669078461068
      ,1.669078461068,1.669078461068,1.669078461068,1.669078461068
      ,1.669078461068,1.669078461068,1.669078461069,1.669078461068
      ,1.669078461068,1.669078461068,1.669078461068,1.669078461068
      ,1.669078461068,1.669078461069,1.669078461067,1.66907846107
      ,1.669078461067,1.669078461069,1.669078461068,1.669078461068
      ,1.669078461068,1.669078461068,1.669078461068,1.669078461068
      ,1.669078461068,1.669078461068,1.669078461068,1.669078461068
      ,1.669078461068,1.669078461068,1.669078461068,1.669078461068
      ,1.669078461068,1.669078461068,1.669078461069,1.669078461068
      ,1.669078461069,1.669078461068,1.669078461068,1.669078461068
,1.669078461068))) REPRESENTATION_ITEM('') SURFACE() );
#351 = CARTESIAN_POINT('',(4.864967545899,0.160893142279,-2.946313787466
    ));
#352 = CARTESIAN_POINT('',(4.776542768523,2.835549899711,-2.602563702717
    ));
#353 = CARTESIAN_POINT('',(3.054416808486,5.456694778679,-2.258814247019
    ));
#354 = CARTESIAN_POINT('',(-0.266669108226,6.896834576081,
    -1.915062506779));
#355 = CARTESIAN_POINT('',(-4.2545603471,6.082695353338,-1.571316054993)
  );
#356 = CARTESIAN_POINT('',(-7.18078348368,2.700095134879,-1.227561059441
    ));
#357 = CARTESIAN_POINT('',(-7.208075438361,-1.7731601864,-0.883816057355
    ));
#358 = CARTESIAN_POINT('',(-4.744699437485,-5.012410700585,
    -0.540062503998));
#359 = CARTESIAN_POINT('',(-1.297212482981,-6.117467362143,
    -0.196314248635));
#360 = CARTESIAN_POINT('',(1.725089810126,-5.280089008996,0.147436297736
    ));
#361 = CARTESIAN_POINT('',(3.553820173913,-3.326282910009,0.491186212534
    ));
#362 = CARTESIAN_POINT('',(5.382562344713,-1.372489219758,0.834936297283
    ));
#363 = CARTESIAN_POINT('',(6.01826471876,1.698667042976,1.178685752978)
  );
#364 = CARTESIAN_POINT('',(4.688234962631,5.065362032318,1.522437493229)
  );
#365 = CARTESIAN_POINT('',(1.292686659946,7.309543604497,1.866183944994)
  );
#366 = CARTESIAN_POINT('',(-3.168325115936,6.986836275437,2.209938940577
    ));
#367 = CARTESIAN_POINT('',(-6.350692613617,3.843065429674,2.553683942628
    ));
#368 = CARTESIAN_POINT('',(-6.899318743458,-0.189300449424,
    2.897437496014));
#369 = CARTESIAN_POINT('',(-5.242970398802,-3.408434912161,3.24118575136
    ));
#370 = CARTESIAN_POINT('',(-2.513764040635,-4.953409446406,
    3.584936297737));
#371 = CARTESIAN_POINT('',(0.160893142279,-4.864967545906,3.928686212534
    ));
#372 = CARTESIAN_POINT('',(2.83554989971,-4.776542768496,4.272436297283)
  );
#373 = CARTESIAN_POINT('',(5.456694778674,-3.054416808549,4.616185752977
    ));
#374 = CARTESIAN_POINT('',(6.896834576099,0.266669108334,4.959937493233)
  );
#375 = CARTESIAN_POINT('',(6.082695353307,4.254560346963,5.303683944988)
  );
#376 = CARTESIAN_POINT('',(2.700095134907,7.180783483811,5.647438940582)
  );
#377 = CARTESIAN_POINT('',(-1.773160186411,7.208075438274,5.991183942625
    ));
#378 = CARTESIAN_POINT('',(-5.012410700594,4.744699437518,6.334937496015
    ));
#379 = CARTESIAN_POINT('',(-6.117467362126,1.297212482984,6.678685751359
    ));
#380 = CARTESIAN_POINT('',(-5.280089009011,-1.72508981014,7.022436297738
    ));
#381 = CARTESIAN_POINT('',(-3.32628291,-3.553820173903,7.366186212534));
#382 = CARTESIAN_POINT('',(-1.372489219795,-5.382562344753,
    7.709936297284));
#383 = CARTESIAN_POINT('',(1.698667043078,-6.018264718666,8.053685752975
    ));
#384 = CARTESIAN_POINT('',(5.065362032116,-4.688234962793,8.397437493234
    ));
#385 = CARTESIAN_POINT('',(7.309543604796,-1.292686659733,8.74118394499)
  );
#386 = CARTESIAN_POINT('',(6.986836275104,3.168325115721,9.084938940577)
  );
#387 = CARTESIAN_POINT('',(3.84306542995,6.35069261378,9.42868394263));
#388 = CARTESIAN_POINT('',(-0.189300449586,6.899318743371,9.772437496012
    ));
#389 = CARTESIAN_POINT('',(-3.408434912105,5.242970398829,
    10.116185751361));
#390 = CARTESIAN_POINT('',(-4.953409446405,2.513764040633,
    10.459936297737));
#391 = CARTESIAN_POINT('',(-4.864967545922,-0.16089314228,
    10.803686212534));
#392 = CARTESIAN_POINT('',(-4.776542364806,-2.835550303351,
    11.14743629729));
#393 = CARTESIAN_POINT('',(-3.054418538902,-5.456693048412,
    11.491185752946));
#394 = CARTESIAN_POINT('',(0.266673577064,-6.896839044698,11.83493749331
    ));
#395 = CARTESIAN_POINT('',(4.254551885133,-6.082686891631,
    12.178683944845));
#396 = CARTESIAN_POINT('',(7.180796049824,-2.700107700767,
    12.522438940786));
#397 = CARTESIAN_POINT('',(7.208060359158,1.773175265398,12.866183942389
    ));
#398 = CARTESIAN_POINT('',(4.74471424542,5.01239589278,13.209937496239)
  );
#399 = CARTESIAN_POINT('',(1.297200566801,6.117479278262,13.553685751184
    ));
#400 = CARTESIAN_POINT('',(-1.725082024015,5.280081222908,13.89743629785
    ));
#401 = CARTESIAN_POINT('',(-3.553824210318,3.326286946406,
    14.241186212477));
#402 = CARTESIAN_POINT('',(-5.382554558657,1.372481433714,
    14.584936297392));
#403 = CARTESIAN_POINT('',(-6.018276634753,-1.698655127029,
    14.92868575282));
#404 = CARTESIAN_POINT('',(-4.688220155096,-5.06537683973,
    15.272437493408));
#405 = CARTESIAN_POINT('',(-1.292701738519,-7.309528526124,
    15.616183944836));
#406 = CARTESIAN_POINT('',(3.168337681326,-6.986848840614,
    15.959938940684));
#407 = CARTESIAN_POINT('',(6.350684152331,-3.843056968536,
    16.303683942574));
#408 = CARTESIAN_POINT('',(6.899323211836,0.189295981097,16.647437496034
    ));
#409 = CARTESIAN_POINT('',(5.24296866861,3.408436642376,16.991185751355)
  );
#410 = CARTESIAN_POINT('',(2.513764444273,4.953409042711,17.334936297738
    ));
#411 = CARTESIAN_POINT('',(-0.160893142283,4.864967545964,
    17.678686212535));
#412 = CARTESIAN_POINT('',(-2.835549899717,4.776542768301,
    18.022436297286));
#413 = CARTESIAN_POINT('',(-5.456694778583,3.054416809001,
    18.366185752963));
#414 = CARTESIAN_POINT('',(-6.896834576381,-0.266669109115,
    18.709937493267));
#415 = CARTESIAN_POINT('',(-6.082695352795,-4.254560345921,
    19.053683944933));
#416 = CARTESIAN_POINT('',(-2.70009513555,-7.180783484892,
    19.397438940642));
#417 = CARTESIAN_POINT('',(1.773160187011,-7.208075437397,
    19.741183942579));
#418 = CARTESIAN_POINT('',(5.012410700157,-4.744699438075,
    20.084937496038));
#419 = CARTESIAN_POINT('',(6.11746736238,-1.297212482705,20.428685751353
    ));
#420 = CARTESIAN_POINT('',(5.280089008897,1.725089810028,20.772436297738
    ));
#421 = CARTESIAN_POINT('',(3.326282910034,3.55382017394,21.116186212535)
  );
#422 = CARTESIAN_POINT('',(1.372489219654,5.382562344613,21.459936297284
    ));
#423 = CARTESIAN_POINT('',(-1.698667042692,6.018264718962,
    21.803685752967));
#424 = CARTESIAN_POINT('',(-5.065362032881,4.688234962349,22.14743749326
    ));
#425 = CARTESIAN_POINT('',(-7.309543603675,1.292686660251,
    22.491183944941));
#426 = CARTESIAN_POINT('',(-6.986836276332,-3.168325116202,
    22.834938940638));
#427 = CARTESIAN_POINT('',(-3.843065428938,-6.350692613435,
    23.178683942579));
#428 = CARTESIAN_POINT('',(0.189300448963,-6.899318743544,
    23.522437496041));
#429 = CARTESIAN_POINT('',(3.408434912381,-5.242970398779,23.86618575135
    ));
#430 = CARTESIAN_POINT('',(4.953409446331,-2.513764040634,
    24.209936297739));
#431 = CARTESIAN_POINT('',(4.86496754592,0.160893142279,24.553686212535)
  );
#432 = CARTESIAN_POINT('',(4.776542768432,2.835549899712,24.897436297284
    ));
#433 = CARTESIAN_POINT('',(3.054416808714,5.456694778643,25.241185752972
    ));
#434 = CARTESIAN_POINT('',(-0.266669108643,6.896834576205,
    25.584937493246));
#435 = CARTESIAN_POINT('',(-4.254560346517,6.082695353102,
    25.928683944965));
#436 = CARTESIAN_POINT('',(-7.180783484313,2.700095135184,26.27243894061
    ));
#437 = CARTESIAN_POINT('',(-7.208075437831,-1.773160186696,
    26.616183942602));
#438 = CARTESIAN_POINT('',(-4.744699437827,-5.012410700358,
    26.959937496028));
#439 = CARTESIAN_POINT('',(-1.297212482813,-6.117467362283,
    27.303685751355));
#440 = CARTESIAN_POINT('',(1.725089810062,-5.280089008932,
    27.647436297738));
#441 = CARTESIAN_POINT('',(3.553820173932,-3.326282910027,
    27.991186212535));
#442 = CARTESIAN_POINT('',(5.382562344644,-1.372488648855,28.33493629729
    ));
#443 = CARTESIAN_POINT('',(6.018264718894,1.698664595859,28.678685752944
    ));
#444 = CARTESIAN_POINT('',(4.688234962452,5.065368352145,29.022437493317
    ));
#445 = CARTESIAN_POINT('',(1.292686660127,7.30953163752,29.366183944833)
  );
#446 = CARTESIAN_POINT('',(-3.168325116086,6.986854046605,29.7099389408)
  );
#447 = CARTESIAN_POINT('',(-6.350692613514,3.843044104501,30.05368394238
    ));
#448 = CARTESIAN_POINT('',(-6.899318743516,-0.189279507877,
    30.397437496242));
#449 = CARTESIAN_POINT('',(-5.242970398773,-3.408451764162,
    30.741185751184));
#450 = CARTESIAN_POINT('',(-2.513764040648,-4.953398435196,
    31.084936297849));
#451 = CARTESIAN_POINT('',(0.160893142286,-4.864973254235,
    31.428686212478));
#452 = CARTESIAN_POINT('',(2.835549899696,-4.776531757299,
    31.772436297394));
#453 = CARTESIAN_POINT('',(5.456694778688,-3.054433660485,
    32.116185752807));
#454 = CARTESIAN_POINT('',(6.896834576099,0.266690049686,32.459937493444
    ));
#455 = CARTESIAN_POINT('',(6.082695353288,4.254539022187,32.803683944776
    ));
#456 = CARTESIAN_POINT('',(2.700095134932,7.180801254411,33.147438940755
    ));
#457 = CARTESIAN_POINT('',(-1.773160186421,7.208063471877,
    33.491183942513));
#458 = CARTESIAN_POINT('',(-5.012410700603,4.744705756922,
    33.834937496072));
#459 = CARTESIAN_POINT('',(-6.117467362112,1.297210036085,
    34.178685751338));
#460 = CARTESIAN_POINT('',(-5.280089009017,-1.725089239313,
    34.522436297743));
#461 = CARTESIAN_POINT('',(-3.326282910002,-3.553820173906,
    34.866186212534));
#462 = CARTESIAN_POINT('',(-1.372489219787,-5.382562344746,
    35.209936297283));
#463 = CARTESIAN_POINT('',(1.698667043053,-6.018264718684,
    35.553685752979));
#464 = CARTESIAN_POINT('',(5.065362032177,-4.68823496275,35.897437493224
    ));
#465 = CARTESIAN_POINT('',(7.309543604681,-1.292686659804,
    36.241183945004));
#466 = CARTESIAN_POINT('',(6.98683627527,3.168325115803,36.584938940564)
  );
#467 = CARTESIAN_POINT('',(3.843065429768,6.350692613715,36.92868394264)
  );
#468 = CARTESIAN_POINT('',(-0.189300449437,6.899318743404,
    37.272437496006));
#469 = CARTESIAN_POINT('',(-3.408434912191,5.242970398821,
    37.616185751363));
#470 = CARTESIAN_POINT('',(-4.953409446372,2.513764040632,
    37.959936297736));
#471 = CARTESIAN_POINT('',(-4.864967545929,-0.16089314228,
    38.303686212535));
#472 = CARTESIAN_POINT('',(-4.77654236477,-2.83555030335,38.64743629729)
  );
#473 = CARTESIAN_POINT('',(-3.054418539015,-5.456693048408,
    38.991185752946));
#474 = CARTESIAN_POINT('',(0.266673577314,-6.896839044721,
    39.334937493315));
#475 = CARTESIAN_POINT('',(4.254551884716,-6.08268689157,39.678683944831
    ));
#476 = CARTESIAN_POINT('',(7.180796050352,-2.700107700881,
    40.022438940811));
#477 = CARTESIAN_POINT('',(7.208060358652,1.773175265558,40.366183942361
    ));
#478 = CARTESIAN_POINT('',(4.744714245784,5.012395892613,40.709937496259
    ));
#479 = CARTESIAN_POINT('',(1.297200566605,6.117479278392,41.053685751174
    ));
#480 = CARTESIAN_POINT('',(-1.725082023938,5.280081222835,
    41.397436297853));
#481 = CARTESIAN_POINT('',(-3.55382421034,3.326286946433,41.741186212476
    ));
#482 = CARTESIAN_POINT('',(-5.382554558661,1.37248143372,42.08493629739)
  );
#483 = CARTESIAN_POINT('',(-6.018276634692,-1.698655127173,
    42.42868575283));
#484 = CARTESIAN_POINT('',(-4.68822015522,-5.065376839329,
    42.772437493382));
#485 = CARTESIAN_POINT('',(-1.292701738362,-7.309528526793,
    43.11618394488));
#486 = CARTESIAN_POINT('',(3.168337681184,-6.986848839835,
    43.459938940633));
#487 = CARTESIAN_POINT('',(6.350684152423,-3.843056969199,
    43.803683942615));
#488 = CARTESIAN_POINT('',(6.8993232118,0.189295981514,44.147437496011)
  );
#489 = CARTESIAN_POINT('',(5.242968668612,3.408436642184,44.491185751363
    ));
#490 = CARTESIAN_POINT('',(2.513764444278,4.95340904277,44.834936297737)
  );
#491 = CARTESIAN_POINT('',(-0.160893142284,4.864967545958,
    45.178686212534));
#492 = CARTESIAN_POINT('',(-2.835549899704,4.776542768331,
    45.522436297286));
#493 = CARTESIAN_POINT('',(-5.456694778655,3.054416808939,
    45.866185752965));
#494 = CARTESIAN_POINT('',(-6.896834576181,-0.266669109032,
    46.209937493264));
#495 = CARTESIAN_POINT('',(-6.08269535315,-4.254560346012,
    46.553683944931));
#496 = CARTESIAN_POINT('',(-2.700095135092,-7.180783484788,
    46.897438940656));
#497 = CARTESIAN_POINT('',(1.773160186547,-7.208075437541,
    47.241183942557));
#498 = CARTESIAN_POINT('',(5.01241070055,-4.74469943788,47.58493749606)
  );
#499 = CARTESIAN_POINT('',(6.117467362092,-1.297212482916,
    47.928685751339));
#500 = CARTESIAN_POINT('',(5.280089009076,1.725089810197,48.272436297744
    ));
#501 = CARTESIAN_POINT('',(3.326282909946,3.553820173841,48.616186212533
    ));
#502 = CARTESIAN_POINT('',(1.372489219989,5.382562344952,48.95993629728)
  );
#503 = CARTESIAN_POINT('',(-1.698667043584,6.018264718261,
    49.303685753002));
#504 = CARTESIAN_POINT('',(-5.065362031128,4.688234963418,
    49.647437493161));
#505 = CARTESIAN_POINT('',(-7.309543606235,1.292686658953,
    49.991183945117));
#506 = CARTESIAN_POINT('',(-6.986836273536,-3.16832511494,
    50.334938940422));
#507 = CARTESIAN_POINT('',(-3.843065431219,-6.350692614379,
    50.678683942767));
#508 = CARTESIAN_POINT('',(0.189300450327,-6.899318743049,
    51.022437495926));
#509 = CARTESIAN_POINT('',(3.408434911828,-5.242970398929,
    51.366185751397));
#510 = CARTESIAN_POINT('',(4.953409446429,-2.513764040627,
    51.709936297729));
#511 = CARTESIAN_POINT('',(4.864967545973,0.160893142286,52.053686212534
    ));
#512 = CARTESIAN_POINT('',(4.776542364662,2.835550303356,52.397436297293
    ));
#513 = CARTESIAN_POINT('',(3.054418539199,5.456693048343,52.741185752937
    ));
#514 = CARTESIAN_POINT('',(-0.266673577525,6.896839044905,
    53.084937493331));
#515 = CARTESIAN_POINT('',(-4.25455188458,6.082686891276,53.428683944817
    ));
#516 = CARTESIAN_POINT('',(-7.18079605033,2.700107701179,53.772438940812
    ));
#517 = CARTESIAN_POINT('',(-7.208060358811,-1.773175265739,
    54.116183942376));
#518 = CARTESIAN_POINT('',(-4.744714245591,-5.012395892577,
    54.459937496239));
#519 = CARTESIAN_POINT('',(-1.297200566747,-6.117479278343,
    54.803685751189));
#520 = CARTESIAN_POINT('',(1.725082024011,-5.280081222897,
    55.147436297846));
#521 = CARTESIAN_POINT('',(3.55382421031,-3.326286946392,55.491186212479
    ));
#522 = CARTESIAN_POINT('',(5.382554558544,-1.372481433597,
    55.834936297395));
#523 = CARTESIAN_POINT('',(6.018276635073,1.698655126512,56.17868575279)
  );
#524 = CARTESIAN_POINT('',(4.68822015456,5.065376840947,56.522437493492)
  );
#525 = CARTESIAN_POINT('',(1.292701739186,7.309528524185,56.866183944692
    ));
#526 = CARTESIAN_POINT('',(-3.168337681968,6.986848842854,
    57.209938940854));
#527 = CARTESIAN_POINT('',(-6.350684151872,3.843056966608,
    57.553683942431));
#528 = CARTESIAN_POINT('',(-6.899323212054,-0.189295979847,
    57.897437496118));
#529 = CARTESIAN_POINT('',(-5.242968668561,-3.408436642976,
    58.241185751323));
#530 = CARTESIAN_POINT('',(-2.513764444266,-4.953409042517,
    58.584936297743));
#531 = CARTESIAN_POINT('',(0.160893142282,-4.864967545987,
    58.928686212536));
#532 = CARTESIAN_POINT('',(2.835549899716,-4.776542768166,
    59.272436297285));
#533 = CARTESIAN_POINT('',(5.456694778545,-3.054416809366,
    59.616185752956));
#534 = CARTESIAN_POINT('',(6.896834576537,0.266669109795,59.959937493289
    ));
#535 = CARTESIAN_POINT('',(6.08269535247,4.254560344978,60.303683944893)
  );
#536 = CARTESIAN_POINT('',(2.700095136001,7.180783485889,60.647438940694
    ));
#537 = CARTESIAN_POINT('',(-1.773160187463,7.20807543659,60.991183942534
    ));
#538 = CARTESIAN_POINT('',(-5.012410699816,4.744699438573,
    61.334937496066));
#539 = CARTESIAN_POINT('',(-6.117467362575,1.297212482474,
    61.678685751342));
#540 = CARTESIAN_POINT('',(-5.280089008817,-1.725089809948,
    62.022436297739));
#541 = CARTESIAN_POINT('',(-3.326282910053,-3.553820173959,
    62.366186212536));
#542 = CARTESIAN_POINT('',(-1.372488648742,-5.382562344532,
    62.70993629729));
#543 = CARTESIAN_POINT('',(1.698664595542,-6.01826471913,63.053685752936
    ));
#544 = CARTESIAN_POINT('',(5.065368352774,-4.688234962115,
    63.397437493341));
#545 = CARTESIAN_POINT('',(7.3095316366,-1.292686660483,63.741183944794)
  );
#546 = CARTESIAN_POINT('',(6.986854047611,3.168325116365,64.084938940843
    ));
#547 = CARTESIAN_POINT('',(3.843044103673,6.350692613359,64.428683942348
    ));
#548 = CARTESIAN_POINT('',(-0.189279507368,6.899318743564,
    64.772437496257));
#549 = CARTESIAN_POINT('',(-3.408451764386,5.242970398776,
    65.116185751183));
#550 = CARTESIAN_POINT('',(-4.953398435139,2.513764040643,
    65.459936297846));
#551 = CARTESIAN_POINT('',(-4.864973254227,-0.160893142292,
    65.80368621248));
#552 = CARTESIAN_POINT('',(-4.776531757043,-2.835549899705,
    66.147436297397));
#553 = CARTESIAN_POINT('',(-3.05443366139,-5.456694778498,
    66.491185752776));
#554 = CARTESIAN_POINT('',(0.266690051592,-6.896834576751,
    66.834937493536));
#555 = CARTESIAN_POINT('',(4.254539019325,-6.082695352017,
    67.178683944612));
#556 = CARTESIAN_POINT('',(7.180801257625,-2.70009513663,67.522438940956
    ));
#557 = CARTESIAN_POINT('',(7.208063469142,1.773160188102,67.86618394234)
  );
#558 = CARTESIAN_POINT('',(4.744705758686,5.012410699319,68.209937496174
    ));
#559 = CARTESIAN_POINT('',(1.297210035227,6.117467362871,68.553685751301
    ));
#560 = CARTESIAN_POINT('',(-1.725089239001,5.28008900869,68.897436297747
    ));
#561 = CARTESIAN_POINT('',(-3.553820173988,3.326282910082,
    69.241186212537));
#562 = CARTESIAN_POINT('',(-5.3825623444,1.37248921946,69.584936297285)
  );
#563 = CARTESIAN_POINT('',(-6.018264719443,-1.698667042159,
    69.928685752948));
#564 = CARTESIAN_POINT('',(-4.688234961564,-5.065362033943,
    70.272437493323));
#565 = CARTESIAN_POINT('',(-1.292686661256,-7.309543602113,
    70.616183944821));
#566 = CARTESIAN_POINT('',(3.168325117216,-6.98683627803,70.959938940793
    ));
#567 = CARTESIAN_POINT('',(6.35069261266,-3.84306542759,71.303683942438)
  );
#568 = CARTESIAN_POINT('',(6.899318743958,0.18930044822,71.647437496131)
  );
#569 = CARTESIAN_POINT('',(5.242970398651,3.408434912607,71.991185751311
    ));
#570 = CARTESIAN_POINT('',(2.513764040642,4.953409446368,72.334936297748
    ));
#571 = CARTESIAN_POINT('',(-0.160893142271,4.864967545827,
    72.678686212535));
#572 = CARTESIAN_POINT('',(-2.835550303341,4.776542365096,
    73.022436297285));
#573 = CARTESIAN_POINT('',(-5.456693048533,3.054418538247,
    73.366185752972));
#574 = CARTESIAN_POINT('',(-6.89683904435,-0.266673575904,
    73.709937493242));
#575 = CARTESIAN_POINT('',(-6.082686892224,-4.254551886762,
    74.053683944965));
#576 = CARTESIAN_POINT('',(-2.700107700059,-7.180796048013,
    74.397438940636));
#577 = CARTESIAN_POINT('',(1.773175264742,-7.20806036074,74.741183942527
    ));
#578 = CARTESIAN_POINT('',(5.012395893295,-4.744714244344,
    75.084937496146));
#579 = CARTESIAN_POINT('',(6.117479277907,-1.297200567365,
    75.428685751229));
#580 = CARTESIAN_POINT('',(5.280081223115,1.725082024245,75.772436297835
    ));
#581 = CARTESIAN_POINT('',(3.326286946309,3.553824210243,76.11618621248)
  );
#582 = CARTESIAN_POINT('',(1.372481433558,5.382554558506,76.459936297402
    ));
#583 = CARTESIAN_POINT('',(-1.698655125989,6.018276635369,
    76.803685752751));
#584 = CARTESIAN_POINT('',(-5.065376842376,4.688220153913,
    77.147437493599));
#585 = CARTESIAN_POINT('',(-7.309528521782,1.292701740115,
    77.491183944502));
#586 = CARTESIAN_POINT('',(-6.986848845692,-3.16833768294,77.83493894109
    ));
#587 = CARTESIAN_POINT('',(-3.843056964159,-6.350684151138,
    78.178683942222));
#588 = CARTESIAN_POINT('',(0.189295978301,-6.899323212418,
    78.522437496247));
#589 = CARTESIAN_POINT('',(3.408436643661,-5.242968668477,
    78.866185751271));
#590 = CARTESIAN_POINT('',(4.953409042346,-2.513764444254,
    79.209936297754));
#591 = CARTESIAN_POINT('',(4.864967545964,0.160893142276,79.553686212538
    ));
#592 = CARTESIAN_POINT('',(4.776542768199,2.835549899695,79.897436297282
    ));
#593 = CARTESIAN_POINT('',(3.054416809318,5.45669477864,80.241185752961)
  );
#594 = CARTESIAN_POINT('',(-0.266669109729,6.896834576315,80.58493749329
    ));
#595 = CARTESIAN_POINT('',(-4.254560345065,6.082695352853,80.92868394488
    ));
#596 = CARTESIAN_POINT('',(-7.180783485757,2.700095135477,81.27243894072
    ));
#597 = CARTESIAN_POINT('',(-7.208075436796,-1.773160186887,
    81.616183942502));
#598 = CARTESIAN_POINT('',(-4.744699438299,-5.012410700328,
    81.959937496092));
#599 = CARTESIAN_POINT('',(-1.297212482753,-6.117467362201,
    82.303685751327));
#600 = CARTESIAN_POINT('',(1.725089810161,-5.280089009042,
    82.647436297746));
#601 = CARTESIAN_POINT('',(3.553820173838,-3.326282909944,
    82.991186212534));
#602 = CARTESIAN_POINT('',(5.382562344955,-1.372488649178,
    83.334936297285));
#603 = CARTESIAN_POINT('',(6.018264718247,1.698664596738,83.678685752978
    ));
#604 = CARTESIAN_POINT('',(4.688234963459,5.065368350389,84.022437493223
    ));
#605 = CARTESIAN_POINT('',(1.292686658886,7.309531640148,84.366183945001
    ));
#606 = CARTESIAN_POINT('',(-3.168325114868,6.986854043602,
    84.709938940592));
#607 = CARTESIAN_POINT('',(-6.350692614432,3.843044107156,
    85.053683942566));
#608 = CARTESIAN_POINT('',(-6.899318743026,-0.189279509709,
    85.397437496124));
#609 = CARTESIAN_POINT('',(-5.242970398927,-3.408451763175,
    85.741185751235));
#610 = CARTESIAN_POINT('',(-2.513764040639,-4.953398435605,
    86.084936297836));
#611 = CARTESIAN_POINT('',(0.160893142295,-4.864973254115,
    86.428686212478));
#612 = CARTESIAN_POINT('',(2.835549899705,-4.776531757381,
    86.772436297398));
#613 = CARTESIAN_POINT('',(5.456694778554,-3.05443366067,87.116185752786
    ));
#614 = CARTESIAN_POINT('',(6.896834576523,0.26669005041,87.459937493497)
  );
#615 = CARTESIAN_POINT('',(6.082695352481,4.254539020854,87.803683944685
    ));
#616 = CARTESIAN_POINT('',(2.700095136016,7.180801256063,88.147438940865
    ));
#617 = CARTESIAN_POINT('',(-1.773160187506,7.20806347039,88.491183942417
    ));
#618 = CARTESIAN_POINT('',(-5.012410699778,4.74470575791,88.834937496129
    ));
#619 = CARTESIAN_POINT('',(-6.117467362582,1.297210035606,
    89.178685751316));
#620 = CARTESIAN_POINT('',(-5.280089008831,-1.72508923915,
    89.522436297746));
#621 = CARTESIAN_POINT('',(-3.326282910037,-3.553820173941,
    89.866186212536));
#622 = CARTESIAN_POINT('',(-1.372489219634,-5.382562344595,
    90.209936297283));
#623 = CARTESIAN_POINT('',(1.698667042638,-6.018264718982,
    90.553685752968));
#624 = CARTESIAN_POINT('',(5.065362032962,-4.688234962377,
    90.897437493256));
#625 = CARTESIAN_POINT('',(7.309543603609,-1.292686660124,
    91.241183944954));
#626 = CARTESIAN_POINT('',(6.98683627633,3.16832511599,91.584938940614)
  );
#627 = CARTESIAN_POINT('',(3.843065429008,6.350692613644,91.928683942607
    ));
#628 = CARTESIAN_POINT('',(-0.189300449042,6.899318743416,
    92.272437496019));
#629 = CARTESIAN_POINT('',(-3.408434912346,5.242970398822,
    92.616185751361));
#630 = CARTESIAN_POINT('',(-4.953409446321,2.513764040632,
    92.959936297736));
#631 = CARTESIAN_POINT('',(-4.864967545944,-0.160893142281,
    93.303686212535));
#632 = CARTESIAN_POINT('',(-4.776542364736,-2.835550303352,
    93.647436297291));
#633 = CARTESIAN_POINT('',(-3.054418538994,-5.456693048369,
    93.991185752946));
#634 = CARTESIAN_POINT('',(0.266673577038,-6.896839044842,
    94.334937493303));
#635 = CARTESIAN_POINT('',(4.254551885475,-6.082686891404,
    94.678683944879));
#636 = CARTESIAN_POINT('',(7.180796049106,-2.700107700937,
    95.022438940718));
#637 = CARTESIAN_POINT('',(7.208060360053,1.773175265369,95.366183942475
    ));
#638 = CARTESIAN_POINT('',(4.744714244659,5.012395893001,95.709937496169
    ));
#639 = CARTESIAN_POINT('',(1.297200567259,6.117479277996,96.053685751222
    ));
#640 = CARTESIAN_POINT('',(-1.725082024215,5.280081223091,
    96.397436297837));
#641 = CARTESIAN_POINT('',(-3.553824210253,3.326286946326,
    96.741186212479));
#642 = CARTESIAN_POINT('',(-5.382554558603,1.372481433648,
    97.084936297399));
#643 = CARTESIAN_POINT('',(-6.018276635046,-1.698655126416,
    97.428685752775));
#644 = CARTESIAN_POINT('',(-4.688220154538,-5.065376841344,
    97.772437493531));
#645 = CARTESIAN_POINT('',(-1.292701739243,-7.309528523462,
    98.116183944625));
#646 = CARTESIAN_POINT('',(3.168337682033,-6.986848843715,
    98.459938940933));
#647 = CARTESIAN_POINT('',(6.350684151827,-3.843056965875,
    98.803683942367));
#648 = CARTESIAN_POINT('',(6.899323212065,0.189295979384,99.147437496153
    ));
#649 = CARTESIAN_POINT('',(5.242968668574,3.408436643197,99.491185751311
    ));
#650 = CARTESIAN_POINT('',(2.513764444255,4.953409042439,99.834936297745
    ));
#651 = CARTESIAN_POINT('',(-0.160893142281,4.864967546002,
    100.17868621253));
#652 = CARTESIAN_POINT('',(-2.835549899695,4.776542768107,
    100.52243629728));
#653 = CARTESIAN_POINT('',(-5.456694778617,3.054416809524,
    100.86618575294));
#654 = CARTESIAN_POINT('',(-6.896834576377,-0.266669110125,
    101.20993749331));
#655 = CARTESIAN_POINT('',(-6.082695352747,-4.254560344452,
    101.55368394482));
#656 = CARTESIAN_POINT('',(-2.700095135617,-7.180783486491,
    101.89743894079));
#657 = CARTESIAN_POINT('',(1.77316018704,-7.208075436143,102.24118394243
    ));
#658 = CARTESIAN_POINT('',(5.012410700196,-4.744699438713,
    102.58493749613));
#659 = CARTESIAN_POINT('',(6.117467362281,-1.297212482584,102.9286857513
    ));
#660 = CARTESIAN_POINT('',(5.28008900902,1.725089810135,103.27243629775)
  );
#661 = CARTESIAN_POINT('',(3.326282909932,3.553820173821,103.61618621253
    ));
#662 = CARTESIAN_POINT('',(1.372488649212,5.382562344984,103.95993629728
    ));
#663 = CARTESIAN_POINT('',(-1.69866459681,6.018264718217,104.30368575298
    ));
#664 = CARTESIAN_POINT('',(-5.065368350274,4.688234963456,
    104.64743749321));
#665 = CARTESIAN_POINT('',(-7.309531640277,1.292686658954,
    104.99118394501));
#666 = CARTESIAN_POINT('',(-6.986854043516,-3.168325114989,
    105.33493894058));
#667 = CARTESIAN_POINT('',(-3.843044107164,-6.35069261431,
    105.67868394256));
#668 = CARTESIAN_POINT('',(0.18927950966,-6.899318743103,106.02243749613
    ));
#669 = CARTESIAN_POINT('',(3.408451763233,-5.242970398899,
    106.36618575123));
#670 = CARTESIAN_POINT('',(4.953398435567,-2.513764040641,
    106.70993629783));
#671 = CARTESIAN_POINT('',(4.864973254131,0.160893142293,107.05368621247
    ));
#672 = CARTESIAN_POINT('',(4.864967805305,0.160893143513,-2.680466895375
    ));
#673 = CARTESIAN_POINT('',(4.776540228374,2.835549939129,-2.336716810622
    ));
#674 = CARTESIAN_POINT('',(3.054425025335,5.45669537121,-1.992967354944)
  );
#675 = CARTESIAN_POINT('',(-0.266683734655,6.896831243449,
    -1.649215614647));
#676 = CARTESIAN_POINT('',(-4.254545126764,6.082704132538,
    -1.305469162968));
#677 = CARTESIAN_POINT('',(-7.180791015918,2.700080809662,
    -0.961714167271));
#678 = CARTESIAN_POINT('',(-7.20807758057,-1.773144569571,-0.61796916533
    ));
#679 = CARTESIAN_POINT('',(-4.744693351997,-5.012422080077,
    -0.274215611867));
#680 = CARTESIAN_POINT('',(-1.297216589498,-6.117462209823,
    6.953264344064E-02));
#681 = CARTESIAN_POINT('',(1.7250908877,-5.280090087676,0.413283189831)
  );
#682 = CARTESIAN_POINT('',(3.553820358214,-3.326283092564,0.757033104625
    ));
#683 = CARTESIAN_POINT('',(5.382560576431,-1.37248739573,1.100783189376)
  );
#684 = CARTESIAN_POINT('',(6.018270947929,1.698661651773,1.444532645062)
  );
#685 = CARTESIAN_POINT('',(4.688222263664,5.06537001823,1.788284385341)
  );
#686 = CARTESIAN_POINT('',(1.292703630172,7.309539049937,2.132030837049)
  );
#687 = CARTESIAN_POINT('',(-3.168340571482,6.986831472062,2.475785832712
    ));
#688 = CARTESIAN_POINT('',(-6.350683085627,3.843077987224,2.819530834684
    ));
#689 = CARTESIAN_POINT('',(-6.89932248688,-0.18931279904,3.163284388125)
  );
#690 = CARTESIAN_POINT('',(-5.242969659308,-3.40842836517,3.507032643444
    ));
#691 = CARTESIAN_POINT('',(-2.513764041417,-4.95341097111,3.85078318983)
  );
#692 = CARTESIAN_POINT('',(0.160893143514,-4.864967805312,4.194533104626
    ));
#693 = CARTESIAN_POINT('',(2.835549939128,-4.77654022835,4.538283189378)
  );
#694 = CARTESIAN_POINT('',(5.456695371206,-3.054425025392,4.882032645055
    ));
#695 = CARTESIAN_POINT('',(6.896831243465,0.266683734752,5.225784385356)
  );
#696 = CARTESIAN_POINT('',(6.08270413251,4.25454512664,5.569530837026));
#697 = CARTESIAN_POINT('',(2.700080809688,7.180791016036,5.913285832737)
  );
#698 = CARTESIAN_POINT('',(-1.773144569581,7.208077580492,6.257030834662
    ));
#699 = CARTESIAN_POINT('',(-5.012422080084,4.744693352027,6.600784388139
    ));
#700 = CARTESIAN_POINT('',(-6.117462209808,1.2972165895,6.944532643438)
  );
#701 = CARTESIAN_POINT('',(-5.28009008769,-1.725090887712,7.288283189832
    ));
#702 = CARTESIAN_POINT('',(-3.326283092555,-3.553820358204,
    7.632033104625));
#703 = CARTESIAN_POINT('',(-1.372487395764,-5.382560576468,
    7.975783189378));
#704 = CARTESIAN_POINT('',(1.698661651866,-6.018270947844,8.319532645054
    ));
#705 = CARTESIAN_POINT('',(5.065370018046,-4.688222263811,8.663284385356
    ));
#706 = CARTESIAN_POINT('',(7.309539050211,-1.292703629978,9.007030837028
    ));
#707 = CARTESIAN_POINT('',(6.986831471757,3.168340571284,9.350785832733)
  );
#708 = CARTESIAN_POINT('',(3.843077987476,6.350683085779,9.694530834666)
  );
#709 = CARTESIAN_POINT('',(-0.189312799187,6.8993224868,10.038284388136)
  );
#710 = CARTESIAN_POINT('',(-3.408428365119,5.242969659333,
    10.382032643439));
#711 = CARTESIAN_POINT('',(-4.953410971108,2.513764041416,
    10.725783189832));
#712 = CARTESIAN_POINT('',(-4.864967805326,-0.160893143515,
    11.069533104626));
#713 = CARTESIAN_POINT('',(-4.776539860831,-2.835550306602,
    11.413283189384));
#714 = CARTESIAN_POINT('',(-3.054426600704,-5.456693795979,
    11.757032645028));
#715 = CARTESIAN_POINT('',(0.266687803078,-6.896835311671,
    12.100784385425));
#716 = CARTESIAN_POINT('',(4.254537423001,-6.082696429014,
    12.444530836897));
#717 = CARTESIAN_POINT('',(7.180802456119,-2.700092249626,
    12.788285832924));
#718 = CARTESIAN_POINT('',(7.208063852484,1.773158297466,13.132030834443
    ));
#719 = CARTESIAN_POINT('',(4.74470683312,5.012408599075,13.475784388351)
  );
#720 = CARTESIAN_POINT('',(1.297205741023,6.117473058238,13.819532643268
    ));
#721 = CARTESIAN_POINT('',(-1.725083799234,5.280082999234,
    14.163283189943));
#722 = CARTESIAN_POINT('',(-3.553824032951,3.326286767293,
    14.507033104568));
#723 = CARTESIAN_POINT('',(-5.382553488016,1.372480307328,
    14.850783189486));
#724 = CARTESIAN_POINT('',(-6.018281796233,-1.698650803515,
    15.194532644897));
#725 = CARTESIAN_POINT('',(-4.688208782904,-5.065383498872,
    15.538284385535));
#726 = CARTESIAN_POINT('',(-1.292717357684,-7.309525322616,
    15.882030836868));
#727 = CARTESIAN_POINT('',(3.168352010994,-6.986842911374,
    16.225785832845));
#728 = CARTESIAN_POINT('',(6.350675382487,-3.843070284221,
    16.569530834607));
#729 = CARTESIAN_POINT('',(6.899326554885,0.189308731083,16.91328438816)
  );
#730 = CARTESIAN_POINT('',(5.242968084144,3.408429940355,17.257032643432
    ));
#731 = CARTESIAN_POINT('',(2.513764408889,4.953410603586,17.600783189832
    ));
#732 = CARTESIAN_POINT('',(-0.160893143518,4.864967805364,
    17.944533104626));
#733 = CARTESIAN_POINT('',(-2.835549939134,4.776540228172,18.28828318938
    ));
#734 = CARTESIAN_POINT('',(-5.456695371124,3.054425025803,
    18.632032645041));
#735 = CARTESIAN_POINT('',(-6.89683124372,-0.266683735463,
    18.975784385391));
#736 = CARTESIAN_POINT('',(-6.082704132045,-4.254545125692,
    19.31953083697));
#737 = CARTESIAN_POINT('',(-2.700080810272,-7.18079101702,
    19.663285832798));
#738 = CARTESIAN_POINT('',(1.773144570126,-7.208077579693,
    20.007030834616));
#739 = CARTESIAN_POINT('',(5.012422079687,-4.744693352534,
    20.350784388162));
#740 = CARTESIAN_POINT('',(6.117462210038,-1.297216589246,
    20.694532643431));
#741 = CARTESIAN_POINT('',(5.280090087587,1.72509088761,21.038283189832)
  );
#742 = CARTESIAN_POINT('',(3.326283092587,3.553820358238,21.382033104626
    ));
#743 = CARTESIAN_POINT('',(1.372487395636,5.38256057634,21.725783189378)
  );
#744 = CARTESIAN_POINT('',(-1.698661651515,6.018270948112,
    22.069532645046));
#745 = CARTESIAN_POINT('',(-5.065370018741,4.688222263409,
    22.413284385383));
#746 = CARTESIAN_POINT('',(-7.309539049191,1.292703630447,
    22.757030836979));
#747 = CARTESIAN_POINT('',(-6.986831472875,-3.168340571721,
    23.100785832794));
#748 = CARTESIAN_POINT('',(-3.843077986555,-6.350683085464,
    23.444530834615));
#749 = CARTESIAN_POINT('',(0.189312798621,-6.899322486958,
    23.788284388166));
#750 = CARTESIAN_POINT('',(3.40842836537,-5.242969659288,24.132032643428
    ));
#751 = CARTESIAN_POINT('',(4.953410971041,-2.513764041417,
    24.475783189833));
#752 = CARTESIAN_POINT('',(4.864967805324,0.160893143514,24.819533104626
    ));
#753 = CARTESIAN_POINT('',(4.776540228292,2.83554993913,25.163283189378)
  );
#754 = CARTESIAN_POINT('',(3.054425025542,5.456695371178,25.50703264505)
  );
#755 = CARTESIAN_POINT('',(-0.266683735033,6.896831243562,
    25.850784385372));
#756 = CARTESIAN_POINT('',(-4.254545126234,6.082704132322,
    26.194530836998));
#757 = CARTESIAN_POINT('',(-7.180791016493,2.700080809941,26.53828583277
    ));
#758 = CARTESIAN_POINT('',(-7.208077580088,-1.773144569842,
    26.882030834634));
#759 = CARTESIAN_POINT('',(-4.744693352308,-5.012422079869,
    27.225784388155));
#760 = CARTESIAN_POINT('',(-1.297216589344,-6.11746220995,
    27.569532643432));
#761 = CARTESIAN_POINT('',(1.725090887641,-5.280090087618,
    27.913283189832));
#762 = CARTESIAN_POINT('',(3.553820358231,-3.32628309258,28.257033104626
    ));
#763 = CARTESIAN_POINT('',(5.382560576368,-1.372486875981,
    28.600783189384));
#764 = CARTESIAN_POINT('',(6.018270948052,1.698659423922,28.944532645025
    ));
#765 = CARTESIAN_POINT('',(4.688222263501,5.06537577179,29.288284385435)
  );
#766 = CARTESIAN_POINT('',(1.292703630337,7.309528155222,29.63203083688)
  );
#767 = CARTESIAN_POINT('',(-3.168340571617,6.986847650905,
    29.975785832944));
#768 = CARTESIAN_POINT('',(-6.350683085535,3.843058572819,
    30.319530834428));
#769 = CARTESIAN_POINT('',(-6.899322486934,-0.189293733887,
    30.663284388359));
#770 = CARTESIAN_POINT('',(-5.24296965928,-3.408443707207,
    31.007032643266));
#771 = CARTESIAN_POINT('',(-2.513764041431,-4.95340094652,
    31.350783189942));
#772 = CARTESIAN_POINT('',(0.160893143521,-4.864973002166,
    31.694533104569));
#773 = CARTESIAN_POINT('',(2.835549939114,-4.776530203773,
    32.038283189487));
#774 = CARTESIAN_POINT('',(5.45669537122,-3.05444036737,32.382032644888)
  );
#775 = CARTESIAN_POINT('',(6.896831243463,0.266702799728,32.725784385562
    ));
#776 = CARTESIAN_POINT('',(6.082704132494,4.254525712595,33.069530836821
    ));
#777 = CARTESIAN_POINT('',(2.700080809711,7.180807194365,33.413285832901
    ));
#778 = CARTESIAN_POINT('',(-1.77314456959,7.2080666863,33.757030834558)
  );
#779 = CARTESIAN_POINT('',(-5.012422080093,4.744699105203,
    34.100784388191));
#780 = CARTESIAN_POINT('',(-6.117462209795,1.297214361846,
    34.444532643418));
#781 = CARTESIAN_POINT('',(-5.280090087695,-1.725090368032,
    34.788283189837));
#782 = CARTESIAN_POINT('',(-3.326283092557,-3.553820358207,
    35.132033104625));
#783 = CARTESIAN_POINT('',(-1.372487395757,-5.382560576461,
    35.475783189377));
#784 = CARTESIAN_POINT('',(1.698661651843,-6.01827094786,35.81953264506)
  );
#785 = CARTESIAN_POINT('',(5.065370018101,-4.688222263773,
    36.163284385344));
#786 = CARTESIAN_POINT('',(7.309539050107,-1.292703630042,
    36.507030837048));
#787 = CARTESIAN_POINT('',(6.986831471908,3.168340571359,36.850785832711
    ));
#788 = CARTESIAN_POINT('',(3.84307798731,6.350683085719,37.194530834684)
  );
#789 = CARTESIAN_POINT('',(-0.189312799051,6.89932248683,37.538284388125
    ));
#790 = CARTESIAN_POINT('',(-3.408428365198,5.242969659325,
    37.882032643444));
#791 = CARTESIAN_POINT('',(-4.953410971078,2.513764041415,38.22578318983
    ));
#792 = CARTESIAN_POINT('',(-4.864967805332,-0.160893143515,
    38.569533104626));
#793 = CARTESIAN_POINT('',(-4.776539860799,-2.835550306602,
    38.913283189384));
#794 = CARTESIAN_POINT('',(-3.054426600806,-5.456693795975,
    39.257032645025));
#795 = CARTESIAN_POINT('',(0.266687803305,-6.896835311691,
    39.600784385437));
#796 = CARTESIAN_POINT('',(4.254537422621,-6.082696428957,
    39.944530836871));
#797 = CARTESIAN_POINT('',(7.1808024566,-2.700092249732,40.288285832963)
  );
#798 = CARTESIAN_POINT('',(7.208063852023,1.773158297612,40.632030834403
    ));
#799 = CARTESIAN_POINT('',(4.744706833452,5.012408598923,40.975784388379
    ));
#800 = CARTESIAN_POINT('',(1.297205740845,6.117473058356,41.319532643255
    ));
#801 = CARTESIAN_POINT('',(-1.725083799164,5.280082999168,
    41.663283189946));
#802 = CARTESIAN_POINT('',(-3.553824032971,3.326286767317,
    42.007033104568));
#803 = CARTESIAN_POINT('',(-5.382553488019,1.372480307334,
    42.350783189484));
#804 = CARTESIAN_POINT('',(-6.018281796177,-1.698650803646,
    42.694532644909));
#805 = CARTESIAN_POINT('',(-4.688208783018,-5.065383498508,
    43.038284385505));
#806 = CARTESIAN_POINT('',(-1.29271735754,-7.309525323223,
    43.382030836917));
#807 = CARTESIAN_POINT('',(3.168352010864,-6.986842910667,
    43.725785832788));
#808 = CARTESIAN_POINT('',(6.350675382571,-3.843070284822,
    44.069530834652));
#809 = CARTESIAN_POINT('',(6.899326554852,0.189308731462,44.413284388135
    ));
#810 = CARTESIAN_POINT('',(5.242968084146,3.40842994018,44.757032643441)
  );
#811 = CARTESIAN_POINT('',(2.513764408893,4.95341060364,45.100783189831)
  );
#812 = CARTESIAN_POINT('',(-0.160893143518,4.864967805359,
    45.444533104626));
#813 = CARTESIAN_POINT('',(-2.835549939123,4.776540228199,45.78828318938
    ));
#814 = CARTESIAN_POINT('',(-5.456695371189,3.054425025748,
    46.132032645044));
#815 = CARTESIAN_POINT('',(-6.89683124354,-0.266683735388,
    46.475784385386));
#816 = CARTESIAN_POINT('',(-6.082704132367,-4.254545125774,
    46.819530836972));
#817 = CARTESIAN_POINT('',(-2.700080809857,-7.180791016926,
    47.163285832807));
#818 = CARTESIAN_POINT('',(1.773144569706,-7.208077579824,
    47.507030834598));
#819 = CARTESIAN_POINT('',(5.012422080044,-4.744693352357,
    47.850784388181));
#820 = CARTESIAN_POINT('',(6.117462209777,-1.297216589438,
    48.194532643418));
#821 = CARTESIAN_POINT('',(5.280090087749,1.725090887764,48.538283189838
    ));
#822 = CARTESIAN_POINT('',(3.326283092506,3.553820358148,48.882033104624
    ));
#823 = CARTESIAN_POINT('',(1.37248739594,5.382560576648,49.225783189373)
  );
#824 = CARTESIAN_POINT('',(-1.698661652327,6.018270947474,
    49.569532645082));
#825 = CARTESIAN_POINT('',(-5.065370017146,4.688222264382,49.91328438528
    ));
#826 = CARTESIAN_POINT('',(-7.309539051521,1.292703629266,
    50.257030837161));
#827 = CARTESIAN_POINT('',(-6.986831470331,-3.168340570573,
    50.600785832569));
#828 = CARTESIAN_POINT('',(-3.843077988631,-6.350683086323,
    50.944530834811));
#829 = CARTESIAN_POINT('',(0.189312799862,-6.899322486508,
    51.288284388045));
#830 = CARTESIAN_POINT('',(3.408428364867,-5.242969659424,
    51.632032643477));
#831 = CARTESIAN_POINT('',(4.95341097113,-2.51376404141,51.975783189823)
  );
#832 = CARTESIAN_POINT('',(4.864967805372,0.16089314352,52.319533104625)
  );
#833 = CARTESIAN_POINT('',(4.7765398607,2.835550306607,52.663283189387)
  );
#834 = CARTESIAN_POINT('',(3.054426600974,5.456693795915,53.007032645016
    ));
#835 = CARTESIAN_POINT('',(-0.266687803499,6.89683531186,53.350784385452
    ));
#836 = CARTESIAN_POINT('',(-4.254537422496,6.082696428689,
    53.694530836858));
#837 = CARTESIAN_POINT('',(-7.180802456582,2.700092250004,
    54.038285832962));
#838 = CARTESIAN_POINT('',(-7.208063852165,-1.773158297778,
    54.382030834419));
#839 = CARTESIAN_POINT('',(-4.744706833278,-5.012408598889,
    54.72578438836));
#840 = CARTESIAN_POINT('',(-1.297205740973,-6.117473058312,
    55.069532643269));
#841 = CARTESIAN_POINT('',(1.725083799231,-5.280082999224,55.41328318994
    ));
#842 = CARTESIAN_POINT('',(3.553824032944,-3.32628676728,55.75703310457)
  );
#843 = CARTESIAN_POINT('',(5.382553487913,-1.372480307221,
    56.100783189489));
#844 = CARTESIAN_POINT('',(6.018281796524,1.698650803043,56.44453264487)
  );
#845 = CARTESIAN_POINT('',(4.688208782417,5.065383499981,56.788284385612
    ));
#846 = CARTESIAN_POINT('',(1.29271735829,7.309525320847,57.132030836734)
  );
#847 = CARTESIAN_POINT('',(-3.168352011577,6.986842913416,
    57.475785833004));
#848 = CARTESIAN_POINT('',(-6.350675382069,3.843070282463,
    57.819530834473));
#849 = CARTESIAN_POINT('',(-6.899326555083,-0.189308729944,
    58.163284388238));
#850 = CARTESIAN_POINT('',(-5.2429680841,-3.408429940901,58.507032643403
    ));
#851 = CARTESIAN_POINT('',(-2.513764408883,-4.953410603409,
    58.850783189837));
#852 = CARTESIAN_POINT('',(0.160893143516,-4.864967805385,
    59.194533104627));
#853 = CARTESIAN_POINT('',(2.835549939134,-4.77654022805,59.538283189379
    ));
#854 = CARTESIAN_POINT('',(5.456695371088,-3.054425026135,
    59.882032645036));
#855 = CARTESIAN_POINT('',(6.896831243865,0.266683736082,60.22578438541)
  );
#856 = CARTESIAN_POINT('',(6.082704131746,4.254545124833,60.569530836934
    ));
#857 = CARTESIAN_POINT('',(2.700080810686,7.180791017929,60.913285832843
    ));
#858 = CARTESIAN_POINT('',(-1.77314457054,7.208077578957,61.257030834576
    ));
#859 = CARTESIAN_POINT('',(-5.012422079376,4.744693352987,
    61.600784388186));
#860 = CARTESIAN_POINT('',(-6.117462210216,1.297216589036,
    61.944532643422));
#861 = CARTESIAN_POINT('',(-5.280090087513,-1.725090887537,
    62.288283189833));
#862 = CARTESIAN_POINT('',(-3.326283092604,-3.553820358255,
    62.632033104627));
#863 = CARTESIAN_POINT('',(-1.372486875878,-5.382560576266,
    62.975783189384));
#864 = CARTESIAN_POINT('',(1.698659423634,-6.018270948266,
    63.319532645016));
#865 = CARTESIAN_POINT('',(5.065375772363,-4.688222263194,
    63.663284385462));
#866 = CARTESIAN_POINT('',(7.309528154383,-1.29270363066,64.007030836835
    ));
#867 = CARTESIAN_POINT('',(6.986847651822,3.168340571873,64.350785832994
    ));
#868 = CARTESIAN_POINT('',(3.843058572066,6.350683085391,64.694530834389
    ));
#869 = CARTESIAN_POINT('',(-0.189293733423,6.89932248698,65.038284388377
    ));
#870 = CARTESIAN_POINT('',(-3.40844370741,5.242969659282,65.382032643263
    ));
#871 = CARTESIAN_POINT('',(-4.953400946469,2.513764041426,
    65.725783189939));
#872 = CARTESIAN_POINT('',(-4.864973002159,-0.160893143526,
    66.069533104571));
#873 = CARTESIAN_POINT('',(-4.77653020354,-2.835549939122,
    66.413283189491));
#874 = CARTESIAN_POINT('',(-3.054440368193,-5.456695371047,
    66.757032644855));
#875 = CARTESIAN_POINT('',(0.266702801464,-6.896831244057,
    67.100784385657));
#876 = CARTESIAN_POINT('',(4.254525709987,-6.082704131337,
    67.444530836653));
#877 = CARTESIAN_POINT('',(7.180807197294,-2.700080811256,
    67.788285833105));
#878 = CARTESIAN_POINT('',(7.208066683808,1.77314457112,68.132030834383)
  );
#879 = CARTESIAN_POINT('',(4.74469910681,5.012422078924,68.475784388293)
  );
#880 = CARTESIAN_POINT('',(1.297214361065,6.117462210485,68.819532643381
    ));
#881 = CARTESIAN_POINT('',(-1.725090367748,5.280090087398,
    69.163283189841));
#882 = CARTESIAN_POINT('',(-3.553820358282,3.32628309263,69.507033104629
    ));
#883 = CARTESIAN_POINT('',(-5.382560576146,1.372487395459,
    69.850783189379));
#884 = CARTESIAN_POINT('',(-6.01827094855,-1.69866165103,70.194532645029
    ));
#885 = CARTESIAN_POINT('',(-4.688222262694,-5.06537001971,
    70.538284385442));
#886 = CARTESIAN_POINT('',(-1.292703631362,-7.309539047766,
    70.882030836865));
#887 = CARTESIAN_POINT('',(3.168340572644,-6.986831474424,
    71.225785832941));
#888 = CARTESIAN_POINT('',(6.350683084758,-3.843077985326,
    71.569530834482));
#889 = CARTESIAN_POINT('',(6.899322487335,0.189312797943,71.91328438825)
  );
#890 = CARTESIAN_POINT('',(5.242969659171,3.408428365576,72.257032643392
    ));
#891 = CARTESIAN_POINT('',(2.513764041424,4.953410971074,72.600783189842
    ));
#892 = CARTESIAN_POINT('',(-0.160893143507,4.86496780524,72.944533104626
    ));
#893 = CARTESIAN_POINT('',(-2.835550306593,4.776539861095,
    73.288283189379));
#894 = CARTESIAN_POINT('',(-5.456693796088,3.054426600106,
    73.632032645051));
#895 = CARTESIAN_POINT('',(-6.896835311355,-0.266687802021,
    73.975784385366));
#896 = CARTESIAN_POINT('',(-6.082696429552,-4.254537424484,
    74.319530837001));
#897 = CARTESIAN_POINT('',(-2.700092248983,-7.180802454471,
    74.663285832794));
#898 = CARTESIAN_POINT('',(1.773158296868,-7.208063853924,
    75.007030834563));
#899 = CARTESIAN_POINT('',(5.012408599544,-4.744706832141,75.35078438827
    ));
#900 = CARTESIAN_POINT('',(6.117473057915,-1.297205741537,
    75.694532643307));
#901 = CARTESIAN_POINT('',(5.280082999423,1.725083799444,76.038283189929
    ));
#902 = CARTESIAN_POINT('',(3.326286767205,3.553824032883,76.382033104571
    ));
#903 = CARTESIAN_POINT('',(1.372480307186,5.382553487879,76.725783189496
    ));
#904 = CARTESIAN_POINT('',(-1.698650802567,6.018281796793,
    77.069532644832));
#905 = CARTESIAN_POINT('',(-5.065383501283,4.688208781827,
    77.413284385717));
#906 = CARTESIAN_POINT('',(-7.309525318658,1.292717359137,
    77.757030836548));
#907 = CARTESIAN_POINT('',(-6.986842916002,-3.168352012465,
    78.100785833233));
#908 = CARTESIAN_POINT('',(-3.843070280232,-6.350675381398,
    78.444530834272));
#909 = CARTESIAN_POINT('',(0.189308728536,-6.899326555416,
    78.788284388362));
#910 = CARTESIAN_POINT('',(3.408429941524,-5.242968084022,
    79.132032643353));
#911 = CARTESIAN_POINT('',(4.953410603254,-2.513764408872,
    79.475783189847));
#912 = CARTESIAN_POINT('',(4.864967805365,0.160893143511,79.819533104629
    ));
#913 = CARTESIAN_POINT('',(4.776540228079,2.835549939114,80.163283189376
    ));
#914 = CARTESIAN_POINT('',(3.054425026092,5.456695371174,80.50703264504)
  );
#915 = CARTESIAN_POINT('',(-0.266683736022,6.896831243663,
    80.850784385413));
#916 = CARTESIAN_POINT('',(-4.254545124912,6.082704132094,
    81.194530836917));
#917 = CARTESIAN_POINT('',(-7.180791017811,2.700080810209,
    81.538285832876));
#918 = CARTESIAN_POINT('',(-7.208077579144,-1.773144570015,
    81.882030834539));
#919 = CARTESIAN_POINT('',(-4.744693352739,-5.012422079843,
    82.225784388216));
#920 = CARTESIAN_POINT('',(-1.297216589289,-6.117462209875,
    82.569532643406));
#921 = CARTESIAN_POINT('',(1.725090887732,-5.280090087719,82.91328318984
    ));
#922 = CARTESIAN_POINT('',(3.553820358145,-3.326283092504,
    83.257033104625));
#923 = CARTESIAN_POINT('',(5.382560576651,-1.372486876275,
    83.600783189379));
#924 = CARTESIAN_POINT('',(6.018270947462,1.698659424722,83.944532645056
    ));
#925 = CARTESIAN_POINT('',(4.688222264418,5.065375770193,84.288284385349
    ));
#926 = CARTESIAN_POINT('',(1.292703629208,7.309528157611,84.632030837034
    ));
#927 = CARTESIAN_POINT('',(-3.168340570513,6.986847648174,
    84.975785832751));
#928 = CARTESIAN_POINT('',(-6.350683086365,3.843058575235,85.3195308346)
  );
#929 = CARTESIAN_POINT('',(-6.899322486491,-0.189293735554,
    85.66328438825));
#930 = CARTESIAN_POINT('',(-5.242969659419,-3.408443706307,
    86.007032643313));
#931 = CARTESIAN_POINT('',(-2.513764041423,-4.953400946893,
    86.350783189931));
#932 = CARTESIAN_POINT('',(0.160893143529,-4.864973002057,
    86.694533104569));
#933 = CARTESIAN_POINT('',(2.835549939122,-4.776530203847,
    87.038283189493));
#934 = CARTESIAN_POINT('',(5.456695371098,-3.054440367538,
    87.382032644863));
#935 = CARTESIAN_POINT('',(6.89683124385,0.266702800388,87.725784385626)
  );
#936 = CARTESIAN_POINT('',(6.082704131758,4.254525711379,88.069530836714
    ));
#937 = CARTESIAN_POINT('',(2.700080810697,7.180807195873,88.41328583303)
  );
#938 = CARTESIAN_POINT('',(-1.773144570576,7.208066684943,
    88.757030834447));
#939 = CARTESIAN_POINT('',(-5.012422079343,4.744699106104,
    89.100784388258));
#940 = CARTESIAN_POINT('',(-6.117462210222,1.29721436141,89.444532643393
    ));
#941 = CARTESIAN_POINT('',(-5.280090087527,-1.725090367883,
    89.78828318984));
#942 = CARTESIAN_POINT('',(-3.326283092589,-3.553820358239,
    90.132033104627));
#943 = CARTESIAN_POINT('',(-1.372487395617,-5.382560576324,
    90.475783189377));
#944 = CARTESIAN_POINT('',(1.698661651466,-6.018270948131,
    90.819532645048));
#945 = CARTESIAN_POINT('',(5.065370018817,-4.688222263434,
    91.163284385378));
#946 = CARTESIAN_POINT('',(7.309539049128,-1.292703630332,
    91.507030836993));
#947 = CARTESIAN_POINT('',(6.986831472877,3.168340571528,91.850785832767
    ));
#948 = CARTESIAN_POINT('',(3.843077986616,6.350683085655,92.194530834647
    ));
#949 = CARTESIAN_POINT('',(-0.189312798691,6.899322486841,92.53828438814
    ));
#950 = CARTESIAN_POINT('',(-3.408428365338,5.242969659327,
    92.882032643441));
#951 = CARTESIAN_POINT('',(-4.953410971032,2.513764041415,93.22578318983
    ));
#952 = CARTESIAN_POINT('',(-4.864967805346,-0.160893143516,
    93.569533104626));
#953 = CARTESIAN_POINT('',(-4.776539860768,-2.835550306603,
    93.913283189385));
#954 = CARTESIAN_POINT('',(-3.054426600787,-5.456693795938,
    94.257032645024));
#955 = CARTESIAN_POINT('',(0.266687803054,-6.896835311804,
    94.600784385427));
#956 = CARTESIAN_POINT('',(4.254537423311,-6.082696428804,
    94.944530836916));
#957 = CARTESIAN_POINT('',(7.180802455467,-2.700092249785,
    95.288285832873));
#958 = CARTESIAN_POINT('',(7.208063853297,1.773158297442,95.632030834513
    ));
#959 = CARTESIAN_POINT('',(4.744706832429,5.012408599275,95.975784388291
    ));
#960 = CARTESIAN_POINT('',(1.29720574144,6.117473057997,96.319532643301)
  );
#961 = CARTESIAN_POINT('',(-1.725083799417,5.280082999401,
    96.663283189932));
#962 = CARTESIAN_POINT('',(-3.553824032892,3.32628676722,97.00703310457)
  );
#963 = CARTESIAN_POINT('',(-5.382553487967,1.372480307268,
    97.350783189494));
#964 = CARTESIAN_POINT('',(-6.018281796499,-1.698650802956,
    97.694532644852));
#965 = CARTESIAN_POINT('',(-4.688208782398,-5.065383500345,
    98.038284385659));
#966 = CARTESIAN_POINT('',(-1.292717358341,-7.309525320185,
    98.382030836657));
#967 = CARTESIAN_POINT('',(3.168352011638,-6.986842914205,
    98.725785833094));
#968 = CARTESIAN_POINT('',(6.350675382025,-3.843070281793,
    99.069530834399));
#969 = CARTESIAN_POINT('',(6.899326555095,0.189308729522,99.41328438828)
  );
#970 = CARTESIAN_POINT('',(5.24296808411,3.408429941103,99.757032643388)
  );
#971 = CARTESIAN_POINT('',(2.513764408873,4.953410603338,100.10078318984
    ));
#972 = CARTESIAN_POINT('',(-0.160893143516,4.864967805399,
    100.44453310462));
#973 = CARTESIAN_POINT('',(-2.835549939115,4.776540227995,
    100.78828318937));
#974 = CARTESIAN_POINT('',(-5.456695371154,3.05442502628,101.13203264503
    ));
#975 = CARTESIAN_POINT('',(-6.896831243719,-0.266683736384,
    101.47578438543));
#976 = CARTESIAN_POINT('',(-6.082704131998,-4.254545124351,
    101.81953083687));
#977 = CARTESIAN_POINT('',(-2.700080810336,-7.18079101848,
    102.16328583293));
#978 = CARTESIAN_POINT('',(1.773144570155,-7.208077578548,
    102.50703083448));
#979 = CARTESIAN_POINT('',(5.012422079722,-4.744693353116,
    102.85078438825));
#980 = CARTESIAN_POINT('',(6.117462209948,-1.297216589136,
    103.19453264338));
#981 = CARTESIAN_POINT('',(5.280090087699,1.725090887708,103.53828318984
    ));
#982 = CARTESIAN_POINT('',(3.326283092493,3.55382035813,103.88203310462)
  );
#983 = CARTESIAN_POINT('',(1.372486876306,5.382560576678,104.22578318937
    ));
#984 = CARTESIAN_POINT('',(-1.698659424788,6.018270947435,
    104.56953264506));
#985 = CARTESIAN_POINT('',(-5.065375770087,4.688222264414,
    104.91328438533));
#986 = CARTESIAN_POINT('',(-7.30952815773,1.292703629271,105.25703083705
    ));
#987 = CARTESIAN_POINT('',(-6.986847648093,-3.168340570622,
    105.60078583273));
#988 = CARTESIAN_POINT('',(-3.843058575243,-6.350683086256,
    105.9445308346));
#989 = CARTESIAN_POINT('',(0.18929373551,-6.899322486561,106.28828438825
    ));
#990 = CARTESIAN_POINT('',(3.40844370636,-5.242969659394,106.6320326433)
  );
#991 = CARTESIAN_POINT('',(4.953400946858,-2.513764041424,
    106.97578318993));
#992 = CARTESIAN_POINT('',(4.864973002071,0.160893143527,107.31953310456
    ));
#993 = CARTESIAN_POINT('',(4.865028277017,-0.167834561242,
    -2.642295804679));
#994 = CARTESIAN_POINT('',(4.957328143915,2.506855471251,-2.298545893142
    ));
#995 = CARTESIAN_POINT('',(3.415954081871,5.238412053719,-1.954795325052
    ));
#996 = CARTESIAN_POINT('',(0.199424397249,6.899534298835,-1.611047141258
    ));
#997 = CARTESIAN_POINT('',(-3.834536032004,6.356353581197,
    -1.267293438252));
#998 = CARTESIAN_POINT('',(-6.982609664447,3.17878281524,-0.923548651674
    ));
#999 = CARTESIAN_POINT('',(-7.311748965206,-1.282692378575,
    -0.579793435794));
#1000 = CARTESIAN_POINT('',(-5.072492582474,-4.681042534519,
    -0.236047144151));
#1001 = CARTESIAN_POINT('',(-1.707242651961,-6.016323153554,
    0.10770467663));
#1002 = CARTESIAN_POINT('',(1.364870666478,-5.384807970284,
    0.451454106386));
#1003 = CARTESIAN_POINT('',(3.321417528975,-3.558771441718,
    0.795204195321));
#1004 = CARTESIAN_POINT('',(5.277974850292,-1.73274584394,1.138954106857
    ));
#1005 = CARTESIAN_POINT('',(6.119560981384,1.288672390283,1.482704674949
    ));
#1006 = CARTESIAN_POINT('',(5.019721833294,4.737693146188,1.82645285874)
  );
#1007 = CARTESIAN_POINT('',(1.783194290049,7.20604715169,2.170206561752)
  );
#1008 = CARTESIAN_POINT('',(-2.689711759634,7.185189528838,
    2.513951348323));
#1009 = CARTESIAN_POINT('',(-6.077187754624,4.263186796423,
    2.857706564209));
#1010 = CARTESIAN_POINT('',(-6.896790821804,0.276796983503,
    3.201452855847));
#1011 = CARTESIAN_POINT('',(-5.461385756009,-3.046980043406,
    3.54520467663));
#1012 = CARTESIAN_POINT('',(-2.842524927466,-4.772743534868,
    3.888954106385));
#1013 = CARTESIAN_POINT('',(-0.167834561241,-4.865028277023,
    4.232704195321));
#1014 = CARTESIAN_POINT('',(2.50685547125,-4.957328143891,4.576454106858
    ));
#1015 = CARTESIAN_POINT('',(5.238412053715,-3.415954081927,
    4.920204674947));
#1016 = CARTESIAN_POINT('',(6.899534298852,-0.199424397154,
    5.263952858746));
#1017 = CARTESIAN_POINT('',(6.356353581168,3.834536031882,5.607706561743
    ));
#1018 = CARTESIAN_POINT('',(3.178782815267,6.982609664562,5.951451348331
    ));
#1019 = CARTESIAN_POINT('',(-1.282692378585,7.311748965131,
    6.295206564203));
#1020 = CARTESIAN_POINT('',(-4.681042534527,5.072492582502,6.63895285585
    ));
#1021 = CARTESIAN_POINT('',(-6.016323153539,1.707242651964,
    6.982704676629));
#1022 = CARTESIAN_POINT('',(-5.384807970297,-1.364870666491,
    7.326454106386));
#1023 = CARTESIAN_POINT('',(-3.558771441709,-3.321417528966,
    7.670204195321));
#1024 = CARTESIAN_POINT('',(-1.732745843974,-5.277974850327,
    8.013954106856));
#1025 = CARTESIAN_POINT('',(1.288672390374,-6.1195609813,8.357704674957)
  );
#1026 = CARTESIAN_POINT('',(4.737693146008,-5.019721833439,
    8.701452858721));
#1027 = CARTESIAN_POINT('',(7.206047151955,-1.783194289859,
    9.045206561782));
#1028 = CARTESIAN_POINT('',(7.185189528544,2.689711759446,9.388951348288
    ));
#1029 = CARTESIAN_POINT('',(4.263186796667,6.077187754764,9.732706564238
    ));
#1030 = CARTESIAN_POINT('',(0.27679698336,6.896790821731,10.076452855829
    ));
#1031 = CARTESIAN_POINT('',(-3.046980043355,5.461385756032,
    10.420204676638));
#1032 = CARTESIAN_POINT('',(-4.772743534867,2.842524927465,
    10.763954106384));
#1033 = CARTESIAN_POINT('',(-4.865028277038,0.16783456124,
    11.107704195321));
#1034 = CARTESIAN_POINT('',(-4.957327787315,-2.506855827784,
    11.451454106854));
#1035 = CARTESIAN_POINT('',(-3.415955610334,-5.238410525382,
    11.795204674965));
#1036 = CARTESIAN_POINT('',(-0.199420449962,-6.899538245949,
    12.138952858694));
#1037 = CARTESIAN_POINT('',(3.834528557619,-6.356346107002,
    12.482706561848));
#1038 = CARTESIAN_POINT('',(6.982620764015,-3.178793914643,
    12.826451348165));
#1039 = CARTESIAN_POINT('',(7.311735645876,1.282705697797,
    13.170206564411));
#1040 = CARTESIAN_POINT('',(5.072505662193,4.681029454841,
    13.513952855639));
#1041 = CARTESIAN_POINT('',(1.707232126502,6.016333679017,
    13.857704676802));
#1042 = CARTESIAN_POINT('',(-1.364863789074,5.384801092861,
    14.201454106272));
#1043 = CARTESIAN_POINT('',(-3.321421094296,3.558775007052,
    14.54520419538));
#1044 = CARTESIAN_POINT('',(-5.277967972936,1.732738966556,
    14.888954106741));
#1045 = CARTESIAN_POINT('',(-6.119571506677,-1.288661864972,
    15.232704675136));
#1046 = CARTESIAN_POINT('',(-5.019708753928,-4.737706225518,
    15.576452858491));
#1047 = CARTESIAN_POINT('',(-1.783207608822,-7.206033833022,
    15.920206562026));
#1048 = CARTESIAN_POINT('',(2.689722858536,-7.18520062761,
    16.263951348075));
#1049 = CARTESIAN_POINT('',(6.077180280842,-4.263179322732,
    16.607706564387));
#1050 = CARTESIAN_POINT('',(6.896794768686,-0.276800930361,
    16.951452855749));
#1051 = CARTESIAN_POINT('',(5.461384227745,3.046981571699,
    17.295204676669));
#1052 = CARTESIAN_POINT('',(2.842525283997,4.772743178285,
    17.638954106376));
#1053 = CARTESIAN_POINT('',(0.167834561238,4.865028277074,
    17.982704195321));
#1054 = CARTESIAN_POINT('',(-2.506855471256,4.957328143718,
    18.326454106863));
#1055 = CARTESIAN_POINT('',(-5.238412053636,3.415954082328,
    18.670204674924));
#1056 = CARTESIAN_POINT('',(-6.8995342991,0.199424396461,19.013952858795
    ));
#1057 = CARTESIAN_POINT('',(-6.356353580718,-3.834536030959,
    19.357706561672));
#1058 = CARTESIAN_POINT('',(-3.178782815832,-6.982609665519,
    19.701451348401));
#1059 = CARTESIAN_POINT('',(1.282692379113,-7.311748964356,
    20.045206564156));
#1060 = CARTESIAN_POINT('',(4.681042534142,-5.072492582992,
    20.388952855869));
#1061 = CARTESIAN_POINT('',(6.016323153762,-1.707242651718,
    20.732704676626));
#1062 = CARTESIAN_POINT('',(5.384807970197,1.364870666392,
    21.076454106384));
#1063 = CARTESIAN_POINT('',(3.55877144174,3.321417528998,21.420204195322
    ));
#1064 = CARTESIAN_POINT('',(1.732745843849,5.277974850203,
    21.763954106861));
#1065 = CARTESIAN_POINT('',(-1.288672390034,6.119560981562,
    22.107704674931));
#1066 = CARTESIAN_POINT('',(-4.737693146683,5.019721833046,
    22.451452858783));
#1067 = CARTESIAN_POINT('',(-7.206047150965,1.783194290318,
    22.795206561686));
#1068 = CARTESIAN_POINT('',(-7.185189529628,-2.689711759871,
    23.13895134839));
#1069 = CARTESIAN_POINT('',(-4.263186795774,-6.077187754461,
    23.482706564161));
#1070 = CARTESIAN_POINT('',(-0.276796983909,-6.896790821882,
    23.826452855869));
#1071 = CARTESIAN_POINT('',(3.046980043599,-5.461385755989,
    24.170204676624));
#1072 = CARTESIAN_POINT('',(4.772743534801,-2.842524927466,
    24.513954106385));
#1073 = CARTESIAN_POINT('',(4.865028277036,-0.167834561242,
    24.857704195322));
#1074 = CARTESIAN_POINT('',(4.957328143834,2.506855471252,
    25.201454106858));
#1075 = CARTESIAN_POINT('',(3.415954082073,5.238412053688,
    25.545204674941));
#1076 = CARTESIAN_POINT('',(0.19942439688,6.899534298946,25.888952858759
    ));
#1077 = CARTESIAN_POINT('',(-3.834536031486,6.356353580987,
    26.232706561723));
#1078 = CARTESIAN_POINT('',(-6.982609665008,3.178782815511,
    26.576451348351));
#1079 = CARTESIAN_POINT('',(-7.311748964737,-1.282692378836,
    26.92020656419));
#1080 = CARTESIAN_POINT('',(-5.072492582775,-4.68104253432,
    27.263952855855));
#1081 = CARTESIAN_POINT('',(-1.707242651812,-6.016323153676,
    27.607704676629));
#1082 = CARTESIAN_POINT('',(1.364870666422,-5.384807970227,
    27.951454106384));
#1083 = CARTESIAN_POINT('',(3.321417528991,-3.558771441733,
    28.295204195322));
#1084 = CARTESIAN_POINT('',(5.277974850231,-1.732745339666,
    28.638954106854));
#1085 = CARTESIAN_POINT('',(6.119560981497,1.28867022876,28.982704674962
    ));
#1086 = CARTESIAN_POINT('',(5.019721833151,4.737698728451,
    29.326452858703));
#1087 = CARTESIAN_POINT('',(1.783194290181,7.206036581334,
    29.670206561834));
#1088 = CARTESIAN_POINT('',(-2.689711759726,7.185205226001,
    30.013951348179));
#1089 = CARTESIAN_POINT('',(-6.077187754582,4.26316796003,
    30.357706564403));
#1090 = CARTESIAN_POINT('',(-6.896790821807,0.276815481042,
    30.701452855641));
#1091 = CARTESIAN_POINT('',(-5.461385756024,-3.046994928674,
    31.045204676803));
#1092 = CARTESIAN_POINT('',(-2.842524927452,-4.772733808734,
    31.388954106271));
#1093 = CARTESIAN_POINT('',(-0.167834561249,-4.865033319155,
    31.732704195381));
#1094 = CARTESIAN_POINT('',(2.506855471265,-4.957318417768,
    32.076454106744));
#1095 = CARTESIAN_POINT('',(5.238412053686,-3.415968967141,
    32.420204675119));
#1096 = CARTESIAN_POINT('',(6.899534298903,-0.199405899782,
    32.763952858533));
#1097 = CARTESIAN_POINT('',(6.356353581101,3.834517195835,33.10770656196
    ));
#1098 = CARTESIAN_POINT('',(3.17878281533,6.982625361226,33.451451348148
    ));
#1099 = CARTESIAN_POINT('',(-1.282692378621,7.311738395285,
    33.795206564329));
#1100 = CARTESIAN_POINT('',(-4.681042534522,5.072498164391,
    34.138952855782));
#1101 = CARTESIAN_POINT('',(-6.016323153532,1.707240490633,
    34.482704676656));
#1102 = CARTESIAN_POINT('',(-5.384807970301,-1.364870162283,
    34.82645410638));
#1103 = CARTESIAN_POINT('',(-3.558771441711,-3.321417528969,
    35.170204195321));
#1104 = CARTESIAN_POINT('',(-1.732745843966,-5.277974850321,
    35.513954106857));
#1105 = CARTESIAN_POINT('',(1.288672390351,-6.119560981317,
    35.857704674951));
#1106 = CARTESIAN_POINT('',(4.737693146062,-5.0197218334,36.201452858733
    ));
#1107 = CARTESIAN_POINT('',(7.206047151856,-1.783194289923,
    36.545206561764));
#1108 = CARTESIAN_POINT('',(7.185189528687,2.689711759516,
    36.888951348308));
#1109 = CARTESIAN_POINT('',(4.263186796507,6.077187754711,37.23270656422
    ));
#1110 = CARTESIAN_POINT('',(0.276796983492,6.896790821757,37.57645285584
    ));
#1111 = CARTESIAN_POINT('',(-3.046980043433,5.461385756026,
    37.920204676633));
#1112 = CARTESIAN_POINT('',(-4.772743534837,2.842524927465,
    38.263954106384));
#1113 = CARTESIAN_POINT('',(-4.865028277043,0.16783456124,
    38.607704195321));
#1114 = CARTESIAN_POINT('',(-4.957327787283,-2.506855827784,
    38.951454106854));
#1115 = CARTESIAN_POINT('',(-3.415955610433,-5.238410525378,
    39.295204674963));
#1116 = CARTESIAN_POINT('',(-0.199420449742,-6.899538245969,
    39.638952858703));
#1117 = CARTESIAN_POINT('',(3.834528557252,-6.356346106947,
    39.982706561829));
#1118 = CARTESIAN_POINT('',(6.982620764481,-3.178793914746,
    40.326451348191));
#1119 = CARTESIAN_POINT('',(7.311735645429,1.28270569794,40.670206564387
    ));
#1120 = CARTESIAN_POINT('',(5.072505662515,4.681029454692,
    41.013952855655));
#1121 = CARTESIAN_POINT('',(1.707232126329,6.016333679132,
    41.357704676795));
#1122 = CARTESIAN_POINT('',(-1.364863789006,5.384801092796,
    41.701454106274));
#1123 = CARTESIAN_POINT('',(-3.321421094316,3.558775007076,
    42.04520419538));
#1124 = CARTESIAN_POINT('',(-5.277967972939,1.732738966562,
    42.388954106736));
#1125 = CARTESIAN_POINT('',(-6.119571506622,-1.288661865099,
    42.732704675155));
#1126 = CARTESIAN_POINT('',(-5.01970875404,-4.737706225165,
    43.076452858449));
#1127 = CARTESIAN_POINT('',(-1.78320760868,-7.206033833612,
    43.420206562088));
#1128 = CARTESIAN_POINT('',(2.689722858408,-7.185200626923,
    43.763951348013));
#1129 = CARTESIAN_POINT('',(6.077180280923,-4.263179323316,
    44.10770656443));
#1130 = CARTESIAN_POINT('',(6.896794768655,-0.276800929993,
    44.451452855729));
#1131 = CARTESIAN_POINT('',(5.461384227746,3.046981571529,
    44.795204676674));
#1132 = CARTESIAN_POINT('',(2.842525284001,4.772743178337,
    45.138954106376));
#1133 = CARTESIAN_POINT('',(0.167834561237,4.865028277069,
    45.482704195321));
#1134 = CARTESIAN_POINT('',(-2.506855471245,4.957328143744,
    45.826454106863));
#1135 = CARTESIAN_POINT('',(-5.238412053699,3.415954082274,
    46.170204674928));
#1136 = CARTESIAN_POINT('',(-6.899534298924,0.199424396533,
    46.513952858787));
#1137 = CARTESIAN_POINT('',(-6.356353581031,-3.834536031038,
    46.857706561679));
#1138 = CARTESIAN_POINT('',(-3.178782815428,-6.982609665428,
    47.201451348402));
#1139 = CARTESIAN_POINT('',(1.282692378703,-7.311748964483,
    47.545206564147));
#1140 = CARTESIAN_POINT('',(4.68104253449,-5.07249258282,47.888952855881
    ));
#1141 = CARTESIAN_POINT('',(6.016323153508,-1.707242651905,
    48.232704676617));
#1142 = CARTESIAN_POINT('',(5.384807970355,1.364870666542,
    48.576454106388));
#1143 = CARTESIAN_POINT('',(3.558771441661,3.321417528911,
    48.920204195321));
#1144 = CARTESIAN_POINT('',(1.732745844144,5.277974850503,
    49.263954106849));
#1145 = CARTESIAN_POINT('',(-1.288672390821,6.11956098094,
    49.607704674987));
#1146 = CARTESIAN_POINT('',(-4.737693145136,5.019721833995,
    49.951452858649));
#1147 = CARTESIAN_POINT('',(-7.206047153225,1.783194289167,
    50.295206561895));
#1148 = CARTESIAN_POINT('',(-7.185189527162,-2.689711758754,
    50.638951348164));
#1149 = CARTESIAN_POINT('',(-4.263186797785,-6.077187755293,
    50.982706564334));
#1150 = CARTESIAN_POINT('',(-0.276796982708,-6.896790821448,
    51.326452855778));
#1151 = CARTESIAN_POINT('',(3.046980043112,-5.461385756119,
    51.670204676655));
#1152 = CARTESIAN_POINT('',(4.772743534887,-2.84252492746,
    52.013954106381));
#1153 = CARTESIAN_POINT('',(4.865028277082,-0.167834561236,
    52.35770419532));
#1154 = CARTESIAN_POINT('',(4.957327787188,2.506855827789,
    52.701454106859));
#1155 = CARTESIAN_POINT('',(3.415955610596,5.238410525322,
    53.045204674948));
#1156 = CARTESIAN_POINT('',(0.199420449555,6.899538246129,
    53.388952858729));
#1157 = CARTESIAN_POINT('',(-3.834528557132,6.356346106691,
    53.732706561801));
#1158 = CARTESIAN_POINT('',(-6.98262076446,3.178793915006,
    54.076451348206));
#1159 = CARTESIAN_POINT('',(-7.311735645571,-1.282705698099,
    54.420206564388));
#1160 = CARTESIAN_POINT('',(-5.072505662344,-4.681029454661,
    54.763952855645));
#1161 = CARTESIAN_POINT('',(-1.707232126454,-6.016333679088,
    55.107704676804));
#1162 = CARTESIAN_POINT('',(1.36486378907,-5.384801092851,
    55.451454106269));
#1163 = CARTESIAN_POINT('',(3.32142109429,-3.558775007039,
    55.795204195381));
#1164 = CARTESIAN_POINT('',(5.277967972835,-1.732738966453,
    56.13895410675));
#1165 = CARTESIAN_POINT('',(6.119571506962,1.288661864515,
    56.482704675091));
#1166 = CARTESIAN_POINT('',(5.01970875345,4.737706226593,56.826452858597
    ));
#1167 = CARTESIAN_POINT('',(1.783207609416,7.206033831309,
    57.170206561863));
#1168 = CARTESIAN_POINT('',(-2.689722859107,7.185200629589,
    57.513951348247));
#1169 = CARTESIAN_POINT('',(-6.077180280434,4.263179321028,
    57.85770656426));
#1170 = CARTESIAN_POINT('',(-6.896794768879,0.276800931464,
    58.201452855813));
#1171 = CARTESIAN_POINT('',(-5.461384227702,-3.046981572228,
    58.54520467665));
#1172 = CARTESIAN_POINT('',(-2.84252528399,-4.772743178113,
    58.888954106378));
#1173 = CARTESIAN_POINT('',(-0.167834561239,-4.865028277095,
    59.232704195323));
#1174 = CARTESIAN_POINT('',(2.506855471255,-4.957328143599,
    59.576454106864));
#1175 = CARTESIAN_POINT('',(5.238412053603,-3.415954082651,
    59.920204674912));
#1176 = CARTESIAN_POINT('',(6.899534299236,-0.199424395859,
    60.263952858826));
#1177 = CARTESIAN_POINT('',(6.356353580433,3.834536030125,
    60.607706561623));
#1178 = CARTESIAN_POINT('',(3.178782816229,6.982609666398,
    60.951451348453));
#1179 = CARTESIAN_POINT('',(-1.282692379511,7.311748963646,
    61.295206564117));
#1180 = CARTESIAN_POINT('',(-4.681042533841,5.07249258343,
    61.638952855889));
#1181 = CARTESIAN_POINT('',(-6.016323153934,1.707242651516,
    61.982704676621));
#1182 = CARTESIAN_POINT('',(-5.384807970126,-1.364870666322,
    62.326454106384));
#1183 = CARTESIAN_POINT('',(-3.558771441756,-3.321417529015,
    62.670204195323));
#1184 = CARTESIAN_POINT('',(-1.732745339566,-5.277974850132,
    63.013954106857));
#1185 = CARTESIAN_POINT('',(1.288670228482,-6.119560981705,
    63.357704674944));
#1186 = CARTESIAN_POINT('',(4.737698729003,-5.019721832854,
    63.701452858745));
#1187 = CARTESIAN_POINT('',(7.206036580525,-1.783194290493,
    64.045206561773));
#1188 = CARTESIAN_POINT('',(7.185205226887,2.689711759969,64.38895134824
    ));
#1189 = CARTESIAN_POINT('',(4.263167959298,6.077187754449,
    64.732706564362));
#1190 = CARTESIAN_POINT('',(0.276815481493,6.896790821847,
    65.076452855658));
#1191 = CARTESIAN_POINT('',(-3.046994928872,5.461385756028,
    65.420204676801));
#1192 = CARTESIAN_POINT('',(-4.772733808683,2.842524927446,
    65.763954106268));
#1193 = CARTESIAN_POINT('',(-4.865033319148,0.167834561244,
    66.107704195383));
#1194 = CARTESIAN_POINT('',(-4.957318417541,-2.506855471272,
    66.451454106755));
#1195 = CARTESIAN_POINT('',(-3.415968967941,-5.238412053521,
    66.795204675067));
#1196 = CARTESIAN_POINT('',(-0.199405898096,-6.899534299474,
    67.138952858658));
#1197 = CARTESIAN_POINT('',(3.834517193303,-6.356353579983,
    67.482706561768));
#1198 = CARTESIAN_POINT('',(6.982625364067,-3.178782816827,
    67.826451348351));
#1199 = CARTESIAN_POINT('',(7.311738392869,1.282692380107,68.17020656418
    ));
#1200 = CARTESIAN_POINT('',(5.072498165948,4.681042533386,
    68.513952855854));
#1201 = CARTESIAN_POINT('',(1.707240489877,6.016323154203,
    68.857704676637));
#1202 = CARTESIAN_POINT('',(-1.364870162008,5.384807970012,
    69.201454106378));
#1203 = CARTESIAN_POINT('',(-3.321417529041,3.558771441782,
    69.545204195324));
#1204 = CARTESIAN_POINT('',(-5.277974850015,1.732745843678,
    69.888954106865));
#1205 = CARTESIAN_POINT('',(-6.119560981989,-1.288672389563,
    70.2327046749));
#1206 = CARTESIAN_POINT('',(-5.019721832348,-4.73769314762,
    70.576452858865));
#1207 = CARTESIAN_POINT('',(-1.783194291209,-7.206047149588,
    70.920206561552));
#1208 = CARTESIAN_POINT('',(2.689711760766,-7.185189531125,
    71.263951348542));
#1209 = CARTESIAN_POINT('',(6.07718775378,-4.263186794585,
    71.607706564039));
#1210 = CARTESIAN_POINT('',(6.896790822244,-0.276796984565,
    71.951452855937));
#1211 = CARTESIAN_POINT('',(5.461385755878,3.046980043799,
    72.295204676601));
#1212 = CARTESIAN_POINT('',(2.842524927472,4.772743534834,
    72.638954106389));
#1213 = CARTESIAN_POINT('',(0.167834561248,4.865028276954,
    72.982704195322));
#1214 = CARTESIAN_POINT('',(-2.506855827777,4.957327787572,
    73.326454106843));
#1215 = CARTESIAN_POINT('',(-5.238410525488,3.415955609754,
    73.670204675003));
#1216 = CARTESIAN_POINT('',(-6.899538245641,0.199420450988,
    74.013952858609));
#1217 = CARTESIAN_POINT('',(-6.356346107527,-3.834528559059,
    74.35770656198));
#1218 = CARTESIAN_POINT('',(-3.178793914015,-6.982620762415,
    74.701451348018));
#1219 = CARTESIAN_POINT('',(1.282705697214,-7.311735647273,
    75.045206564532));
#1220 = CARTESIAN_POINT('',(4.681029455298,-5.072505661245,
    75.388952855567));
#1221 = CARTESIAN_POINT('',(6.016333678702,-1.707232126999,
    75.732704676833));
#1222 = CARTESIAN_POINT('',(5.384801093045,1.364863789276,
    76.076454106263));
#1223 = CARTESIAN_POINT('',(3.558775006967,3.32142109423,76.420204195382
    ));
#1224 = CARTESIAN_POINT('',(1.732738966419,5.2779679728,76.763954106764)
  );
#1225 = CARTESIAN_POINT('',(-1.288661864054,6.119571507227,
    77.107704675031));
#1226 = CARTESIAN_POINT('',(-4.737706227854,5.019708752872,
    77.451452858738));
#1227 = CARTESIAN_POINT('',(-7.206033829189,1.783207610243,
    77.795206561646));
#1228 = CARTESIAN_POINT('',(-7.185200632093,-2.689722859968,
    78.138951348483));
#1229 = CARTESIAN_POINT('',(-4.263179318869,-6.077180279787,
    78.482706564078));
#1230 = CARTESIAN_POINT('',(-0.276800932827,-6.896794769197,
    78.826452855909));
#1231 = CARTESIAN_POINT('',(3.046981572831,-5.46138422763,
    79.170204676619));
#1232 = CARTESIAN_POINT('',(4.772743177963,-2.842525283979,
    79.513954106381));
#1233 = CARTESIAN_POINT('',(4.865028277075,-0.167834561244,
    79.857704195325));
#1234 = CARTESIAN_POINT('',(4.957328143628,2.506855471236,
    80.201454106861));
#1235 = CARTESIAN_POINT('',(3.415954082606,5.238412053686,
    80.545204674916));
#1236 = CARTESIAN_POINT('',(0.199424395922,6.89953429904,80.888952858828
    ));
#1237 = CARTESIAN_POINT('',(-3.834536030206,6.356353580769,
    81.23270656161));
#1238 = CARTESIAN_POINT('',(-6.98260966628,3.178782815769,
    81.576451348478));
#1239 = CARTESIAN_POINT('',(-7.311748963827,-1.282692379007,
    81.920206564089));
#1240 = CARTESIAN_POINT('',(-5.072492583189,-4.681042534291,
    82.26395285591));
#1241 = CARTESIAN_POINT('',(-1.707242651761,-6.016323153605,
    82.607704676609));
#1242 = CARTESIAN_POINT('',(1.36487066651,-5.384807970324,
    82.951454106389));
#1243 = CARTESIAN_POINT('',(3.321417528908,-3.55877144166,
    83.295204195321));
#1244 = CARTESIAN_POINT('',(5.277974850507,-1.73274533995,
    83.638954106842));
#1245 = CARTESIAN_POINT('',(6.119560980923,1.288670229536,
    83.982704675015));
#1246 = CARTESIAN_POINT('',(5.019721834044,4.737698726902,
    84.326452858579));
#1247 = CARTESIAN_POINT('',(1.783194289081,7.206036583654,
    84.670206562026));
#1248 = CARTESIAN_POINT('',(-2.68971175865,7.185205223349,
    85.013951347968));
#1249 = CARTESIAN_POINT('',(-6.077187755392,4.263167962374,
    85.357706564569));
#1250 = CARTESIAN_POINT('',(-6.896790821376,0.276815479425,
    85.70145285555));
#1251 = CARTESIAN_POINT('',(-5.461385756159,-3.046994927802,
    86.045204676835));
#1252 = CARTESIAN_POINT('',(-2.842524927444,-4.772733809095,
    86.388954106265));
#1253 = CARTESIAN_POINT('',(-0.167834561241,-4.865033319049,
    86.73270419538));
#1254 = CARTESIAN_POINT('',(2.506855471272,-4.95731841784,
    87.076454106755));
#1255 = CARTESIAN_POINT('',(5.23841205357,-3.415968967304,
    87.420204675081));
#1256 = CARTESIAN_POINT('',(6.899534299274,-0.199405899143,
    87.763952858614));
#1257 = CARTESIAN_POINT('',(6.356353580391,3.834517194658,
    88.107706561842));
#1258 = CARTESIAN_POINT('',(3.178782816284,6.982625362683,
    88.451451348269));
#1259 = CARTESIAN_POINT('',(-1.282692379578,7.311738393975,
    88.795206564241));
#1260 = CARTESIAN_POINT('',(-4.681042533793,5.072498165262,
    89.138952855825));
#1261 = CARTESIAN_POINT('',(-6.016323153947,1.707240490211,
    89.482704676644));
#1262 = CARTESIAN_POINT('',(-5.384807970137,-1.364870162139,
    89.826454106379));
#1263 = CARTESIAN_POINT('',(-3.558771441742,-3.321417528999,
    90.170204195323));
#1264 = CARTESIAN_POINT('',(-1.732745843831,-5.277974850187,
    90.51395410686));
#1265 = CARTESIAN_POINT('',(1.288672389986,-6.11956098158,90.85770467493
    ));
#1266 = CARTESIAN_POINT('',(4.737693146755,-5.01972183307,
    91.201452858784));
#1267 = CARTESIAN_POINT('',(7.206047150908,-1.783194290206,
    91.545206561691));
#1268 = CARTESIAN_POINT('',(7.185189529627,2.689711759683,
    91.888951348376));
#1269 = CARTESIAN_POINT('',(4.263186795834,6.077187754647,
    92.232706564181));
#1270 = CARTESIAN_POINT('',(0.276796983841,6.896790821769,
    92.576452855853));
#1271 = CARTESIAN_POINT('',(-3.046980043569,5.461385756027,
    92.920204676633));
#1272 = CARTESIAN_POINT('',(-4.772743534792,2.842524927464,
    93.263954106383));
#1273 = CARTESIAN_POINT('',(-4.865028277057,0.167834561239,
    93.607704195322));
#1274 = CARTESIAN_POINT('',(-4.957327787253,-2.506855827785,
    93.951454106855));
#1275 = CARTESIAN_POINT('',(-3.415955610415,-5.238410525344,
    94.295204674959));
#1276 = CARTESIAN_POINT('',(-0.199420449983,-6.899538246075,
    94.638952858701));
#1277 = CARTESIAN_POINT('',(3.834528557917,-6.356346106804,
    94.982706561856));
#1278 = CARTESIAN_POINT('',(6.982620763385,-3.178793914791,
    95.32645134813));
#1279 = CARTESIAN_POINT('',(7.311735646663,1.282705697769,
    95.670206564464));
#1280 = CARTESIAN_POINT('',(5.072505661524,4.681029455037,
    96.013952855593));
#1281 = CARTESIAN_POINT('',(1.707232126905,6.016333678781,
    96.357704676826));
#1282 = CARTESIAN_POINT('',(-1.36486378925,5.384801093023,
    96.701454106265));
#1283 = CARTESIAN_POINT('',(-3.321421094239,3.558775006981,
    97.045204195381));
#1284 = CARTESIAN_POINT('',(-5.277967972887,1.732738966498,
    97.388954106757));
#1285 = CARTESIAN_POINT('',(-6.119571506939,-1.288661864431,
    97.732704675067));
#1286 = CARTESIAN_POINT('',(-5.019708753429,-4.737706226943,
    98.076452858652));
#1287 = CARTESIAN_POINT('',(-1.783207609467,-7.20603383067,
    98.420206561782));
#1288 = CARTESIAN_POINT('',(2.689722859164,-7.185200630349,
    98.763951348331));
#1289 = CARTESIAN_POINT('',(6.077180280395,-4.263179320383,
    99.107706564199));
#1290 = CARTESIAN_POINT('',(6.896794768887,-0.276800931871,
    99.451452855841));
#1291 = CARTESIAN_POINT('',(5.461384227714,3.046981572423,
    99.795204676643));
#1292 = CARTESIAN_POINT('',(2.842525283981,4.772743178045,
    100.13895410637));
#1293 = CARTESIAN_POINT('',(0.16783456124,4.865028277108,100.48270419532
    ));
#1294 = CARTESIAN_POINT('',(-2.506855471236,4.957328143546,
    100.82645410686));
#1295 = CARTESIAN_POINT('',(-5.238412053667,3.41595408279,101.1702046749
    ));
#1296 = CARTESIAN_POINT('',(-6.899534299095,0.199424395569,
    101.51395285885));
#1297 = CARTESIAN_POINT('',(-6.356353580676,-3.83453602966,
    101.85770656157));
#1298 = CARTESIAN_POINT('',(-3.178782815894,-6.982609666932,
    102.20145134852));
#1299 = CARTESIAN_POINT('',(1.282692379143,-7.311748963248,
    102.54520656405));
#1300 = CARTESIAN_POINT('',(4.681042534173,-5.072492583556,
    102.88895285593));
#1301 = CARTESIAN_POINT('',(6.016323153677,-1.707242651612,
    103.2327046766));
#1302 = CARTESIAN_POINT('',(5.384807970305,1.364870666487,
    103.57645410639));
#1303 = CARTESIAN_POINT('',(3.558771441649,3.321417528894,
    103.92020419532));
#1304 = CARTESIAN_POINT('',(1.73274533998,5.277974850533,104.26395410683
    ));
#1305 = CARTESIAN_POINT('',(-1.288670229599,6.119560980897,
    104.60770467502));
#1306 = CARTESIAN_POINT('',(-4.737698726801,5.019721834039,
    104.95145285856));
#1307 = CARTESIAN_POINT('',(-7.206036583766,1.783194289145,
    105.29520656203));
#1308 = CARTESIAN_POINT('',(-7.185205223274,-2.68971175876,
    105.63895134795));
#1309 = CARTESIAN_POINT('',(-4.26316796238,-6.077187755282,
    105.98270656457));
#1310 = CARTESIAN_POINT('',(-0.276815479469,-6.896790821445,
    106.32645285555));
#1311 = CARTESIAN_POINT('',(3.046994927854,-5.461385756134,
    106.67020467683));
#1312 = CARTESIAN_POINT('',(4.772733809061,-2.842524927446,
    107.01395410626));
#1313 = CARTESIAN_POINT('',(4.865033319063,-0.167834561243,
    107.35770419538));
#1314 = CARTESIAN_POINT('',(4.865077826047,-0.438965554945,
    -2.946313784787));
#1315 = CARTESIAN_POINT('',(5.106443232173,2.23575184277,-2.602564016121
    ));
#1316 = CARTESIAN_POINT('',(3.714128898144,5.058373628604,
    -2.258812530508));
#1317 = CARTESIAN_POINT('',(0.583883712059,6.901767954973,-1.91506728013
    ));
#1318 = CARTESIAN_POINT('',(-3.48813636243,6.582045554606,
    -1.571307596208));
#1319 = CARTESIAN_POINT('',(-6.819142361647,3.573629038289,
    -1.227571230139));
#1320 = CARTESIAN_POINT('',(-7.39725327852,-0.878192519066,
    -0.883807589773));
#1321 = CARTESIAN_POINT('',(-5.342865459195,-4.407709972255,
    -0.540067287704));
#1322 = CARTESIAN_POINT('',(-2.045422452126,-5.932911275586,
    -0.196312526105));
#1323 = CARTESIAN_POINT('',(1.067763633524,-5.471176765787,
    0.147435982643));
#1324 = CARTESIAN_POINT('',(3.129734001193,-3.750525042411,
    0.491186215212));
#1325 = CARTESIAN_POINT('',(5.191715926271,-2.029885348126,
    0.834935983881));
#1326 = CARTESIAN_POINT('',(6.203096024681,0.950524564439,1.178687469486
    ));
#1327 = CARTESIAN_POINT('',(5.29315505528,4.467418791006,1.522432719884)
  );
#1328 = CARTESIAN_POINT('',(2.187724170273,7.12069392118,1.866192403773)
  );
#1329 = CARTESIAN_POINT('',(-2.29492447949,7.348799132379,2.209928769882
    ));
#1330 = CARTESIAN_POINT('',(-5.851623840732,4.609672069828,2.55369241021
    ));
#1331 = CARTESIAN_POINT('',(-6.894698008091,0.661254786383,
    2.897432712306));
#1332 = CARTESIAN_POINT('',(-5.641533881423,-2.748869708908,
    3.241187473891));
#1333 = CARTESIAN_POINT('',(-3.11368328619,-4.62372909811,3.584935982644
    ));
#1334 = CARTESIAN_POINT('',(-0.438965554945,-4.865077826054,
    3.928686215213));
#1335 = CARTESIAN_POINT('',(2.235751842769,-5.106443232146,4.27243598388
    ));
#1336 = CARTESIAN_POINT('',(5.0583736286,-3.714128898207,4.61618746949)
  );
#1337 = CARTESIAN_POINT('',(6.90176795499,-0.583883711953,4.959932719875
    ));
#1338 = CARTESIAN_POINT('',(6.582045554577,3.488136362296,5.303692403787
    ));
#1339 = CARTESIAN_POINT('',(3.573629038314,6.819142361772,5.647428769864
    ));
#1340 = CARTESIAN_POINT('',(-0.878192519074,7.397253278439,
    5.991192410227));
#1341 = CARTESIAN_POINT('',(-4.407709972265,5.342865459224,
    6.334932712294));
#1342 = CARTESIAN_POINT('',(-5.932911275569,2.045422452131,
    6.678687473896));
#1343 = CARTESIAN_POINT('',(-5.471176765802,-1.067763633538,
    7.022435982643));
#1344 = CARTESIAN_POINT('',(-3.750525042401,-3.129734001182,
    7.366186215212));
#1345 = CARTESIAN_POINT('',(-2.029885348163,-5.191715926311,
    7.709935983878));
#1346 = CARTESIAN_POINT('',(0.950524564539,-6.203096024587,
    8.053687469499));
#1347 = CARTESIAN_POINT('',(4.467418790809,-5.293155055441,
    8.397432719854));
#1348 = CARTESIAN_POINT('',(7.12069392147,-2.187724170062,8.741192403818
    ));
#1349 = CARTESIAN_POINT('',(7.348799132059,2.294924479279,9.084928769831
    ));
#1350 = CARTESIAN_POINT('',(4.609672070092,5.85162384089,9.428692410251)
  );
#1351 = CARTESIAN_POINT('',(0.661254786228,6.894698008008,9.772432712281
    ));
#1352 = CARTESIAN_POINT('',(-2.748869708854,5.641533881448,10.1161874739
    ));
#1353 = CARTESIAN_POINT('',(-4.623729098108,3.113683286189,
    10.459935982642));
#1354 = CARTESIAN_POINT('',(-4.865077826069,0.438965554944,
    10.803686215212));
#1355 = CARTESIAN_POINT('',(-5.106442838947,-2.235752235923,
    11.147435983867));
#1356 = CARTESIAN_POINT('',(-3.714130583592,-5.058371943289,
    11.491187469548));
#1357 = CARTESIAN_POINT('',(-0.583879359358,-6.901772307498,
    11.83493271972));
#1358 = CARTESIAN_POINT('',(3.488128120377,-6.58203731273,12.17869240409
    ));
#1359 = CARTESIAN_POINT('',(6.819154601212,-3.573641277722,
    12.522428769402));
#1360 = CARTESIAN_POINT('',(7.39723859121,0.878207206321,12.866192410793
    ));
#1361 = CARTESIAN_POINT('',(5.342879882286,4.407695549147,13.20993271173
    ));
#1362 = CARTESIAN_POINT('',(2.045410845634,5.932922882132,
    13.553687474353));
#1363 = CARTESIAN_POINT('',(-1.067756049764,5.471169181976,
    13.897435982344));
#1364 = CARTESIAN_POINT('',(-3.129737932696,3.750528973945,
    14.241186215367));
#1365 = CARTESIAN_POINT('',(-5.191708342565,2.029877764358,
    14.584935983576));
#1366 = CARTESIAN_POINT('',(-6.203107630991,-0.95051295806,
    14.928687469968));
#1367 = CARTESIAN_POINT('',(-5.293140632578,-4.467433213731,
    15.272432719262));
#1368 = CARTESIAN_POINT('',(-2.18773885697,-7.120679234533,
    15.616192404433));
#1369 = CARTESIAN_POINT('',(2.29493671832,-7.348811371124,
    15.959928769312));
#1370 = CARTESIAN_POINT('',(5.851615599344,-4.609663828501,
    16.303692410603));
#1371 = CARTESIAN_POINT('',(6.894702360343,-0.66125913863,
    16.647432712096));
#1372 = CARTESIAN_POINT('',(5.641532196195,2.748871394176,
    16.991187473971));
#1373 = CARTESIAN_POINT('',(3.113683679339,4.623728704902,
    17.334935982626));
#1374 = CARTESIAN_POINT('',(0.438965554941,4.86507782611,17.678686215212
    ));
#1375 = CARTESIAN_POINT('',(-2.235751842775,5.106443231955,
    18.022435983887));
#1376 = CARTESIAN_POINT('',(-5.058373628513,3.714128898648,
    18.366187469463));
#1377 = CARTESIAN_POINT('',(-6.901767955262,0.583883711189,
    18.709932719931));
#1378 = CARTESIAN_POINT('',(-6.582045554082,-3.488136361278,
    19.053692403711));
#1379 = CARTESIAN_POINT('',(-3.573629038936,-6.819142362827,
    19.397428769933));
#1380 = CARTESIAN_POINT('',(0.878192519654,-7.397253277586,
    19.741192410186));
#1381 = CARTESIAN_POINT('',(4.407709971843,-5.342865459764,
    20.084932712308));
#1382 = CARTESIAN_POINT('',(5.932911275814,-2.045422451861,
    20.428687473896));
#1383 = CARTESIAN_POINT('',(5.471176765692,1.067763633429,
    20.772435982641));
#1384 = CARTESIAN_POINT('',(3.750525042435,3.129734001218,
    21.116186215213));
#1385 = CARTESIAN_POINT('',(2.029885348026,5.191715926173,
    21.459935983885));
#1386 = CARTESIAN_POINT('',(-0.950524564165,6.203096024878,
    21.803687469468));
#1387 = CARTESIAN_POINT('',(-4.467418791551,5.293155055004,
    22.147432719924));
#1388 = CARTESIAN_POINT('',(-7.120693920382,2.187724170573,
    22.491192403717));
#1389 = CARTESIAN_POINT('',(-7.34879913325,-2.294924479752,
    22.834928769933));
#1390 = CARTESIAN_POINT('',(-4.609672069112,-5.851623840554,
    23.178692410181));
#1391 = CARTESIAN_POINT('',(-0.661254786831,-6.894698008176,
    23.522432712314));
#1392 = CARTESIAN_POINT('',(2.748869709121,-5.641533881401,
    23.866187473892));
#1393 = CARTESIAN_POINT('',(4.623729098037,-3.113683286189,
    24.209935982642));
#1394 = CARTESIAN_POINT('',(4.865077826067,-0.438965554945,
    24.553686215213));
#1395 = CARTESIAN_POINT('',(5.106443232084,2.235751842771,
    24.897435983882));
#1396 = CARTESIAN_POINT('',(3.714128898367,5.05837362857,25.241187469481
    ));
#1397 = CARTESIAN_POINT('',(0.583883711652,6.901767955093,
    25.584932719896));
#1398 = CARTESIAN_POINT('',(-3.488136361861,6.582045554377,
    25.928692403757));
#1399 = CARTESIAN_POINT('',(-6.819142362261,3.573629038584,
    26.272428769893));
#1400 = CARTESIAN_POINT('',(-7.397253278008,-0.878192519352,
    26.616192410209));
#1401 = CARTESIAN_POINT('',(-5.342865459524,-4.407709972036,
    26.9599327123));
#1402 = CARTESIAN_POINT('',(-2.045422451965,-5.932911275721,
    27.303687473896));
#1403 = CARTESIAN_POINT('',(1.067763633462,-5.471176765725,
    27.647435982642));
#1404 = CARTESIAN_POINT('',(3.12973400121,-3.750525042427,
    27.991186215213));
#1405 = CARTESIAN_POINT('',(5.191715926206,-2.029884792058,
    28.334935983867));
#1406 = CARTESIAN_POINT('',(6.203096024801,0.950522180909,
    28.678687469544));
#1407 = CARTESIAN_POINT('',(5.293155055135,4.467424946617,
    29.022432719731));
#1408 = CARTESIAN_POINT('',(2.187724170395,7.120682265152,
    29.366192404073));
#1409 = CARTESIAN_POINT('',(-2.294924479555,7.348816441785,
    29.709928769417));
#1410 = CARTESIAN_POINT('',(-5.85162384073,4.609651298765,
    30.053692410784));
#1411 = CARTESIAN_POINT('',(-6.89469800805,0.661275183788,
    30.397432711733));
#1412 = CARTESIAN_POINT('',(-5.641533881474,-2.748886123028,
    30.741187474353));
#1413 = CARTESIAN_POINT('',(-3.113683286151,-4.623718373014,
    31.084935982343));
#1414 = CARTESIAN_POINT('',(-0.438965554965,-4.865083386058,
    31.428686215368));
#1415 = CARTESIAN_POINT('',(2.235751842808,-5.106432507062,
    31.772435983581));
#1416 = CARTESIAN_POINT('',(5.058373628533,-3.714145312266,
    32.116187469946));
#1417 = CARTESIAN_POINT('',(6.901767955089,-0.583863314734,
    32.45993271931));
#1418 = CARTESIAN_POINT('',(6.58204555446,3.488115591617,32.803692404362
    ));
#1419 = CARTESIAN_POINT('',(3.573629038418,6.819159670625,
    33.147428769384));
#1420 = CARTESIAN_POINT('',(-0.878192519134,7.397241622977,
    33.491192410551));
#1421 = CARTESIAN_POINT('',(-4.40770997225,5.342871614422,
    33.834932712122));
#1422 = CARTESIAN_POINT('',(-5.932911275564,2.045420068814,
    34.178687473963));
#1423 = CARTESIAN_POINT('',(-5.471176765806,-1.067763077544,
    34.522435982628));
#1424 = CARTESIAN_POINT('',(-3.750525042403,-3.129734001185,
    34.866186215212));
#1425 = CARTESIAN_POINT('',(-2.029885348155,-5.191715926304,
    35.209935983879));
#1426 = CARTESIAN_POINT('',(0.950524564515,-6.203096024605,
    35.553687469496));
#1427 = CARTESIAN_POINT('',(4.467418790867,-5.293155055399,
    35.89743271986));
#1428 = CARTESIAN_POINT('',(7.120693921361,-2.187724170133,
    36.24119240381));
#1429 = CARTESIAN_POINT('',(7.348799132216,2.294924479359,
    36.584928769842));
#1430 = CARTESIAN_POINT('',(4.609672069918,5.851623840829,
    36.928692410241));
#1431 = CARTESIAN_POINT('',(0.661254786372,6.894698008038,
    37.272432712288));
#1432 = CARTESIAN_POINT('',(-2.748869708939,5.641533881441,
    37.616187473898));
#1433 = CARTESIAN_POINT('',(-4.623729098076,3.113683286188,
    37.959935982643));
#1434 = CARTESIAN_POINT('',(-4.865077826075,0.438965554944,
    38.303686215213));
#1435 = CARTESIAN_POINT('',(-5.106442838913,-2.235752235923,
    38.647435983867));
#1436 = CARTESIAN_POINT('',(-3.7141305837,-5.058371943285,
    38.991187469545));
#1437 = CARTESIAN_POINT('',(-0.583879359116,-6.901772307522,
    39.33493271973));
#1438 = CARTESIAN_POINT('',(3.488128119972,-6.582037312666,
    39.678692404072));
#1439 = CARTESIAN_POINT('',(6.819154601727,-3.573641277838,
    40.022428769423));
#1440 = CARTESIAN_POINT('',(7.397238590716,0.878207206479,
    40.366192410774));
#1441 = CARTESIAN_POINT('',(5.342879882642,4.407695548983,
    40.709932711742));
#1442 = CARTESIAN_POINT('',(2.045410845444,5.93292288226,41.053687474349
    ));
#1443 = CARTESIAN_POINT('',(-1.067756049689,5.471169181904,
    41.397435982344));
#1444 = CARTESIAN_POINT('',(-3.129737932718,3.750528973971,
    41.741186215368));
#1445 = CARTESIAN_POINT('',(-5.191708342569,2.029877764363,
    42.084935983569));
#1446 = CARTESIAN_POINT('',(-6.203107630929,-0.950512958199,
    42.428687469993));
#1447 = CARTESIAN_POINT('',(-5.293140632702,-4.467433213344,
    42.772432719208));
#1448 = CARTESIAN_POINT('',(-2.187738856814,-7.120679235179,
    43.116192404507));
#1449 = CARTESIAN_POINT('',(2.294936718183,-7.348811370371,
    43.459928769242));
#1450 = CARTESIAN_POINT('',(5.851615599431,-4.609663829142,
    43.803692410646));
#1451 = CARTESIAN_POINT('',(6.894702360312,-0.661259138225,
    44.14743271208));
#1452 = CARTESIAN_POINT('',(5.641532196196,2.748871393989,
    44.491187473973));
#1453 = CARTESIAN_POINT('',(3.113683679344,4.623728704959,
    44.834935982627));
#1454 = CARTESIAN_POINT('',(0.438965554941,4.865077826104,
    45.178686215212));
#1455 = CARTESIAN_POINT('',(-2.235751842763,5.106443231984,
    45.522435983888));
#1456 = CARTESIAN_POINT('',(-5.058373628582,3.714128898591,
    45.866187469464));
#1457 = CARTESIAN_POINT('',(-6.901767955068,0.583883711267,
    46.209932719929));
#1458 = CARTESIAN_POINT('',(-6.582045554427,-3.488136361365,
    46.55369240371));
#1459 = CARTESIAN_POINT('',(-3.573629038492,-6.819142362724,
    46.897428769943));
#1460 = CARTESIAN_POINT('',(0.878192519204,-7.39725327773,47.24119241017
    ));
#1461 = CARTESIAN_POINT('',(4.407709972224,-5.342865459571,
    47.584932712322));
#1462 = CARTESIAN_POINT('',(5.932911275534,-2.045422452068,
    47.928687473888));
#1463 = CARTESIAN_POINT('',(5.471176765866,1.067763633595,
    48.272435982644));
#1464 = CARTESIAN_POINT('',(3.750525042348,3.129734001121,
    48.616186215213));
#1465 = CARTESIAN_POINT('',(2.029885348351,5.191715926505,
    48.959935983866));
#1466 = CARTESIAN_POINT('',(-0.950524565032,6.203096024189,
    49.303687469543));
#1467 = CARTESIAN_POINT('',(-4.467418789848,5.293155056057,
    49.64743271976));
#1468 = CARTESIAN_POINT('',(-7.120693922869,2.187724169297,
    49.991192403953));
#1469 = CARTESIAN_POINT('',(-7.348799130537,-2.294924478518,
    50.334928769699));
#1470 = CARTESIAN_POINT('',(-4.609672071325,-5.851623841469,
    50.678692410341));
#1471 = CARTESIAN_POINT('',(-0.661254785509,-6.8946980077,
    51.022432712242));
#1472 = CARTESIAN_POINT('',(2.748869708586,-5.641533881543,
    51.366187473909));
#1473 = CARTESIAN_POINT('',(4.623729098131,-3.113683286184,
    51.709935982643));
#1474 = CARTESIAN_POINT('',(4.865077826118,-0.438965554939,
    52.053686215211));
#1475 = CARTESIAN_POINT('',(5.106442838807,2.235752235928,
    52.397435983874));
#1476 = CARTESIAN_POINT('',(3.71413058388,5.058371943223,52.741187469525
    ));
#1477 = CARTESIAN_POINT('',(0.583879358909,6.901772307697,
    53.084932719765));
#1478 = CARTESIAN_POINT('',(-3.48812811984,6.582037312387,
    53.428692404031));
#1479 = CARTESIAN_POINT('',(-6.819154601701,3.573641278121,
    53.772428769453));
#1480 = CARTESIAN_POINT('',(-7.397238590875,-0.878207206652,
    54.116192410764));
#1481 = CARTESIAN_POINT('',(-5.342879882451,-4.407695548949,
    54.459932711739));
#1482 = CARTESIAN_POINT('',(-2.045410845582,-5.932922882211,
    54.803687474353));
#1483 = CARTESIAN_POINT('',(1.06775604976,-5.471169181965,
    55.147435982342));
#1484 = CARTESIAN_POINT('',(3.129737932689,-3.750528973931,
    55.491186215368));
#1485 = CARTESIAN_POINT('',(5.191708342453,-2.029877764244,
    55.83493598359));
#1486 = CARTESIAN_POINT('',(6.203107631307,0.950512957557,
    56.178687469908));
#1487 = CARTESIAN_POINT('',(5.293140632047,4.467433214916,
    56.522432719392));
#1488 = CARTESIAN_POINT('',(2.18773885763,7.120679232643,56.866192404248
    ));
#1489 = CARTESIAN_POINT('',(-2.294936718953,7.348811373306,
    57.209928769492));
#1490 = CARTESIAN_POINT('',(-5.851615598894,4.609663826622,
    57.553692410484));
#1491 = CARTESIAN_POINT('',(-6.894702360556,0.661259139846,
    57.897432712147));
#1492 = CARTESIAN_POINT('',(-5.641532196149,-2.748871394758,
    58.241187473961));
#1493 = CARTESIAN_POINT('',(-3.113683679331,-4.623728704713,
    58.584935982625));
#1494 = CARTESIAN_POINT('',(-0.438965554943,-4.865077826132,
    58.928686215214));
#1495 = CARTESIAN_POINT('',(2.235751842774,-5.106443231824,
    59.27243598389));
#1496 = CARTESIAN_POINT('',(5.058373628477,-3.714128899006,
    59.616187469443));
#1497 = CARTESIAN_POINT('',(6.901767955411,-0.583883710523,
    59.959932719977));
#1498 = CARTESIAN_POINT('',(6.58204555377,3.488136360357,60.303692403644
    ));
#1499 = CARTESIAN_POINT('',(3.573629039371,6.819142363796,
    60.647428770001));
#1500 = CARTESIAN_POINT('',(-0.878192520092,7.397253276804,
    60.991192410139));
#1501 = CARTESIAN_POINT('',(-4.407709971511,5.342865460244,
    61.334932712328));
#1502 = CARTESIAN_POINT('',(-5.932911276004,2.045422451639,
    61.678687473892));
#1503 = CARTESIAN_POINT('',(-5.471176765613,-1.067763633352,
    62.02243598264));
#1504 = CARTESIAN_POINT('',(-3.750525042453,-3.129734001237,
    62.366186215214));
#1505 = CARTESIAN_POINT('',(-2.029884791948,-5.191715926097,
    62.709935983872));
#1506 = CARTESIAN_POINT('',(0.950522180603,-6.203096025031,
    63.05368746952));
#1507 = CARTESIAN_POINT('',(4.467424947225,-5.293155054805,
    63.397432719784));
#1508 = CARTESIAN_POINT('',(7.120682264262,-2.187724170741,
    63.741192404001));
#1509 = CARTESIAN_POINT('',(7.34881644276,2.294924479825,64.084928769484
    ));
#1510 = CARTESIAN_POINT('',(4.609651297959,5.851623840583,
    64.428692410744));
#1511 = CARTESIAN_POINT('',(0.661275184285,6.894698008094,
    64.772432711746));
#1512 = CARTESIAN_POINT('',(-2.748886123247,5.641533881478,
    65.116187474354));
#1513 = CARTESIAN_POINT('',(-4.623718372958,3.113683286146,
    65.45993598234));
#1514 = CARTESIAN_POINT('',(-4.86508338605,0.43896555496,65.803686215369
    ));
#1515 = CARTESIAN_POINT('',(-5.106432506812,-2.235751842814,
    66.147435983598));
#1516 = CARTESIAN_POINT('',(-3.714145313149,-5.058373628353,
    66.491187469872));
#1517 = CARTESIAN_POINT('',(-0.583863312875,-6.901767955716,
    66.834932719473));
#1518 = CARTESIAN_POINT('',(3.488115588826,-6.58204555323,
    67.178692404129));
#1519 = CARTESIAN_POINT('',(6.819159673754,-3.573629040069,
    67.522428769611));
#1520 = CARTESIAN_POINT('',(7.397241620317,0.878192520775,
    67.866192410402));
#1521 = CARTESIAN_POINT('',(5.342871616135,4.407709970994,
    68.209932712183));
#1522 = CARTESIAN_POINT('',(2.045420067981,5.932911276305,
    68.553687473953));
#1523 = CARTESIAN_POINT('',(-1.067763077241,5.471176765487,
    68.897435982623));
#1524 = CARTESIAN_POINT('',(-3.129734001265,3.750525042481,
    69.241186215215));
#1525 = CARTESIAN_POINT('',(-5.191715925965,2.029885347838,
    69.584935983892));
#1526 = CARTESIAN_POINT('',(-6.20309602535,-0.950524563647,
    69.928687469427));
#1527 = CARTESIAN_POINT('',(-5.293155054234,-4.467418792583,
    70.272432720022));
#1528 = CARTESIAN_POINT('',(-2.187724171556,-7.120693918865,
    70.616192403569));
#1529 = CARTESIAN_POINT('',(2.29492448074,-7.3487991349,70.959928770084)
  );
#1530 = CARTESIAN_POINT('',(5.851623839803,-4.609672067802,
    71.303692410074));
#1531 = CARTESIAN_POINT('',(6.894698008573,-0.661254787554,
    71.647432712363));
#1532 = CARTESIAN_POINT('',(5.64153388128,2.748869709341,71.99118747388)
  );
#1533 = CARTESIAN_POINT('',(3.113683286196,4.623729098073,
    72.334935982642));
#1534 = CARTESIAN_POINT('',(0.438965554953,4.865077825976,
    72.678686215214));
#1535 = CARTESIAN_POINT('',(-2.235752235915,5.106442839231,
    73.022435983853));
#1536 = CARTESIAN_POINT('',(-5.058371943405,3.71413058295,
    73.366187469596));
#1537 = CARTESIAN_POINT('',(-6.901772307162,0.583879360491,
    73.709932719621));
#1538 = CARTESIAN_POINT('',(-6.582037313305,-3.488128121966,
    74.053692404231));
#1539 = CARTESIAN_POINT('',(-3.573641277032,-6.819154599449,
    74.397428769258));
#1540 = CARTESIAN_POINT('',(0.878207205677,-7.397238592748,
    74.741192410898));
#1541 = CARTESIAN_POINT('',(4.407695549653,-5.342879881243,
    75.084932711677));
#1542 = CARTESIAN_POINT('',(5.932922881784,-2.045410846181,
    75.428687474371));
#1543 = CARTESIAN_POINT('',(5.471169182179,1.067756049987,75.77243598234
    ));
#1544 = CARTESIAN_POINT('',(3.750528973851,3.129737932623,
    76.116186215368));
#1545 = CARTESIAN_POINT('',(2.029877764206,5.191708342414,
    76.459935983612));
#1546 = CARTESIAN_POINT('',(-0.950512957049,6.203107631602,
    76.803687469827));
#1547 = CARTESIAN_POINT('',(-4.467433216305,5.293140631406,
    77.147432719567));
#1548 = CARTESIAN_POINT('',(-7.120679230309,2.187738858544,
    77.491192403997));
#1549 = CARTESIAN_POINT('',(-7.348811376062,-2.294936719903,
    77.834928769741));
#1550 = CARTESIAN_POINT('',(-4.609663824246,-5.851615598184,
    78.178692410314));
#1551 = CARTESIAN_POINT('',(-0.661259141346,-6.894702360902,
    78.522432712221));
#1552 = CARTESIAN_POINT('',(2.748871395422,-5.641532196072,
    78.866187473945));
#1553 = CARTESIAN_POINT('',(4.623728704548,-3.113683679318,
    79.209935982622));
#1554 = CARTESIAN_POINT('',(4.86507782611,-0.438965554948,
    79.553686215216));
#1555 = CARTESIAN_POINT('',(5.106443231857,2.235751842753,
    79.897435983886));
#1556 = CARTESIAN_POINT('',(3.714128898956,5.058373628569,
    80.241187469448));
#1557 = CARTESIAN_POINT('',(0.583883710594,6.901767955196,
    80.584932719978));
#1558 = CARTESIAN_POINT('',(-3.488136360448,6.582045554139,
    80.928692403633));
#1559 = CARTESIAN_POINT('',(-6.819142363667,3.573629038867,
    81.272428770021));
#1560 = CARTESIAN_POINT('',(-7.397253277003,-0.878192519538,
    81.616192410117));
#1561 = CARTESIAN_POINT('',(-5.342865459981,-4.407709972006,
    81.959932712344));
#1562 = CARTESIAN_POINT('',(-2.045422451908,-5.932911275641,
    82.303687473884));
#1563 = CARTESIAN_POINT('',(1.06776363356,-5.471176765832,
    82.647435982643));
#1564 = CARTESIAN_POINT('',(3.129734001118,-3.750525042347,
    82.991186215213));
#1565 = CARTESIAN_POINT('',(5.19171592651,-2.029884792371,83.33493598385
    ));
#1566 = CARTESIAN_POINT('',(6.203096024167,0.950522181763,
    83.678687469609));
#1567 = CARTESIAN_POINT('',(5.293155056121,4.467424944912,
    84.022432719591));
#1568 = CARTESIAN_POINT('',(2.187724169182,7.120682267706,
    84.366192404276));
#1569 = CARTESIAN_POINT('',(-2.29492447837,7.348816438865,
    84.709928769215));
#1570 = CARTESIAN_POINT('',(-5.851623841619,4.609651301348,
    85.053692410925));
#1571 = CARTESIAN_POINT('',(-6.894698007579,0.661275182005,
    85.397432711668));
#1572 = CARTESIAN_POINT('',(-5.641533881621,-2.748886122067,
    85.74118747437));
#1573 = CARTESIAN_POINT('',(-3.113683286143,-4.623718373412,
    86.084935982343));
#1574 = CARTESIAN_POINT('',(-0.438965554956,-4.865083385941,
    86.428686215366));
#1575 = CARTESIAN_POINT('',(2.235751842815,-5.106432507142,
    86.772435983597));
#1576 = CARTESIAN_POINT('',(5.058373628407,-3.714145312446,
    87.116187469894));
#1577 = CARTESIAN_POINT('',(6.901767955496,-0.58386331403,
    87.459932719416));
#1578 = CARTESIAN_POINT('',(6.58204555368,3.488115590322,87.803692404218
    ));
#1579 = CARTESIAN_POINT('',(3.573629039468,6.819159672227,
    88.147428769521));
#1580 = CARTESIAN_POINT('',(-0.878192520189,7.397241621537,
    88.491192410463));
#1581 = CARTESIAN_POINT('',(-4.407709971445,5.342871615378,
    88.834932712158));
#1582 = CARTESIAN_POINT('',(-5.932911276022,2.04542006835,
    89.178687473957));
#1583 = CARTESIAN_POINT('',(-5.471176765625,-1.067763077386,
    89.522435982625));
#1584 = CARTESIAN_POINT('',(-3.750525042437,-3.129734001219,
    89.866186215214));
#1585 = CARTESIAN_POINT('',(-2.029885348007,-5.191715926156,
    90.209935983884));
#1586 = CARTESIAN_POINT('',(0.950524564113,-6.203096024897,
    90.553687469467));
#1587 = CARTESIAN_POINT('',(4.467418791629,-5.293155055033,
    90.897432719926));
#1588 = CARTESIAN_POINT('',(7.120693920318,-2.187724170446,
    91.241192403717));
#1589 = CARTESIAN_POINT('',(7.348799133251,2.294924479545,
    91.584928769926));
#1590 = CARTESIAN_POINT('',(4.609672069176,5.851623840757,
    91.928692410192));
#1591 = CARTESIAN_POINT('',(0.661254786758,6.894698008052,
    92.272432712304));
#1592 = CARTESIAN_POINT('',(-2.748869709089,5.641533881442,
    92.616187473896));
#1593 = CARTESIAN_POINT('',(-4.623729098027,3.113683286188,
    92.959935982642));
#1594 = CARTESIAN_POINT('',(-4.865077826091,0.438965554943,
    93.303686215213));
#1595 = CARTESIAN_POINT('',(-5.106442838879,-2.235752235924,
    93.647435983869));
#1596 = CARTESIAN_POINT('',(-3.714130583681,-5.058371943248,
    93.991187469539));
#1597 = CARTESIAN_POINT('',(-0.58387935938,-6.901772307635,
    94.334932719733));
#1598 = CARTESIAN_POINT('',(3.488128120703,-6.582037312514,
    94.678692404085));
#1599 = CARTESIAN_POINT('',(6.81915460052,-3.573641277881,
    95.022428769386));
#1600 = CARTESIAN_POINT('',(7.397238592075,0.878207206285,
    95.366192410823));
#1601 = CARTESIAN_POINT('',(5.342879881551,4.407695549366,
    95.709932711704));
#1602 = CARTESIAN_POINT('',(2.045410846078,5.932922881871,
    96.053687474366));
#1603 = CARTESIAN_POINT('',(-1.067756049958,5.471169182155,
    96.397435982341));
#1604 = CARTESIAN_POINT('',(-3.129737932633,3.750528973866,
    96.741186215367));
#1605 = CARTESIAN_POINT('',(-5.19170834251,2.029877764294,97.0849359836)
  );
#1606 = CARTESIAN_POINT('',(-6.203107631283,-0.950512957464,
    97.428687469875));
#1607 = CARTESIAN_POINT('',(-5.293140632023,-4.467433215301,
    97.772432719461));
#1608 = CARTESIAN_POINT('',(-2.187738857687,-7.120679231942,
    98.11619240415));
#1609 = CARTESIAN_POINT('',(2.294936719016,-7.348811374141,
    98.459928769586));
#1610 = CARTESIAN_POINT('',(5.851615598852,-4.609663825913,
    98.803692410422));
#1611 = CARTESIAN_POINT('',(6.894702360563,-0.661259140294,
    99.147432712172));
#1612 = CARTESIAN_POINT('',(5.641532196163,2.748871394973,
    99.491187473957));
#1613 = CARTESIAN_POINT('',(3.11368367932,4.623728704637,99.834935982623
    ));
#1614 = CARTESIAN_POINT('',(0.438965554943,4.865077826147,
    100.17868621521));
#1615 = CARTESIAN_POINT('',(-2.235751842754,5.106443231766,
    100.52243598389));
#1616 = CARTESIAN_POINT('',(-5.058373628547,3.714128899158,
    100.86618746943));
#1617 = CARTESIAN_POINT('',(-6.901767955258,0.583883710205,
    101.20993272001));
#1618 = CARTESIAN_POINT('',(-6.582045554032,-3.488136359846,
    101.55369240358));
#1619 = CARTESIAN_POINT('',(-3.573629039009,-6.819142364384,
    101.89742877007));
#1620 = CARTESIAN_POINT('',(0.878192519692,-7.397253276366,
    102.24119241007));
#1621 = CARTESIAN_POINT('',(4.407709971873,-5.342865460384,
    102.58493271237));
#1622 = CARTESIAN_POINT('',(5.932911275721,-2.045422451745,
    102.92868747387));
#1623 = CARTESIAN_POINT('',(5.47117676581,1.067763633535,103.27243598264
    ));
#1624 = CARTESIAN_POINT('',(3.750525042335,3.129734001103,
    103.61618621521));
#1625 = CARTESIAN_POINT('',(2.029884792404,5.191715926539,
    103.95993598384));
#1626 = CARTESIAN_POINT('',(-0.950522181832,6.203096024138,
    104.30368746962));
#1627 = CARTESIAN_POINT('',(-4.467424944802,5.293155056116,
    104.64743271956));
#1628 = CARTESIAN_POINT('',(-7.120682267831,2.187724169251,
    104.99119240431));
#1629 = CARTESIAN_POINT('',(-7.348816438781,-2.294924478488,
    105.33492876918));
#1630 = CARTESIAN_POINT('',(-4.609651301355,-5.851623841501,
    105.67869241094));
#1631 = CARTESIAN_POINT('',(-0.661275182054,-6.894698007653,
    106.02243271165));
#1632 = CARTESIAN_POINT('',(2.748886122124,-5.641533881594,
    106.36618747437));
#1633 = CARTESIAN_POINT('',(4.623718373375,-3.113683286145,
    106.70993598234));
#1634 = CARTESIAN_POINT('',(4.865083385956,-0.438965554958,
    107.05368621536));
#1635 = CARTESIAN_POINT('',(4.865027683712,-0.167834564066,
    -3.250331767317));
#1636 = CARTESIAN_POINT('',(4.957333953656,2.506855381095,
    -2.906581855787));
#1637 = CARTESIAN_POINT('',(3.415935288575,5.238410698501,
    -2.562831287665));
#1638 = CARTESIAN_POINT('',(0.199457850317,6.899541921119,
    -2.219083103962));
#1639 = CARTESIAN_POINT('',(-3.834570843438,6.356333501709,
    -1.87532940078));
#1640 = CARTESIAN_POINT('',(-6.982592436968,3.178815579388,
    -1.531584614443));
#1641 = CARTESIAN_POINT('',(-7.311744065619,-1.282728096856,
    -1.187829398323));
#1642 = CARTESIAN_POINT('',(-5.072506500995,-4.681016507732,
    -0.844083106854));
#1643 = CARTESIAN_POINT('',(-1.707233259676,-6.016334937766,
    -0.500331285984));
#1644 = CARTESIAN_POINT('',(1.364868201889,-5.384805503162,
    -0.156581856258));
#1645 = CARTESIAN_POINT('',(3.321417107449,-3.558771024185,
    0.187168232683));
#1646 = CARTESIAN_POINT('',(5.277978894646,-1.732750015794,
    0.530918144213));
#1647 = CARTESIAN_POINT('',(6.119546734241,1.288684720858,0.874668712335
    ));
#1648 = CARTESIAN_POINT('',(5.019750877938,4.737674881081,1.218416896039
    ));
#1649 = CARTESIAN_POINT('',(1.783155476328,7.206057568724,1.562170599219
    ));
#1650 = CARTESIAN_POINT('',(-2.68967641024,7.185200514952,1.905915385558
    ));
#1651 = CARTESIAN_POINT('',(-6.077209546713,4.263158075226,
    2.249670601675));
#1652 = CARTESIAN_POINT('',(-6.896782259977,0.276825229121,
    2.593416893148));
#1653 = CARTESIAN_POINT('',(-5.461387447354,-3.04699501746,
    2.937168714015));
#1654 = CARTESIAN_POINT('',(-2.842524925676,-4.772740047618,
    3.280918143741));
#1655 = CARTESIAN_POINT('',(-0.167834564065,-4.86502768372,
    3.624668232683));
#1656 = CARTESIAN_POINT('',(2.506855381094,-4.957333953627,
    3.968418144213));
#1657 = CARTESIAN_POINT('',(5.238410698497,-3.415935288644,
    4.312168712335));
#1658 = CARTESIAN_POINT('',(6.899541921138,-0.199457850199,
    4.655916896036));
#1659 = CARTESIAN_POINT('',(6.356333501677,3.834570843287,4.999670599225
    ));
#1660 = CARTESIAN_POINT('',(3.178815579418,6.982592437111,5.343415385549
    ));
#1661 = CARTESIAN_POINT('',(-1.282728096866,7.311744065526,
    5.687170601686));
#1662 = CARTESIAN_POINT('',(-4.681016507743,5.07250650103,6.030916893139
    ));
#1663 = CARTESIAN_POINT('',(-6.016334937747,1.70723325968,6.37466871402)
  );
#1664 = CARTESIAN_POINT('',(-5.384805503179,-1.364868201905,
    6.71841814374));
#1665 = CARTESIAN_POINT('',(-3.558771024175,-3.321417107437,
    7.062168232683));
#1666 = CARTESIAN_POINT('',(-1.732750015835,-5.27797889469,
    7.405918144212));
#1667 = CARTESIAN_POINT('',(1.28868472097,-6.119546734138,7.749668712339
    ));
#1668 = CARTESIAN_POINT('',(4.737674880862,-5.019750878116,
    8.093416896027));
#1669 = CARTESIAN_POINT('',(7.206057569048,-1.783155476095,
    8.437170599239));
#1670 = CARTESIAN_POINT('',(7.185200514593,2.689676410006,8.780915385534
    ));
#1671 = CARTESIAN_POINT('',(4.263158075522,6.077209546889,9.124670601696
    ));
#1672 = CARTESIAN_POINT('',(0.276825228947,6.896782259885,9.468416893134
    ));
#1673 = CARTESIAN_POINT('',(-3.046995017399,5.461387447383,9.81216871402
    ));
#1674 = CARTESIAN_POINT('',(-4.772740047617,2.842524925674,
    10.15591814374));
#1675 = CARTESIAN_POINT('',(-4.865027683737,0.167834564064,
    10.499668232683));
#1676 = CARTESIAN_POINT('',(-4.957333514321,-2.506855820348,
    10.843418144209));
#1677 = CARTESIAN_POINT('',(-3.415937171657,-5.238408815574,
    11.187168712353));
#1678 = CARTESIAN_POINT('',(-0.199452987217,-6.899546784001,
    11.530916895988));
#1679 = CARTESIAN_POINT('',(3.834561634916,-6.356324293428,
    11.874670599323));
#1680 = CARTESIAN_POINT('',(6.982606111755,-3.178829253963,
    12.218415385392));
#1681 = CARTESIAN_POINT('',(7.311727656061,1.282744506272,
    12.562170601886));
#1682 = CARTESIAN_POINT('',(5.072522615351,4.681000393437,
    12.905916892934));
#1683 = CARTESIAN_POINT('',(1.707220292197,6.016347905242,
    13.249668714189));
#1684 = CARTESIAN_POINT('',(-1.364859728852,5.384797030108,
    13.593418143627));
#1685 = CARTESIAN_POINT('',(-3.321421499963,3.558775416713,
    13.937168232742));
#1686 = CARTESIAN_POINT('',(-5.277970421669,1.732741542788,
    14.280918144096));
#1687 = CARTESIAN_POINT('',(-6.119559701517,-1.288671753567,
    14.624668712522));
#1688 = CARTESIAN_POINT('',(-5.019734764016,-4.737690994952,
    14.96841689579));
#1689 = CARTESIAN_POINT('',(-1.783171885202,-7.206041159983,
    15.312170599491));
#1690 = CARTESIAN_POINT('',(2.689690084208,-7.18521418876,
    15.655915385317));
#1691 = CARTESIAN_POINT('',(6.077200338932,-4.263148867556,
    15.999670601846));
#1692 = CARTESIAN_POINT('',(6.896787122579,-0.276830091693,
    16.343416893055));
#1693 = CARTESIAN_POINT('',(5.461385564516,3.046996900334,
    16.687168714051));
#1694 = CARTESIAN_POINT('',(2.842525364926,4.772739608305,
    17.030918143733));
#1695 = CARTESIAN_POINT('',(0.167834564061,4.865027683783,
    17.374668232683));
#1696 = CARTESIAN_POINT('',(-2.506855381101,4.957333953414,
    17.718418144219));
#1697 = CARTESIAN_POINT('',(-5.238410698399,3.415935289136,
    18.062168712311));
#1698 = CARTESIAN_POINT('',(-6.899541921442,0.199457849349,
    18.40591689609));
#1699 = CARTESIAN_POINT('',(-6.356333501123,-3.834570842153,
    18.749670599145));
#1700 = CARTESIAN_POINT('',(-3.178815580113,-6.982592438287,
    19.09341538563));
#1701 = CARTESIAN_POINT('',(1.282728097515,-7.311744064573,
    19.437170601628));
#1702 = CARTESIAN_POINT('',(4.68101650727,-5.072506501634,
    19.780916893166));
#1703 = CARTESIAN_POINT('',(6.016334938021,-1.707233259378,
    20.124668714012));
#1704 = CARTESIAN_POINT('',(5.384805503055,1.364868201783,20.46841814374
    ));
#1705 = CARTESIAN_POINT('',(3.558771024212,3.321417107478,
    20.812168232684));
#1706 = CARTESIAN_POINT('',(1.732750015682,5.277978894536,
    21.155918144216));
#1707 = CARTESIAN_POINT('',(-1.288684720551,6.119546734461,
    21.499668712321));
#1708 = CARTESIAN_POINT('',(-4.737674881693,5.01975087763,
    21.843416896073));
#1709 = CARTESIAN_POINT('',(-7.206057567829,1.783155476663,
    22.187170599169));
#1710 = CARTESIAN_POINT('',(-7.185200515929,-2.689676410535,
    22.530915385607));
#1711 = CARTESIAN_POINT('',(-4.263158074423,-6.07720954651,
    22.874670601645));
#1712 = CARTESIAN_POINT('',(-0.276825229623,-6.896782260075,
    23.218416893159));
#1713 = CARTESIAN_POINT('',(3.046995017698,-5.461387447329,
    23.562168714014));
#1714 = CARTESIAN_POINT('',(4.772740047536,-2.842524925676,
    23.90591814374));
#1715 = CARTESIAN_POINT('',(4.865027683735,-0.167834564065,
    24.249668232683));
#1716 = CARTESIAN_POINT('',(4.957333953557,2.506855381096,
    24.593418144214));
#1717 = CARTESIAN_POINT('',(3.415935288824,5.238410698464,
    24.937168712329));
#1718 = CARTESIAN_POINT('',(0.199457849862,6.899541921252,
    25.280916896055));
#1719 = CARTESIAN_POINT('',(-3.8345708428,6.356333501455,25.624670599195
    ));
#1720 = CARTESIAN_POINT('',(-6.982592437659,3.178815579718,
    25.968415385582));
#1721 = CARTESIAN_POINT('',(-7.311744065042,-1.282728097175,
    26.31217060166));
#1722 = CARTESIAN_POINT('',(-5.072506501367,-4.681016507488,
    26.655916893152));
#1723 = CARTESIAN_POINT('',(-1.707233259493,-6.016334937916,
    26.999668714015));
#1724 = CARTESIAN_POINT('',(1.36486820182,-5.384805503093,27.34341814374
    ));
#1725 = CARTESIAN_POINT('',(3.321417107469,-3.558771024204,
    27.687168232683));
#1726 = CARTESIAN_POINT('',(5.277978894572,-1.732749394523,
    28.030918144209));
#1727 = CARTESIAN_POINT('',(6.119546734381,1.288682057839,28.37466871235
    ));
#1728 = CARTESIAN_POINT('',(5.019750877759,4.737681758489,
    28.718416895997));
#1729 = CARTESIAN_POINT('',(1.783155476497,7.206044545931,
    29.062170599309));
#1730 = CARTESIAN_POINT('',(-2.68967641036,7.185219854027,
    29.405915385405));
#1731 = CARTESIAN_POINT('',(-6.077209546653,4.263134868586,
    29.749670601878));
#1732 = CARTESIAN_POINT('',(-6.896782259988,0.276848018287,
    30.093416892936));
#1733 = CARTESIAN_POINT('',(-5.461387447367,-3.047013356268,
    30.43716871419));
#1734 = CARTESIAN_POINT('',(-2.842524925661,-4.772728064919,
    30.780918143626));
#1735 = CARTESIAN_POINT('',(-0.167834564073,-4.865033895679,
    31.124668232742));
#1736 = CARTESIAN_POINT('',(2.50685538111,-4.957321970941,
    31.468418144099));
#1737 = CARTESIAN_POINT('',(5.238410698465,-3.415953627382,
    31.812168712508));
#1738 = CARTESIAN_POINT('',(6.899541921194,-0.199435061246,
    32.155916895824));
#1739 = CARTESIAN_POINT('',(6.356333501599,3.834547637084,
    32.499670599441));
#1740 = CARTESIAN_POINT('',(3.178815579492,6.98261177556,32.843415385368
    ));
#1741 = CARTESIAN_POINT('',(-1.282728096907,7.311731043369,
    33.187170601809));
#1742 = CARTESIAN_POINT('',(-4.681016507738,5.072513377974,
    33.530916893074));
#1743 = CARTESIAN_POINT('',(-6.016334937737,1.707230596899,
    33.874668714045));
#1744 = CARTESIAN_POINT('',(-5.384805503184,-1.364867580716,
    34.218418143735));
#1745 = CARTESIAN_POINT('',(-3.558771024177,-3.321417107441,
    34.562168232682));
#1746 = CARTESIAN_POINT('',(-1.732750015827,-5.277978894682,
    34.905918144212));
#1747 = CARTESIAN_POINT('',(1.288684720942,-6.119546734158,
    35.249668712341));
#1748 = CARTESIAN_POINT('',(4.737674880928,-5.019750878069,
    35.593416896023));
#1749 = CARTESIAN_POINT('',(7.206057568924,-1.783155476174,
    35.937170599246));
#1750 = CARTESIAN_POINT('',(7.185200514772,2.689676410096,
    36.280915385528));
#1751 = CARTESIAN_POINT('',(4.263158075324,6.077209546819,
    36.624670601701));
#1752 = CARTESIAN_POINT('',(0.276825229109,6.896782259919,
    36.968416893132));
#1753 = CARTESIAN_POINT('',(-3.046995017494,5.461387447375,
    37.312168714022));
#1754 = CARTESIAN_POINT('',(-4.77274004758,2.842524925674,37.65591814374
    ));
#1755 = CARTESIAN_POINT('',(-4.865027683744,0.167834564064,
    37.999668232683));
#1756 = CARTESIAN_POINT('',(-4.957333514282,-2.506855820348,
    38.343418144209));
#1757 = CARTESIAN_POINT('',(-3.415937171779,-5.23840881557,
    38.68716871235));
#1758 = CARTESIAN_POINT('',(-0.199452986946,-6.899546784027,
    39.030916895997));
#1759 = CARTESIAN_POINT('',(3.834561634463,-6.356324293358,
    39.374670599303));
#1760 = CARTESIAN_POINT('',(6.982606112329,-3.178829254091,
    39.718415385419));
#1761 = CARTESIAN_POINT('',(7.311727655511,1.282744506449,
    40.062170601859));
#1762 = CARTESIAN_POINT('',(5.072522615748,4.681000393252,
    40.405916892951));
#1763 = CARTESIAN_POINT('',(1.707220291984,6.016347905385,
    40.749668714182));
#1764 = CARTESIAN_POINT('',(-1.364859728768,5.384797030028,
    41.093418143629));
#1765 = CARTESIAN_POINT('',(-3.321421499988,3.558775416743,
    41.437168232742));
#1766 = CARTESIAN_POINT('',(-5.277970421673,1.732741542794,
    41.780918144091));
#1767 = CARTESIAN_POINT('',(-6.119559701448,-1.288671753723,
    42.124668712543));
#1768 = CARTESIAN_POINT('',(-5.019734764155,-4.737690994517,
    42.468416895741));
#1769 = CARTESIAN_POINT('',(-1.783171885028,-7.20604116071,
    42.812170599565));
#1770 = CARTESIAN_POINT('',(2.689690084051,-7.185214187913,
    43.155915385238));
#1771 = CARTESIAN_POINT('',(6.077200339032,-4.263148868276,
    43.499670601906));
#1772 = CARTESIAN_POINT('',(6.896787122541,-0.276830091239,
    43.843416893024));
#1773 = CARTESIAN_POINT('',(5.461385564518,3.046996900124,
    44.187168714062));
#1774 = CARTESIAN_POINT('',(2.842525364931,4.772739608369,
    44.530918143732));
#1775 = CARTESIAN_POINT('',(0.16783456406,4.865027683776,44.874668232682
    ));
#1776 = CARTESIAN_POINT('',(-2.506855381088,4.957333953447,
    45.218418144219));
#1777 = CARTESIAN_POINT('',(-5.238410698476,3.415935289069,
    45.562168712316));
#1778 = CARTESIAN_POINT('',(-6.899541921228,0.199457849439,
    45.905916896081));
#1779 = CARTESIAN_POINT('',(-6.356333501506,-3.834570842252,
    46.249670599155));
#1780 = CARTESIAN_POINT('',(-3.178815579618,-6.982592438173,
    46.593415385628));
#1781 = CARTESIAN_POINT('',(1.282728097012,-7.311744064731,
    46.937170601622));
#1782 = CARTESIAN_POINT('',(4.681016507698,-5.07250650142,
    47.280916893176));
#1783 = CARTESIAN_POINT('',(6.016334937708,-1.707233259608,
    47.624668714005));
#1784 = CARTESIAN_POINT('',(5.38480550325,1.364868201967,47.968418143744
    ));
#1785 = CARTESIAN_POINT('',(3.558771024116,3.32141710737,48.312168232682
    ));
#1786 = CARTESIAN_POINT('',(1.732750016046,5.277978894907,
    48.655918144204));
#1787 = CARTESIAN_POINT('',(-1.28868472152,6.119546733695,
    48.999668712375));
#1788 = CARTESIAN_POINT('',(-4.737674879787,5.019750878799,
    49.343416895944));
#1789 = CARTESIAN_POINT('',(-7.206057570612,1.783155475245,
    49.687170599368));
#1790 = CARTESIAN_POINT('',(-7.18520051289,-2.689676409157,
    50.030915385393));
#1791 = CARTESIAN_POINT('',(-4.2631580769,-6.077209547538,
    50.374670601806));
#1792 = CARTESIAN_POINT('',(-0.276825228143,-6.896782259538,
    50.718416893074));
#1793 = CARTESIAN_POINT('',(3.046995017099,-5.46138744749,
    51.062168714042));
#1794 = CARTESIAN_POINT('',(4.772740047642,-2.842524925669,
    51.405918143737));
#1795 = CARTESIAN_POINT('',(4.865027683792,-0.167834564058,
    51.749668232682));
#1796 = CARTESIAN_POINT('',(4.957333514164,2.506855820353,
    52.093418144215));
#1797 = CARTESIAN_POINT('',(3.41593717198,5.2384088155,52.437168712335)
  );
#1798 = CARTESIAN_POINT('',(0.199452986715,6.899546784224,
    52.780916896024));
#1799 = CARTESIAN_POINT('',(-3.834561634316,6.356324293043,
    53.124670599275));
#1800 = CARTESIAN_POINT('',(-6.982606112302,3.17882925441,
    53.468415385435));
#1801 = CARTESIAN_POINT('',(-7.311727655687,-1.282744506643,
    53.812170601862));
#1802 = CARTESIAN_POINT('',(-5.072522615536,-4.681000393215,
    54.15591689294));
#1803 = CARTESIAN_POINT('',(-1.707220292139,-6.016347905331,
    54.499668714191));
#1804 = CARTESIAN_POINT('',(1.364859728848,-5.384797030096,
    54.843418143625));
#1805 = CARTESIAN_POINT('',(3.321421499955,-3.558775416698,
    55.187168232743));
#1806 = CARTESIAN_POINT('',(5.277970421545,-1.73274154266,
    55.530918144105));
#1807 = CARTESIAN_POINT('',(6.119559701867,1.288671753005,
    55.874668712479));
#1808 = CARTESIAN_POINT('',(5.019734763429,4.737690996275,
    56.218416895891));
#1809 = CARTESIAN_POINT('',(1.783171885931,7.206041157875,
    56.562170599339));
#1810 = CARTESIAN_POINT('',(-2.689690084907,7.185214191195,
    56.905915385474));
#1811 = CARTESIAN_POINT('',(-6.077200338434,4.263148865459,
    57.249670601734));
#1812 = CARTESIAN_POINT('',(-6.896787122814,0.276830093052,
    57.593416893108));
#1813 = CARTESIAN_POINT('',(-5.461385564465,-3.046996900985,
    57.937168714037));
#1814 = CARTESIAN_POINT('',(-2.842525364917,-4.772739608093,
    58.280918143733));
#1815 = CARTESIAN_POINT('',(-0.167834564062,-4.865027683808,
    58.624668232684));
#1816 = CARTESIAN_POINT('',(2.5068553811,-4.957333953267,58.96841814422)
  );
#1817 = CARTESIAN_POINT('',(5.238410698358,-3.415935289534,59.3121687123
    ));
#1818 = CARTESIAN_POINT('',(6.89954192161,-0.199457848607,
    59.655916896121));
#1819 = CARTESIAN_POINT('',(6.356333500772,3.834570841127,
    59.999670599098));
#1820 = CARTESIAN_POINT('',(3.178815580601,6.982592439368,60.34341538568
    ));
#1821 = CARTESIAN_POINT('',(-1.282728098005,7.311744063699,
    60.687170601592));
#1822 = CARTESIAN_POINT('',(-4.6810165069,5.072506502172,61.030916893184
    ));
#1823 = CARTESIAN_POINT('',(-6.016334938233,1.707233259129,
    61.374668714008));
#1824 = CARTESIAN_POINT('',(-5.384805502968,-1.364868201697,
    61.71841814374));
#1825 = CARTESIAN_POINT('',(-3.558771024233,-3.321417107499,
    62.062168232684));
#1826 = CARTESIAN_POINT('',(-1.7327493944,-5.27797889445,62.405918144212
    ));
#1827 = CARTESIAN_POINT('',(1.288682057496,-6.119546734638,
    62.749668712333));
#1828 = CARTESIAN_POINT('',(4.737681759171,-5.019750877392,
    63.093416896038));
#1829 = CARTESIAN_POINT('',(7.206044544933,-1.783155476883,
    63.437170599249));
#1830 = CARTESIAN_POINT('',(7.185219855119,2.68967641066,63.780915385465
    ));
#1831 = CARTESIAN_POINT('',(4.263134867686,6.07720954649,64.124670601838
    ));
#1832 = CARTESIAN_POINT('',(0.276848018842,6.896782260036,
    64.468416892952));
#1833 = CARTESIAN_POINT('',(-3.047013356513,5.461387447372,
    64.812168714189));
#1834 = CARTESIAN_POINT('',(-4.772728064856,2.842524925655,
    65.155918143624));
#1835 = CARTESIAN_POINT('',(-4.865033895671,0.167834564067,
    65.499668232744));
#1836 = CARTESIAN_POINT('',(-4.957321970662,-2.506855381118,
    65.84341814411));
#1837 = CARTESIAN_POINT('',(-3.415953628368,-5.238410698263,
    66.187168712454));
#1838 = CARTESIAN_POINT('',(-0.199435059171,-6.899541921898,
    66.530916895953));
#1839 = CARTESIAN_POINT('',(3.834547633968,-6.356333500223,
    66.874670599242));
#1840 = CARTESIAN_POINT('',(6.982611779056,-3.178815581335,
    67.218415385579));
#1841 = CARTESIAN_POINT('',(7.311731040397,1.282728098737,
    67.562170601653));
#1842 = CARTESIAN_POINT('',(5.07251337989,4.681016506338,67.905916893149
    ));
#1843 = CARTESIAN_POINT('',(1.707230595968,6.016334938564,
    68.249668714025));
#1844 = CARTESIAN_POINT('',(-1.364867580377,5.384805502828,
    68.593418143734));
#1845 = CARTESIAN_POINT('',(-3.32141710753,3.558771024264,
    68.937168232686));
#1846 = CARTESIAN_POINT('',(-5.277978894305,1.732750015471,
    69.280918144221));
#1847 = CARTESIAN_POINT('',(-6.119546734987,-1.288684719972,
    69.624668712288));
#1848 = CARTESIAN_POINT('',(-5.019750876771,-4.737674882846,
    69.968416896159));
#1849 = CARTESIAN_POINT('',(-1.78315547776,-7.206057566134,
    70.312170599028));
#1850 = CARTESIAN_POINT('',(2.689676411636,-7.185200517771,
    70.655915385768));
#1851 = CARTESIAN_POINT('',(6.077209545672,-4.263158072959,
    70.999670601514));
#1852 = CARTESIAN_POINT('',(6.89678226052,-0.276825230432,
    71.343416893231));
#1853 = CARTESIAN_POINT('',(5.461387447192,3.046995017945,
    71.687168713988));
#1854 = CARTESIAN_POINT('',(2.842524925683,4.772740047576,
    72.030918143745));
#1855 = CARTESIAN_POINT('',(0.167834564074,4.865027683634,
    72.374668232684));
#1856 = CARTESIAN_POINT('',(-2.506855820339,4.957333514637,
    72.718418144199));
#1857 = CARTESIAN_POINT('',(-5.238408815705,3.415937170943,
    73.062168712391));
#1858 = CARTESIAN_POINT('',(-6.899546783624,0.199452988481,
    73.405916895903));
#1859 = CARTESIAN_POINT('',(-6.356324294072,-3.83456163669,
    73.749670599454));
#1860 = CARTESIAN_POINT('',(-3.178829253191,-6.982606109784,
    74.093415385246));
#1861 = CARTESIAN_POINT('',(1.282744505555,-7.311727657782,
    74.437170602004));
#1862 = CARTESIAN_POINT('',(4.681000393999,-5.072522614183,
    74.780916892864));
#1863 = CARTESIAN_POINT('',(6.016347904856,-1.707220292809,
    75.124668714219));
#1864 = CARTESIAN_POINT('',(5.384797030334,1.364859729101,
    75.468418143619));
#1865 = CARTESIAN_POINT('',(3.558775416608,3.321421499882,
    75.812168232743));
#1866 = CARTESIAN_POINT('',(1.732741542618,5.277970421503,76.15591814412
    ));
#1867 = CARTESIAN_POINT('',(-1.288671752437,6.119559702193,
    76.499668712418));
#1868 = CARTESIAN_POINT('',(-4.737690997826,5.019734762718,
    76.843416896034));
#1869 = CARTESIAN_POINT('',(-7.206041155268,1.783171886947,
    77.187170599119));
#1870 = CARTESIAN_POINT('',(-7.185214194274,-2.689690085964,
    77.530915385711));
#1871 = CARTESIAN_POINT('',(-4.263148862803,-6.07720033764,
    77.874670601552));
#1872 = CARTESIAN_POINT('',(-0.276830094729,-6.896787123204,
    78.218416893203));
#1873 = CARTESIAN_POINT('',(3.046996901729,-5.461385564376,
    78.562168714007));
#1874 = CARTESIAN_POINT('',(4.772739607908,-2.842525364903,
    78.905918143736));
#1875 = CARTESIAN_POINT('',(4.865027683783,-0.167834564069,
    79.249668232686));
#1876 = CARTESIAN_POINT('',(4.957333953303,2.506855381077,
    79.593418144216));
#1877 = CARTESIAN_POINT('',(3.41593528948,5.238410698461,79.937168712304
    ));
#1878 = CARTESIAN_POINT('',(0.199457848682,6.89954192137,80.280916896122
    ));
#1879 = CARTESIAN_POINT('',(-3.834570841225,6.356333501186,
    80.624670599085));
#1880 = CARTESIAN_POINT('',(-6.982592439225,3.178815580035,
    80.968415385706));
#1881 = CARTESIAN_POINT('',(-7.311744063921,-1.282728097383,
    81.312170601563));
#1882 = CARTESIAN_POINT('',(-5.072506501877,-4.681016507454,
    81.655916893206));
#1883 = CARTESIAN_POINT('',(-1.70723325943,-6.016334937827,
    81.999668713996));
#1884 = CARTESIAN_POINT('',(1.364868201928,-5.384805503213,
    82.343418143745));
#1885 = CARTESIAN_POINT('',(3.321417107367,-3.558771024114,
    82.687168232683));
#1886 = CARTESIAN_POINT('',(5.277978894911,-1.732749394873,
    83.030918144198));
#1887 = CARTESIAN_POINT('',(6.119546733675,1.288682058794,83.3746687124)
  );
#1888 = CARTESIAN_POINT('',(5.019750878858,4.737681756582,83.71841689588
    ));
#1889 = CARTESIAN_POINT('',(1.783155475143,7.206044548788,84.06217059949
    ));
#1890 = CARTESIAN_POINT('',(-2.689676409034,7.185219850761,
    84.405915385208));
#1891 = CARTESIAN_POINT('',(-6.077209547651,4.263134871474,
    84.749670602032));
#1892 = CARTESIAN_POINT('',(-6.896782259456,0.276848016294,
    85.093416892852));
#1893 = CARTESIAN_POINT('',(-5.461387447534,-3.047013355194,
    85.43716871422));
#1894 = CARTESIAN_POINT('',(-2.842524925652,-4.772728065363,
    85.780918143622));
#1895 = CARTESIAN_POINT('',(-0.167834564063,-4.865033895549,
    86.124668232742));
#1896 = CARTESIAN_POINT('',(2.506855381118,-4.95732197103,86.46841814411
    ));
#1897 = CARTESIAN_POINT('',(5.238410698323,-3.415953627583,
    86.812168712469));
#1898 = CARTESIAN_POINT('',(6.899541921653,-0.199435060459,
    87.155916895907));
#1899 = CARTESIAN_POINT('',(6.356333500725,3.834547635635,87.49967059932
    ));
#1900 = CARTESIAN_POINT('',(3.178815580666,6.982611777354,
    87.843415385492));
#1901 = CARTESIAN_POINT('',(-1.282728098085,7.311731041757,
    88.18717060172));
#1902 = CARTESIAN_POINT('',(-4.681016506841,5.072513379045,
    88.530916893116));
#1903 = CARTESIAN_POINT('',(-6.016334938248,1.70723059638,
    88.874668714034));
#1904 = CARTESIAN_POINT('',(-5.384805502982,-1.364867580538,
    89.218418143734));
#1905 = CARTESIAN_POINT('',(-3.558771024215,-3.321417107479,
    89.562168232684));
#1906 = CARTESIAN_POINT('',(-1.73275001566,-5.277978894518,
    89.905918144216));
#1907 = CARTESIAN_POINT('',(1.288684720492,-6.119546734483,
    90.249668712318));
#1908 = CARTESIAN_POINT('',(4.73767488178,-5.019750877661,
    90.593416896079));
#1909 = CARTESIAN_POINT('',(7.206057567759,-1.783155476523,
    90.937170599164));
#1910 = CARTESIAN_POINT('',(7.185200515926,2.689676410301,
    91.280915385606));
#1911 = CARTESIAN_POINT('',(4.263158074498,6.077209546741,
    91.624670601652));
#1912 = CARTESIAN_POINT('',(0.27682522954,6.896782259934,91.96841689315)
  );
#1913 = CARTESIAN_POINT('',(-3.046995017662,5.461387447376,
    92.312168714019));
#1914 = CARTESIAN_POINT('',(-4.772740047525,2.842524925673,
    92.655918143739));
#1915 = CARTESIAN_POINT('',(-4.865027683761,0.167834564063,
    92.999668232683));
#1916 = CARTESIAN_POINT('',(-4.957333514245,-2.506855820349,
    93.343418144211));
#1917 = CARTESIAN_POINT('',(-3.415937171757,-5.238408815528,
    93.687168712347));
#1918 = CARTESIAN_POINT('',(-0.199452987244,-6.899546784156,
    94.030916895994));
#1919 = CARTESIAN_POINT('',(3.834561635285,-6.356324293183,
    94.374670599333));
#1920 = CARTESIAN_POINT('',(6.982606110977,-3.178829254144,
    94.718415385356));
#1921 = CARTESIAN_POINT('',(7.311727657032,1.282744506236,
    95.062170601938));
#1922 = CARTESIAN_POINT('',(5.072522614526,4.681000393679,
    95.405916892889));
#1923 = CARTESIAN_POINT('',(1.707220292694,6.016347904952,
    95.749668714213));
#1924 = CARTESIAN_POINT('',(-1.364859729069,5.384797030308,
    96.093418143621));
#1925 = CARTESIAN_POINT('',(-3.321421499894,3.558775416626,
    96.437168232742));
#1926 = CARTESIAN_POINT('',(-5.277970421609,1.732741542716,
    96.780918144112));
#1927 = CARTESIAN_POINT('',(-6.119559701839,-1.288671752902,
    97.124668712454));
#1928 = CARTESIAN_POINT('',(-5.019734763404,-4.737690996705,
    97.468416895947));
#1929 = CARTESIAN_POINT('',(-1.783171885993,-7.206041157092,
    97.812170599256));
#1930 = CARTESIAN_POINT('',(2.689690084978,-7.185214192128,
    98.155915385558));
#1931 = CARTESIAN_POINT('',(6.077200338385,-4.263148864666,
    98.499670601676));
#1932 = CARTESIAN_POINT('',(6.896787122824,-0.276830093552,
    98.843416893134));
#1933 = CARTESIAN_POINT('',(5.461385564479,3.046996901225,
    99.187168714031));
#1934 = CARTESIAN_POINT('',(2.842525364906,4.772739608009,
    99.530918143733));
#1935 = CARTESIAN_POINT('',(0.167834564063,4.865027683824,
    99.874668232685));
#1936 = CARTESIAN_POINT('',(-2.506855381077,4.957333953202,
    100.21841814422));
#1937 = CARTESIAN_POINT('',(-5.238410698437,3.415935289706,
    100.56216871229));
#1938 = CARTESIAN_POINT('',(-6.899541921437,0.199457848249,
    100.90591689614));
#1939 = CARTESIAN_POINT('',(-6.356333501071,-3.834570840554,
    101.24967059904));
#1940 = CARTESIAN_POINT('',(-3.178815580188,-6.982592440026,
    101.59341538575));
#1941 = CARTESIAN_POINT('',(1.282728097551,-7.31174406321,
    101.93717060152));
#1942 = CARTESIAN_POINT('',(4.681016507308,-5.072506502327,
    102.28091689322));
#1943 = CARTESIAN_POINT('',(6.016334937916,-1.707233259247,
    102.62466871398));
#1944 = CARTESIAN_POINT('',(5.384805503189,1.3648682019,102.96841814374)
  );
#1945 = CARTESIAN_POINT('',(3.558771024101,3.321417107349,
    103.31216823268));
#1946 = CARTESIAN_POINT('',(1.73274939491,5.277978894943,103.65591814419
    ));
#1947 = CARTESIAN_POINT('',(-1.288682058873,6.119546733641,
    103.9996687124));
#1948 = CARTESIAN_POINT('',(-4.737681756457,5.019750878855,
    104.34341689586));
#1949 = CARTESIAN_POINT('',(-7.206044548929,1.783155475215,
    104.6871705995));
#1950 = CARTESIAN_POINT('',(-7.185219850665,-2.689676409162,
    105.03091538519));
#1951 = CARTESIAN_POINT('',(-4.263134871484,-6.077209547523,
    105.37467060203));
#1952 = CARTESIAN_POINT('',(-0.276848016347,-6.896782259538,
    105.71841689285));
#1953 = CARTESIAN_POINT('',(3.047013355257,-5.461387447504,
    106.06216871421));
#1954 = CARTESIAN_POINT('',(4.772728065322,-2.842524925654,
    106.40591814362));
#1955 = CARTESIAN_POINT('',(4.865033895566,-0.167834564065,
    106.74966823274));
#1956 = CARTESIAN_POINT('',(4.864967286493,0.160893141044,
    -3.212160679557));
#1957 = CARTESIAN_POINT('',(4.776545308672,2.835549860293,
    -2.868410594812));
#1958 = CARTESIAN_POINT('',(3.054408591638,5.456694186147,
    -2.524661139097));
#1959 = CARTESIAN_POINT('',(-0.2666544818,6.896837908713,-2.180909398902
    ));
#1960 = CARTESIAN_POINT('',(-4.254575567433,6.082686574139,
    -1.837162947032));
#1961 = CARTESIAN_POINT('',(-7.180775951445,2.700109460094,
    -1.493407951591));
#1962 = CARTESIAN_POINT('',(-7.20807329615,-1.773175803228,
    -1.149662949399));
#1963 = CARTESIAN_POINT('',(-4.744705522975,-5.012399321094,
    -0.805909396115));
#1964 = CARTESIAN_POINT('',(-1.297208376465,-6.117472514463,
    -0.462161140717));
#1965 = CARTESIAN_POINT('',(1.725088732553,-5.280087930316,
    -0.118410594357));
#1966 = CARTESIAN_POINT('',(3.553819989613,-3.326282727455,
    0.225339320443));
#1967 = CARTESIAN_POINT('',(5.382564112996,-1.372491043785,0.56908940519
    ));
#1968 = CARTESIAN_POINT('',(6.01825848959,1.698672434179,0.912838860897)
  );
#1969 = CARTESIAN_POINT('',(4.688247661599,5.065354046406,1.25659060111)
  );
#1970 = CARTESIAN_POINT('',(1.292669689719,7.309548159056,1.60033705295)
  );
#1971 = CARTESIAN_POINT('',(-3.168309660388,6.986841078812,
    1.944092048428));
#1972 = CARTESIAN_POINT('',(-6.350702141608,3.843052872125,
    2.287837050585));
#1973 = CARTESIAN_POINT('',(-6.899315000034,-0.189288099809,
    2.631590603894));
#1974 = CARTESIAN_POINT('',(-5.242971138296,-3.408441459152,
    2.97533885928));
#1975 = CARTESIAN_POINT('',(-2.513764039852,-4.953407921703,
    3.319089405644));
#1976 = CARTESIAN_POINT('',(0.160893141044,-4.864967286501,
    3.662839320443));
#1977 = CARTESIAN_POINT('',(2.835549860291,-4.776545308643,4.00658940519
    ));
#1978 = CARTESIAN_POINT('',(5.456694186143,-3.054408591706,
    4.350338860896));
#1979 = CARTESIAN_POINT('',(6.896837908731,0.266654481916,4.694090601115
    ));
#1980 = CARTESIAN_POINT('',(6.082686574107,4.254575567286,5.037837052942
    ));
#1981 = CARTESIAN_POINT('',(2.700109460124,7.180775951584,5.381592048437
    ));
#1982 = CARTESIAN_POINT('',(-1.773175803239,7.208073296058,
    5.725337050579));
#1983 = CARTESIAN_POINT('',(-5.012399321103,4.74470552301,6.069090603897
    ));
#1984 = CARTESIAN_POINT('',(-6.117472514445,1.297208376468,
    6.412838859278));
#1985 = CARTESIAN_POINT('',(-5.280087930332,-1.725088732568,
    6.756589405644));
#1986 = CARTESIAN_POINT('',(-3.326282727444,-3.553819989601,
    7.100339320443));
#1987 = CARTESIAN_POINT('',(-1.372491043826,-5.382564113039,
    7.444089405189));
#1988 = CARTESIAN_POINT('',(1.698672434289,-6.018258489489,
    7.787838860901));
#1989 = CARTESIAN_POINT('',(5.065354046187,-4.688247661773,
    8.131590601099));
#1990 = CARTESIAN_POINT('',(7.309548159381,-1.292669689489,
    8.475337052971));
#1991 = CARTESIAN_POINT('',(6.986841078451,3.168309660157,8.819092048402
    ));
#1992 = CARTESIAN_POINT('',(3.843052872424,6.350702141782,9.16283705061)
  );
#1993 = CARTESIAN_POINT('',(-0.189288099985,6.899314999941,
    9.506590603877));
#1994 = CARTESIAN_POINT('',(-3.408441459091,5.242971138325,
    9.850338859287));
#1995 = CARTESIAN_POINT('',(-4.953407921702,2.51376403985,
    10.194089405642));
#1996 = CARTESIAN_POINT('',(-4.864967286518,-0.160893141046,
    10.537839320443));
#1997 = CARTESIAN_POINT('',(-4.776544868781,-2.835550300099,
    10.881589405196));
#1998 = CARTESIAN_POINT('',(-3.054410477101,-5.456692300847,
    11.225338860868));
#1999 = CARTESIAN_POINT('',(0.266659351049,-6.896842777725,
    11.569090601184));
#2000 = CARTESIAN_POINT('',(4.254566347266,-6.082677354251,
    11.912837052813));
#2001 = CARTESIAN_POINT('',(7.180789643529,-2.700123151904,
    12.256592048624));
#2002 = CARTESIAN_POINT('',(7.208056865832,1.773192233327,
    12.600337050359));
#2003 = CARTESIAN_POINT('',(4.744721657718,5.012383186487,12.94409060411
    ));
#2004 = CARTESIAN_POINT('',(1.297195392579,6.117485498285,
    13.287838859108));
#2005 = CARTESIAN_POINT('',(-1.725080248795,5.280079446581,
    13.631589405755));
#2006 = CARTESIAN_POINT('',(-3.553824387684,3.326287125519,
    13.975339320386));
#2007 = CARTESIAN_POINT('',(-5.382555629298,1.372482560099,
    14.319089405299));
#2008 = CARTESIAN_POINT('',(-6.018271473274,-1.698659450543,
    14.662838860736));
#2009 = CARTESIAN_POINT('',(-4.688231527286,-5.065370180587,
    15.006590601297));
#2010 = CARTESIAN_POINT('',(-1.292686119356,-7.309531729635,
    15.350337052779));
#2011 = CARTESIAN_POINT('',(3.168323351659,-6.986854769852,
    15.694092048551));
#2012 = CARTESIAN_POINT('',(6.350692922176,-3.843043652853,
    16.037837050517));
#2013 = CARTESIAN_POINT('',(6.899319868787,0.189283231111,
    16.381590603923));
#2014 = CARTESIAN_POINT('',(5.242969253077,3.408443344398,
    16.725338859271));
#2015 = CARTESIAN_POINT('',(2.513764479657,4.953407481836,
    17.069089405645));
#2016 = CARTESIAN_POINT('',(-0.160893141049,4.864967286563,
    17.412839320444));
#2017 = CARTESIAN_POINT('',(-2.835549860299,4.776545308429,
    17.756589405192));
#2018 = CARTESIAN_POINT('',(-5.456694186044,3.054408592198,
    18.100338860884));
#2019 = CARTESIAN_POINT('',(-6.896837909039,-0.266654482765,
    18.444090601144));
#2020 = CARTESIAN_POINT('',(-6.082686573548,-4.254575566153,
    18.787837052895));
#2021 = CARTESIAN_POINT('',(-2.700109460824,-7.180775952761,
    19.131592048488));
#2022 = CARTESIAN_POINT('',(1.773175803892,-7.208073295103,
    19.475337050541));
#2023 = CARTESIAN_POINT('',(5.012399320628,-4.744705523615,
    19.819090603916));
#2024 = CARTESIAN_POINT('',(6.117472514721,-1.297208376165,
    20.162838859273));
#2025 = CARTESIAN_POINT('',(5.280087930208,1.725088732446,
    20.506589405643));
#2026 = CARTESIAN_POINT('',(3.326282727482,3.553819989641,
    20.850339320444));
#2027 = CARTESIAN_POINT('',(1.372491043673,5.382564112886,
    21.194089405191));
#2028 = CARTESIAN_POINT('',(-1.69867243387,6.018258489811,
    21.537838860884));
#2029 = CARTESIAN_POINT('',(-5.065354047019,4.688247661289,
    21.881590601148));
#2030 = CARTESIAN_POINT('',(-7.309548158161,1.292669690055,
    22.225337052885));
#2031 = CARTESIAN_POINT('',(-6.986841079788,-3.168309660683,
    22.569092048506));
#2032 = CARTESIAN_POINT('',(-3.843052871323,-6.350702141406,
    22.91283705052));
#2033 = CARTESIAN_POINT('',(0.189288099307,-6.899315000131,
    23.256590603932));
#2034 = CARTESIAN_POINT('',(3.408441459392,-5.242971138271,
    23.600338859265));
#2035 = CARTESIAN_POINT('',(4.953407921621,-2.513764039851,
    23.944089405646));
#2036 = CARTESIAN_POINT('',(4.864967286516,0.160893141044,
    24.287839320444));
#2037 = CARTESIAN_POINT('',(4.776545308573,2.835549860294,24.63158940519
    ));
#2038 = CARTESIAN_POINT('',(3.054408591886,5.456694186109,
    24.975338860892));
#2039 = CARTESIAN_POINT('',(-0.266654482252,6.896837908848,
    25.319090601128));
#2040 = CARTESIAN_POINT('',(-4.254575566801,6.082686573882,
    25.662837052918));
#2041 = CARTESIAN_POINT('',(-7.18077595213,2.700109460426,
    26.006592048466));
#2042 = CARTESIAN_POINT('',(-7.208073295575,-1.773175803551,
    26.350337050554));
#2043 = CARTESIAN_POINT('',(-4.744705523345,-5.012399320846,
    26.694090603912));
#2044 = CARTESIAN_POINT('',(-1.297208376281,-6.117472514615,
    27.037838859273));
#2045 = CARTESIAN_POINT('',(1.725088732483,-5.280087930246,
    27.381589405644));
#2046 = CARTESIAN_POINT('',(3.553819989633,-3.326282727474,
    27.725339320444));
#2047 = CARTESIAN_POINT('',(5.38256411292,-1.372490421729,
    28.069089405196));
#2048 = CARTESIAN_POINT('',(6.018258489738,1.698669767796,
    28.412838860864));
#2049 = CARTESIAN_POINT('',(4.688247661402,5.065360932499,
    28.756590601199));
#2050 = CARTESIAN_POINT('',(1.292669689919,7.309535119819,
    29.100337052788));
#2051 = CARTESIAN_POINT('',(-3.168309660554,6.986860442305,
    29.444092048654));
#2052 = CARTESIAN_POINT('',(-6.350702141494,3.843029636183,
    29.787837050334));
#2053 = CARTESIAN_POINT('',(-6.899315000098,-0.189265281867,
    30.131590604124));
#2054 = CARTESIAN_POINT('',(-5.242971138266,-3.408459821118,
    30.475338859103));
#2055 = CARTESIAN_POINT('',(-2.513764039866,-4.953395923872,
    30.819089405755));
#2056 = CARTESIAN_POINT('',(0.160893141052,-4.864973506304,
    31.162839320386));
#2057 = CARTESIAN_POINT('',(2.835549860278,-4.776533310826,
    31.506589405299));
#2058 = CARTESIAN_POINT('',(5.456694186155,-3.0544269536,31.850338860729
    ));
#2059 = CARTESIAN_POINT('',(6.896837908735,0.266677299644,
    32.194090601319));
#2060 = CARTESIAN_POINT('',(6.082686574081,4.25455233178,32.537837052741
    ));
#2061 = CARTESIAN_POINT('',(2.700109460156,7.180795314455,
    32.881592048597));
#2062 = CARTESIAN_POINT('',(-1.773175803253,7.208060257454,
    33.225337050477));
#2063 = CARTESIAN_POINT('',(-5.012399321113,4.74471240864,
    33.569090603948));
#2064 = CARTESIAN_POINT('',(-6.11747251443,1.297205710323,
    33.912838859259));
#2065 = CARTESIAN_POINT('',(-5.280087930338,-1.725088110595,
    34.256589405649));
#2066 = CARTESIAN_POINT('',(-3.326282727447,-3.553819989605,
    34.600339320443));
#2067 = CARTESIAN_POINT('',(-1.372491043817,-5.382564113031,
    34.94408940519));
#2068 = CARTESIAN_POINT('',(1.698672434262,-6.018258489508,
    35.287838860898));
#2069 = CARTESIAN_POINT('',(5.065354046253,-4.688247661727,
    35.631590601106));
#2070 = CARTESIAN_POINT('',(7.309548159257,-1.292669689567,
    35.975337052959));
#2071 = CARTESIAN_POINT('',(6.98684107863,3.168309660247,36.319092048417
    ));
#2072 = CARTESIAN_POINT('',(3.843052872226,6.350702141712,
    36.662837050595));
#2073 = CARTESIAN_POINT('',(-0.189288099823,6.899314999977,
    37.006590603887));
#2074 = CARTESIAN_POINT('',(-3.408441459185,5.242971138316,
    37.350338859282));
#2075 = CARTESIAN_POINT('',(-4.953407921665,2.51376403985,
    37.694089405643));
#2076 = CARTESIAN_POINT('',(-4.864967286525,-0.160893141046,
    38.037839320443));
#2077 = CARTESIAN_POINT('',(-4.776544868742,-2.835550300099,
    38.381589405196));
#2078 = CARTESIAN_POINT('',(-3.054410477224,-5.456692300841,
    38.725338860866));
#2079 = CARTESIAN_POINT('',(0.266659351322,-6.896842777751,
    39.069090601194));
#2080 = CARTESIAN_POINT('',(4.25456634681,-6.082677354181,39.41283705279
    ));
#2081 = CARTESIAN_POINT('',(7.180789644107,-2.700123152033,
    39.75659204866));
#2082 = CARTESIAN_POINT('',(7.208056865279,1.773192233503,40.10033705032
    ));
#2083 = CARTESIAN_POINT('',(4.744721658116,5.012383186304,
    40.444090604138));
#2084 = CARTESIAN_POINT('',(1.297195392366,6.117485498426,
    40.787838859094));
#2085 = CARTESIAN_POINT('',(-1.725080248711,5.280079446502,
    41.131589405759));
#2086 = CARTESIAN_POINT('',(-3.553824387709,3.326287125548,
    41.475339320385));
#2087 = CARTESIAN_POINT('',(-5.382555629302,1.372482560107,
    41.819089405296));
#2088 = CARTESIAN_POINT('',(-6.018271473207,-1.6986594507,
    42.162838860749));
#2089 = CARTESIAN_POINT('',(-4.688231527423,-5.06537018015,
    42.506590601264));
#2090 = CARTESIAN_POINT('',(-1.292686119184,-7.309531730365,
    42.850337052834));
#2091 = CARTESIAN_POINT('',(3.168323351503,-6.986854769002,
    43.194092048487));
#2092 = CARTESIAN_POINT('',(6.350692922277,-3.843043653575,
    43.537837050569));
#2093 = CARTESIAN_POINT('',(6.899319868748,0.189283231566,
    43.881590603893));
#2094 = CARTESIAN_POINT('',(5.242969253079,3.408443344188,
    44.225338859282));
#2095 = CARTESIAN_POINT('',(2.513764479662,4.953407481901,
    44.569089405643));
#2096 = CARTESIAN_POINT('',(-0.160893141049,4.864967286557,
    44.912839320443));
#2097 = CARTESIAN_POINT('',(-2.835549860286,4.776545308462,
    45.256589405192));
#2098 = CARTESIAN_POINT('',(-5.456694186122,3.054408592131,
    45.600338860885));
#2099 = CARTESIAN_POINT('',(-6.896837908822,-0.266654482674,
    45.944090601144));
#2100 = CARTESIAN_POINT('',(-6.082686573935,-4.254575566253,
    46.287837052888));
#2101 = CARTESIAN_POINT('',(-2.700109460326,-7.180775952646,
    46.631592048507));
#2102 = CARTESIAN_POINT('',(1.773175803387,-7.208073295261,
    46.975337050513));
#2103 = CARTESIAN_POINT('',(5.012399321057,-4.744705523402,
    47.319090603941));
#2104 = CARTESIAN_POINT('',(6.117472514407,-1.297208376394,
    47.662838859258));
#2105 = CARTESIAN_POINT('',(5.280087930403,1.72508873263,48.00658940565)
  );
#2106 = CARTESIAN_POINT('',(3.326282727385,3.553819989534,
    48.350339320442));
#2107 = CARTESIAN_POINT('',(1.372491044037,5.382564113255,
    48.694089405186));
#2108 = CARTESIAN_POINT('',(-1.69867243484,6.018258489047,
    49.037838860923));
#2109 = CARTESIAN_POINT('',(-5.065354045113,4.688247662456,
    49.381590601039));
#2110 = CARTESIAN_POINT('',(-7.309548160943,1.29266968864,
    49.725337053078));
#2111 = CARTESIAN_POINT('',(-6.986841076749,-3.168309659308,
    50.06909204827));
#2112 = CARTESIAN_POINT('',(-3.843052873802,-6.350702142432,
    50.412837050727));
#2113 = CARTESIAN_POINT('',(0.189288100789,-6.899314999593,
    50.756590603804));
#2114 = CARTESIAN_POINT('',(3.40844145879,-5.242971138433,
    51.100338859317));
#2115 = CARTESIAN_POINT('',(4.953407921727,-2.513764039844,
    51.444089405635));
#2116 = CARTESIAN_POINT('',(4.864967286573,0.160893141051,
    51.787839320443));
#2117 = CARTESIAN_POINT('',(4.776544868624,2.835550300105,
    52.131589405199));
#2118 = CARTESIAN_POINT('',(3.054410477425,5.456692300771,
    52.475338860857));
#2119 = CARTESIAN_POINT('',(-0.266659351553,6.896842777951,
    52.819090601211));
#2120 = CARTESIAN_POINT('',(-4.254566346661,6.082677353862,
    53.162837052775));
#2121 = CARTESIAN_POINT('',(-7.180789644083,2.700123152356,
    53.506592048662));
#2122 = CARTESIAN_POINT('',(-7.208056865452,-1.773192233701,
    53.850337050334));
#2123 = CARTESIAN_POINT('',(-4.744721657907,-5.012383186264,
    54.194090604119));
#2124 = CARTESIAN_POINT('',(-1.297195392519,-6.117485498373,
    54.537838859109));
#2125 = CARTESIAN_POINT('',(1.725080248791,-5.28007944657,
    54.881589405752));
#2126 = CARTESIAN_POINT('',(3.553824387676,-3.326287125503,
    55.225339320387));
#2127 = CARTESIAN_POINT('',(5.382555629175,-1.372482559972,
    55.569089405301));
#2128 = CARTESIAN_POINT('',(6.018271473622,1.69865944998,55.912838860711
    ));
#2129 = CARTESIAN_POINT('',(4.688231526703,5.065370181912,
    56.256590601371));
#2130 = CARTESIAN_POINT('',(1.292686120082,7.309531727523,
    56.600337052651));
#2131 = CARTESIAN_POINT('',(-3.168323352357,6.986854772291,
    56.944092048703));
#2132 = CARTESIAN_POINT('',(-6.350692921677,3.843043650753,
    57.28783705039));
#2133 = CARTESIAN_POINT('',(-6.899319869025,-0.18928322975,
    57.631590603997));
#2134 = CARTESIAN_POINT('',(-5.242969253023,-3.408443345051,
    57.975338859243));
#2135 = CARTESIAN_POINT('',(-2.513764479649,-4.953407481624,
    58.319089405649));
#2136 = CARTESIAN_POINT('',(0.160893141047,-4.864967286589,
    58.662839320445));
#2137 = CARTESIAN_POINT('',(2.835549860298,-4.776545308283,
    59.006589405191));
#2138 = CARTESIAN_POINT('',(5.456694186002,-3.054408592595,
    59.350338860876));
#2139 = CARTESIAN_POINT('',(6.896837909209,0.266654483507,
    59.694090601169));
#2140 = CARTESIAN_POINT('',(6.082686573193,4.254575565125,
    60.037837052851));
#2141 = CARTESIAN_POINT('',(2.700109461316,7.180775953847,
    60.381592048544));
#2142 = CARTESIAN_POINT('',(-1.773175804385,7.208073294224,
    60.725337050492));
#2143 = CARTESIAN_POINT('',(-5.012399320256,4.744705524157,
    61.069090603945));
#2144 = CARTESIAN_POINT('',(-6.117472514933,1.297208375913,
    61.412838859262));
#2145 = CARTESIAN_POINT('',(-5.28008793012,-1.725088732359,
    61.756589405645));
#2146 = CARTESIAN_POINT('',(-3.326282727503,-3.553819989662,
    62.100339320445));
#2147 = CARTESIAN_POINT('',(-1.372490421605,-5.382564112797,
    62.444089405196));
#2148 = CARTESIAN_POINT('',(1.698669767451,-6.018258489994,
    62.787838860857));
#2149 = CARTESIAN_POINT('',(5.065360933184,-4.688247661035,
    63.13159060122));
#2150 = CARTESIAN_POINT('',(7.309535118817,-1.292669690305,
    63.475337052753));
#2151 = CARTESIAN_POINT('',(6.986860443401,3.168309660857,
    63.819092048692));
#2152 = CARTESIAN_POINT('',(3.843029635282,6.350702141327,
    64.162837050307));
#2153 = CARTESIAN_POINT('',(-0.189265281313,6.899315000149,
    64.506590604136));
#2154 = CARTESIAN_POINT('',(-3.408459821361,5.242971138269,
    64.850338859103));
#2155 = CARTESIAN_POINT('',(-4.95339592381,2.513764039859,
    65.194089405752));
#2156 = CARTESIAN_POINT('',(-4.864973506296,-0.160893141058,
    65.537839320389));
#2157 = CARTESIAN_POINT('',(-4.776533310547,-2.835549860287,
    65.881589405303));
#2158 = CARTESIAN_POINT('',(-3.054426954586,-5.456694185949,
    66.225338860696));
#2159 = CARTESIAN_POINT('',(0.266677301719,-6.896837909445,
    66.569090601414));
#2160 = CARTESIAN_POINT('',(4.254552328663,-6.082686572697,
    66.912837052571));
#2161 = CARTESIAN_POINT('',(7.180795317955,-2.700109462005,
    67.256592048805));
#2162 = CARTESIAN_POINT('',(7.208060254477,1.773175805085,
    67.600337050299));
#2163 = CARTESIAN_POINT('',(4.744712410561,5.012399319713,
    67.944090604053));
#2164 = CARTESIAN_POINT('',(1.297205709389,6.117472515257,
    68.287838859221));
#2165 = CARTESIAN_POINT('',(-1.725088110255,5.280087929982,
    68.631589405653));
#2166 = CARTESIAN_POINT('',(-3.553819989694,3.326282727534,
    68.975339320446));
#2167 = CARTESIAN_POINT('',(-5.382564112654,1.372491043462,
    69.319089405191));
#2168 = CARTESIAN_POINT('',(-6.018258490336,-1.698672433289,
    69.662838860869));
#2169 = CARTESIAN_POINT('',(-4.688247660434,-5.065354048175,
    70.006590601201));
#2170 = CARTESIAN_POINT('',(-1.292669691149,-7.309548156461,
    70.35033705278));
#2171 = CARTESIAN_POINT('',(3.168309661787,-6.986841081635,
    70.694092048642));
#2172 = CARTESIAN_POINT('',(6.350702140561,-3.843052869856,
    71.037837050396));
#2173 = CARTESIAN_POINT('',(6.899315000581,0.189288098498,
    71.381590604011));
#2174 = CARTESIAN_POINT('',(5.242971138131,3.408441459637,
    71.725338859231));
#2175 = CARTESIAN_POINT('',(2.51376403986,4.953407921661,72.069089405654
    ));
#2176 = CARTESIAN_POINT('',(-0.160893141036,4.864967286414,
    72.412839320443));
#2177 = CARTESIAN_POINT('',(-2.835550300089,4.776544869097,
    72.756589405191));
#2178 = CARTESIAN_POINT('',(-5.456692300977,3.054410476387,
    73.100338860893));
#2179 = CARTESIAN_POINT('',(-6.896842777347,-0.266659349785,
    73.444090601122));
#2180 = CARTESIAN_POINT('',(-6.082677354894,-4.254566349041,
    73.787837052922));
#2181 = CARTESIAN_POINT('',(-2.700123151136,-7.180789641555,
    74.13159204849));
#2182 = CARTESIAN_POINT('',(1.773192232614,-7.208056867557,
    74.475337050481));
#2183 = CARTESIAN_POINT('',(5.012383187046,-4.744721656546,
    74.819090604029));
#2184 = CARTESIAN_POINT('',(6.117485497899,-1.297195393193,
    75.162838859147));
#2185 = CARTESIAN_POINT('',(5.280079446808,1.725080249046,
    75.506589405741));
#2186 = CARTESIAN_POINT('',(3.326287125414,3.553824387603,
    75.850339320389));
#2187 = CARTESIAN_POINT('',(1.37248255993,5.382555629134,76.194089405308
    ));
#2188 = CARTESIAN_POINT('',(-1.698659449411,6.018271473944,
    76.537838860671));
#2189 = CARTESIAN_POINT('',(-5.065370183467,4.688231525998,
    76.881590601479));
#2190 = CARTESIAN_POINT('',(-7.309531724909,1.292686121093,
    77.22533705246));
#2191 = CARTESIAN_POINT('',(-6.986854775379,-3.168323353414,
    77.569092048939));
#2192 = CARTESIAN_POINT('',(-3.843043648088,-6.350692920879,
    77.912837050182));
#2193 = CARTESIAN_POINT('',(0.189283228067,-6.899319869419,
    78.256590604125));
#2194 = CARTESIAN_POINT('',(3.408443345796,-5.242969252932,
    78.600338859191));
#2195 = CARTESIAN_POINT('',(4.953407481438,-2.513764479635,
    78.94408940566));
#2196 = CARTESIAN_POINT('',(4.864967286564,0.160893141041,
    79.287839320446));
#2197 = CARTESIAN_POINT('',(4.776545308318,2.835549860275,
    79.631589405188));
#2198 = CARTESIAN_POINT('',(3.054408592544,5.456694186105,
    79.975338860881));
#2199 = CARTESIAN_POINT('',(-0.266654483435,6.896837908968,
    80.319090601169));
#2200 = CARTESIAN_POINT('',(-4.25457556522,6.082686573611,
    80.662837052838));
#2201 = CARTESIAN_POINT('',(-7.180775953705,2.700109460745,
    81.00659204857));
#2202 = CARTESIAN_POINT('',(-7.208073294448,-1.773175803758,
    81.35033705046));
#2203 = CARTESIAN_POINT('',(-4.74470552386,-5.012399320814,
    81.694090603972));
#2204 = CARTESIAN_POINT('',(-1.297208376216,-6.117472514525,
    82.037838859247));
#2205 = CARTESIAN_POINT('',(1.725088732591,-5.280087930366,
    82.381589405652));
#2206 = CARTESIAN_POINT('',(3.55381998953,-3.326282727383,
    82.725339320442));
#2207 = CARTESIAN_POINT('',(5.382564113258,-1.372490422081,
    83.069089405191));
#2208 = CARTESIAN_POINT('',(6.018258489032,1.698669768753,
    83.412838860896));
#2209 = CARTESIAN_POINT('',(4.6882476625,5.065360930587,83.756590601109)
  );
#2210 = CARTESIAN_POINT('',(1.292669688566,7.309535122682,
    84.100337052948));
#2211 = CARTESIAN_POINT('',(-3.168309659229,6.986860439033,
    84.444092048456));
#2212 = CARTESIAN_POINT('',(-6.350702142492,3.843029639076,
    84.787837050511));
#2213 = CARTESIAN_POINT('',(-6.899314999565,-0.189265283864,
    85.131590604013));
#2214 = CARTESIAN_POINT('',(-5.242971138433,-3.408459820041,
    85.475338859151));
#2215 = CARTESIAN_POINT('',(-2.513764039856,-4.953395924318,
    85.819089405743));
#2216 = CARTESIAN_POINT('',(0.160893141061,-4.864973506174,
    86.162839320387));
#2217 = CARTESIAN_POINT('',(2.835549860287,-4.776533310915,
    86.506589405305));
#2218 = CARTESIAN_POINT('',(5.45669418601,-3.054426953801,
    86.850338860702));
#2219 = CARTESIAN_POINT('',(6.896837909197,0.266677300432,
    87.194090601386));
#2220 = CARTESIAN_POINT('',(6.082686573202,4.254552330327,
    87.537837052627));
#2221 = CARTESIAN_POINT('',(2.700109461334,7.180795316256,
    87.881592048733));
#2222 = CARTESIAN_POINT('',(-1.773175804432,7.208060255834,
    88.225337050361));
#2223 = CARTESIAN_POINT('',(-5.012399320216,4.744712409717,
    88.569090604018));
#2224 = CARTESIAN_POINT('',(-6.11747251494,1.297205709801,
    88.912838859232));
#2225 = CARTESIAN_POINT('',(-5.280087930137,-1.725088110416,
    89.256589405653));
#2226 = CARTESIAN_POINT('',(-3.326282727485,-3.553819989643,
    89.600339320444));
#2227 = CARTESIAN_POINT('',(-1.372491043651,-5.382564112867,
    89.944089405189));
#2228 = CARTESIAN_POINT('',(1.698672433811,-6.018258489833,
    90.28783886089));
#2229 = CARTESIAN_POINT('',(5.065354047108,-4.688247661321,
    90.631590601132));
#2230 = CARTESIAN_POINT('',(7.309548158089,-1.292669689915,
    90.975337052917));
#2231 = CARTESIAN_POINT('',(6.986841079786,3.168309660451,
    91.319092048459));
#2232 = CARTESIAN_POINT('',(3.843052871399,6.350702141634,91.66283705057
    ));
#2233 = CARTESIAN_POINT('',(-0.189288099393,6.899314999991,
    92.006590603895));
#2234 = CARTESIAN_POINT('',(-3.408441459353,5.242971138318,
    92.350338859283));
#2235 = CARTESIAN_POINT('',(-4.95340792161,2.513764039849,
    92.694089405641));
#2236 = CARTESIAN_POINT('',(-4.864967286542,-0.160893141047,
    93.037839320444));
#2237 = CARTESIAN_POINT('',(-4.776544868705,-2.835550300101,
    93.381589405197));
#2238 = CARTESIAN_POINT('',(-3.054410477201,-5.456692300799,
    93.725338860864));
#2239 = CARTESIAN_POINT('',(0.266659351021,-6.896842777883,
    94.069090601187));
#2240 = CARTESIAN_POINT('',(4.254566347638,-6.082677354001,
    94.412837052829));
#2241 = CARTESIAN_POINT('',(7.180789642746,-2.700123152092,
    94.756592048578));
#2242 = CARTESIAN_POINT('',(7.208056866808,1.773192233296,
    95.100337050423));
#2243 = CARTESIAN_POINT('',(4.74472165689,5.012383186726,95.444090604055
    ));
#2244 = CARTESIAN_POINT('',(1.297195393078,6.117485497995,
    95.787838859139));
#2245 = CARTESIAN_POINT('',(-1.725080249014,5.280079446781,
    96.131589405744));
#2246 = CARTESIAN_POINT('',(-3.553824387614,3.326287125431,
    96.475339320387));
#2247 = CARTESIAN_POINT('',(-5.382555629239,1.372482560028,
    96.819089405305));
#2248 = CARTESIAN_POINT('',(-6.018271473592,-1.698659449876,
    97.162838860693));
#2249 = CARTESIAN_POINT('',(-4.68823152668,-5.065370182344,
    97.506590601414));
#2250 = CARTESIAN_POINT('',(-1.292686120142,-7.309531726735,
    97.850337052579));
#2251 = CARTESIAN_POINT('',(3.168323352427,-6.986854773229,
    98.194092048787));
#2252 = CARTESIAN_POINT('',(6.350692921626,-3.843043649956,
    98.537837050322));
#2253 = CARTESIAN_POINT('',(6.899319869037,0.189283229247,
    98.881590604035));
#2254 = CARTESIAN_POINT('',(5.242969253037,3.408443345291,
    99.225338859229));
#2255 = CARTESIAN_POINT('',(2.513764479637,4.953407481539,
    99.569089405652));
#2256 = CARTESIAN_POINT('',(-0.160893141047,4.864967286605,
    99.912839320446));
#2257 = CARTESIAN_POINT('',(-2.835549860276,4.776545308218,
    100.25658940519));
#2258 = CARTESIAN_POINT('',(-5.45669418608,3.054408592768,
    100.60033886086));
#2259 = CARTESIAN_POINT('',(-6.896837909036,-0.266654483867,
    100.94409060119));
#2260 = CARTESIAN_POINT('',(-6.082686573494,-4.25457556455,
    101.28783705278));
#2261 = CARTESIAN_POINT('',(-2.700109460899,-7.180775954506,
    101.63159204864));
#2262 = CARTESIAN_POINT('',(1.773175803926,-7.208073293735,
    101.97533705038));
#2263 = CARTESIAN_POINT('',(5.01239932067,-4.744705524312,
    102.31909060402));
#2264 = CARTESIAN_POINT('',(6.117472514613,-1.297208376032,
    102.66283885922));
#2265 = CARTESIAN_POINT('',(5.280087930342,1.725088732563,
    103.00658940565));
#2266 = CARTESIAN_POINT('',(3.32628272737,3.553819989513,103.35033932044
    ));
#2267 = CARTESIAN_POINT('',(1.372490422117,5.382564113291,
    103.69408940518));
#2268 = CARTESIAN_POINT('',(-1.698669768833,6.018258488998,
    104.0378388609));
#2269 = CARTESIAN_POINT('',(-5.065360930461,4.688247662498,
    104.38159060109));
#2270 = CARTESIAN_POINT('',(-7.309535122823,1.292669688638,
    104.72533705296));
#2271 = CARTESIAN_POINT('',(-6.986860438938,-3.168309659356,
    105.06909204843));
#2272 = CARTESIAN_POINT('',(-3.843029639085,-6.350702142364,
    105.41283705051));
#2273 = CARTESIAN_POINT('',(0.18926528381,-6.899314999646,
    105.75659060401));
#2274 = CARTESIAN_POINT('',(3.408459820105,-5.242971138404,
    106.10033885915));
#2275 = CARTESIAN_POINT('',(4.953395924276,-2.513764039858,
    106.44408940574));
#2276 = CARTESIAN_POINT('',(4.864973506191,0.160893141059,
    106.78783932038));
#2277 = CARTESIAN_POINT('',(4.864967545899,0.160893142279,
    -2.946313787466));
#2278 = CARTESIAN_POINT('',(4.776542768523,2.835549899711,
    -2.602563702717));
#2279 = CARTESIAN_POINT('',(3.054416808486,5.456694778679,
    -2.258814247019));
#2280 = CARTESIAN_POINT('',(-0.266669108226,6.896834576081,
    -1.915062506779));
#2281 = CARTESIAN_POINT('',(-4.2545603471,6.082695353338,-1.571316054993
    ));
#2282 = CARTESIAN_POINT('',(-7.18078348368,2.700095134879,
    -1.227561059441));
#2283 = CARTESIAN_POINT('',(-7.208075438361,-1.7731601864,
    -0.883816057355));
#2284 = CARTESIAN_POINT('',(-4.744699437485,-5.012410700585,
    -0.540062503998));
#2285 = CARTESIAN_POINT('',(-1.297212482981,-6.117467362143,
    -0.196314248635));
#2286 = CARTESIAN_POINT('',(1.725089810126,-5.280089008996,
    0.147436297736));
#2287 = CARTESIAN_POINT('',(3.553820173913,-3.326282910009,
    0.491186212534));
#2288 = CARTESIAN_POINT('',(5.382562344713,-1.372489219758,
    0.834936297283));
#2289 = CARTESIAN_POINT('',(6.01826471876,1.698667042976,1.178685752978)
  );
#2290 = CARTESIAN_POINT('',(4.688234962631,5.065362032318,1.522437493229
    ));
#2291 = CARTESIAN_POINT('',(1.292686659946,7.309543604497,1.866183944994
    ));
#2292 = CARTESIAN_POINT('',(-3.168325115936,6.986836275437,
    2.209938940577));
#2293 = CARTESIAN_POINT('',(-6.350692613617,3.843065429674,
    2.553683942628));
#2294 = CARTESIAN_POINT('',(-6.899318743458,-0.189300449424,
    2.897437496014));
#2295 = CARTESIAN_POINT('',(-5.242970398802,-3.408434912161,
    3.24118575136));
#2296 = CARTESIAN_POINT('',(-2.513764040635,-4.953409446406,
    3.584936297737));
#2297 = CARTESIAN_POINT('',(0.160893142279,-4.864967545906,
    3.928686212534));
#2298 = CARTESIAN_POINT('',(2.83554989971,-4.776542768496,4.272436297283
    ));
#2299 = CARTESIAN_POINT('',(5.456694778674,-3.054416808549,
    4.616185752977));
#2300 = CARTESIAN_POINT('',(6.896834576099,0.266669108334,4.959937493233
    ));
#2301 = CARTESIAN_POINT('',(6.082695353307,4.254560346963,5.303683944988
    ));
#2302 = CARTESIAN_POINT('',(2.700095134907,7.180783483811,5.647438940582
    ));
#2303 = CARTESIAN_POINT('',(-1.773160186411,7.208075438274,
    5.991183942625));
#2304 = CARTESIAN_POINT('',(-5.012410700594,4.744699437518,
    6.334937496015));
#2305 = CARTESIAN_POINT('',(-6.117467362126,1.297212482984,
    6.678685751359));
#2306 = CARTESIAN_POINT('',(-5.280089009011,-1.72508981014,
    7.022436297738));
#2307 = CARTESIAN_POINT('',(-3.32628291,-3.553820173903,7.366186212534)
  );
#2308 = CARTESIAN_POINT('',(-1.372489219795,-5.382562344753,
    7.709936297284));
#2309 = CARTESIAN_POINT('',(1.698667043078,-6.018264718666,
    8.053685752975));
#2310 = CARTESIAN_POINT('',(5.065362032116,-4.688234962793,
    8.397437493234));
#2311 = CARTESIAN_POINT('',(7.309543604796,-1.292686659733,8.74118394499
    ));
#2312 = CARTESIAN_POINT('',(6.986836275104,3.168325115721,9.084938940577
    ));
#2313 = CARTESIAN_POINT('',(3.84306542995,6.35069261378,9.42868394263));
#2314 = CARTESIAN_POINT('',(-0.189300449586,6.899318743371,
    9.772437496012));
#2315 = CARTESIAN_POINT('',(-3.408434912105,5.242970398829,
    10.116185751361));
#2316 = CARTESIAN_POINT('',(-4.953409446405,2.513764040633,
    10.459936297737));
#2317 = CARTESIAN_POINT('',(-4.864967545922,-0.16089314228,
    10.803686212534));
#2318 = CARTESIAN_POINT('',(-4.776542364806,-2.835550303351,
    11.14743629729));
#2319 = CARTESIAN_POINT('',(-3.054418538902,-5.456693048412,
    11.491185752946));
#2320 = CARTESIAN_POINT('',(0.266673577064,-6.896839044698,
    11.83493749331));
#2321 = CARTESIAN_POINT('',(4.254551885133,-6.082686891631,
    12.178683944845));
#2322 = CARTESIAN_POINT('',(7.180796049824,-2.700107700767,
    12.522438940786));
#2323 = CARTESIAN_POINT('',(7.208060359158,1.773175265398,
    12.866183942389));
#2324 = CARTESIAN_POINT('',(4.74471424542,5.01239589278,13.209937496239)
  );
#2325 = CARTESIAN_POINT('',(1.297200566801,6.117479278262,
    13.553685751184));
#2326 = CARTESIAN_POINT('',(-1.725082024015,5.280081222908,
    13.89743629785));
#2327 = CARTESIAN_POINT('',(-3.553824210318,3.326286946406,
    14.241186212477));
#2328 = CARTESIAN_POINT('',(-5.382554558657,1.372481433714,
    14.584936297392));
#2329 = CARTESIAN_POINT('',(-6.018276634753,-1.698655127029,
    14.92868575282));
#2330 = CARTESIAN_POINT('',(-4.688220155096,-5.06537683973,
    15.272437493408));
#2331 = CARTESIAN_POINT('',(-1.292701738519,-7.309528526124,
    15.616183944836));
#2332 = CARTESIAN_POINT('',(3.168337681326,-6.986848840614,
    15.959938940684));
#2333 = CARTESIAN_POINT('',(6.350684152331,-3.843056968536,
    16.303683942574));
#2334 = CARTESIAN_POINT('',(6.899323211836,0.189295981097,
    16.647437496034));
#2335 = CARTESIAN_POINT('',(5.24296866861,3.408436642376,16.991185751355
    ));
#2336 = CARTESIAN_POINT('',(2.513764444273,4.953409042711,
    17.334936297738));
#2337 = CARTESIAN_POINT('',(-0.160893142283,4.864967545964,
    17.678686212535));
#2338 = CARTESIAN_POINT('',(-2.835549899717,4.776542768301,
    18.022436297286));
#2339 = CARTESIAN_POINT('',(-5.456694778583,3.054416809001,
    18.366185752963));
#2340 = CARTESIAN_POINT('',(-6.896834576381,-0.266669109115,
    18.709937493267));
#2341 = CARTESIAN_POINT('',(-6.082695352795,-4.254560345921,
    19.053683944933));
#2342 = CARTESIAN_POINT('',(-2.70009513555,-7.180783484892,
    19.397438940642));
#2343 = CARTESIAN_POINT('',(1.773160187011,-7.208075437397,
    19.741183942579));
#2344 = CARTESIAN_POINT('',(5.012410700157,-4.744699438075,
    20.084937496038));
#2345 = CARTESIAN_POINT('',(6.11746736238,-1.297212482705,
    20.428685751353));
#2346 = CARTESIAN_POINT('',(5.280089008897,1.725089810028,
    20.772436297738));
#2347 = CARTESIAN_POINT('',(3.326282910034,3.55382017394,21.116186212535
    ));
#2348 = CARTESIAN_POINT('',(1.372489219654,5.382562344613,
    21.459936297284));
#2349 = CARTESIAN_POINT('',(-1.698667042692,6.018264718962,
    21.803685752967));
#2350 = CARTESIAN_POINT('',(-5.065362032881,4.688234962349,
    22.14743749326));
#2351 = CARTESIAN_POINT('',(-7.309543603675,1.292686660251,
    22.491183944941));
#2352 = CARTESIAN_POINT('',(-6.986836276332,-3.168325116202,
    22.834938940638));
#2353 = CARTESIAN_POINT('',(-3.843065428938,-6.350692613435,
    23.178683942579));
#2354 = CARTESIAN_POINT('',(0.189300448963,-6.899318743544,
    23.522437496041));
#2355 = CARTESIAN_POINT('',(3.408434912381,-5.242970398779,
    23.86618575135));
#2356 = CARTESIAN_POINT('',(4.953409446331,-2.513764040634,
    24.209936297739));
#2357 = CARTESIAN_POINT('',(4.86496754592,0.160893142279,24.553686212535
    ));
#2358 = CARTESIAN_POINT('',(4.776542768432,2.835549899712,
    24.897436297284));
#2359 = CARTESIAN_POINT('',(3.054416808714,5.456694778643,
    25.241185752972));
#2360 = CARTESIAN_POINT('',(-0.266669108643,6.896834576205,
    25.584937493246));
#2361 = CARTESIAN_POINT('',(-4.254560346517,6.082695353102,
    25.928683944965));
#2362 = CARTESIAN_POINT('',(-7.180783484313,2.700095135184,
    26.27243894061));
#2363 = CARTESIAN_POINT('',(-7.208075437831,-1.773160186696,
    26.616183942602));
#2364 = CARTESIAN_POINT('',(-4.744699437827,-5.012410700358,
    26.959937496028));
#2365 = CARTESIAN_POINT('',(-1.297212482813,-6.117467362283,
    27.303685751355));
#2366 = CARTESIAN_POINT('',(1.725089810062,-5.280089008932,
    27.647436297738));
#2367 = CARTESIAN_POINT('',(3.553820173932,-3.326282910027,
    27.991186212535));
#2368 = CARTESIAN_POINT('',(5.382562344644,-1.372488648855,
    28.33493629729));
#2369 = CARTESIAN_POINT('',(6.018264718894,1.698664595859,
    28.678685752944));
#2370 = CARTESIAN_POINT('',(4.688234962452,5.065368352145,
    29.022437493317));
#2371 = CARTESIAN_POINT('',(1.292686660127,7.30953163752,29.366183944833
    ));
#2372 = CARTESIAN_POINT('',(-3.168325116086,6.986854046605,29.7099389408
    ));
#2373 = CARTESIAN_POINT('',(-6.350692613514,3.843044104501,
    30.05368394238));
#2374 = CARTESIAN_POINT('',(-6.899318743516,-0.189279507877,
    30.397437496242));
#2375 = CARTESIAN_POINT('',(-5.242970398773,-3.408451764162,
    30.741185751184));
#2376 = CARTESIAN_POINT('',(-2.513764040648,-4.953398435196,
    31.084936297849));
#2377 = CARTESIAN_POINT('',(0.160893142286,-4.864973254235,
    31.428686212478));
#2378 = CARTESIAN_POINT('',(2.835549899696,-4.776531757299,
    31.772436297394));
#2379 = CARTESIAN_POINT('',(5.456694778688,-3.054433660485,
    32.116185752807));
#2380 = CARTESIAN_POINT('',(6.896834576099,0.266690049686,
    32.459937493444));
#2381 = CARTESIAN_POINT('',(6.082695353288,4.254539022187,
    32.803683944776));
#2382 = CARTESIAN_POINT('',(2.700095134932,7.180801254411,
    33.147438940755));
#2383 = CARTESIAN_POINT('',(-1.773160186421,7.208063471877,
    33.491183942513));
#2384 = CARTESIAN_POINT('',(-5.012410700603,4.744705756922,
    33.834937496072));
#2385 = CARTESIAN_POINT('',(-6.117467362112,1.297210036085,
    34.178685751338));
#2386 = CARTESIAN_POINT('',(-5.280089009017,-1.725089239313,
    34.522436297743));
#2387 = CARTESIAN_POINT('',(-3.326282910002,-3.553820173906,
    34.866186212534));
#2388 = CARTESIAN_POINT('',(-1.372489219787,-5.382562344746,
    35.209936297283));
#2389 = CARTESIAN_POINT('',(1.698667043053,-6.018264718684,
    35.553685752979));
#2390 = CARTESIAN_POINT('',(5.065362032177,-4.68823496275,
    35.897437493224));
#2391 = CARTESIAN_POINT('',(7.309543604681,-1.292686659804,
    36.241183945004));
#2392 = CARTESIAN_POINT('',(6.98683627527,3.168325115803,36.584938940564
    ));
#2393 = CARTESIAN_POINT('',(3.843065429768,6.350692613715,36.92868394264
    ));
#2394 = CARTESIAN_POINT('',(-0.189300449437,6.899318743404,
    37.272437496006));
#2395 = CARTESIAN_POINT('',(-3.408434912191,5.242970398821,
    37.616185751363));
#2396 = CARTESIAN_POINT('',(-4.953409446372,2.513764040632,
    37.959936297736));
#2397 = CARTESIAN_POINT('',(-4.864967545929,-0.16089314228,
    38.303686212535));
#2398 = CARTESIAN_POINT('',(-4.77654236477,-2.83555030335,38.64743629729
    ));
#2399 = CARTESIAN_POINT('',(-3.054418539015,-5.456693048408,
    38.991185752946));
#2400 = CARTESIAN_POINT('',(0.266673577314,-6.896839044721,
    39.334937493315));
#2401 = CARTESIAN_POINT('',(4.254551884716,-6.08268689157,
    39.678683944831));
#2402 = CARTESIAN_POINT('',(7.180796050352,-2.700107700881,
    40.022438940811));
#2403 = CARTESIAN_POINT('',(7.208060358652,1.773175265558,
    40.366183942361));
#2404 = CARTESIAN_POINT('',(4.744714245784,5.012395892613,
    40.709937496259));
#2405 = CARTESIAN_POINT('',(1.297200566605,6.117479278392,
    41.053685751174));
#2406 = CARTESIAN_POINT('',(-1.725082023938,5.280081222835,
    41.397436297853));
#2407 = CARTESIAN_POINT('',(-3.55382421034,3.326286946433,
    41.741186212476));
#2408 = CARTESIAN_POINT('',(-5.382554558661,1.37248143372,42.08493629739
    ));
#2409 = CARTESIAN_POINT('',(-6.018276634692,-1.698655127173,
    42.42868575283));
#2410 = CARTESIAN_POINT('',(-4.68822015522,-5.065376839329,
    42.772437493382));
#2411 = CARTESIAN_POINT('',(-1.292701738362,-7.309528526793,
    43.11618394488));
#2412 = CARTESIAN_POINT('',(3.168337681184,-6.986848839835,
    43.459938940633));
#2413 = CARTESIAN_POINT('',(6.350684152423,-3.843056969199,
    43.803683942615));
#2414 = CARTESIAN_POINT('',(6.8993232118,0.189295981514,44.147437496011)
  );
#2415 = CARTESIAN_POINT('',(5.242968668612,3.408436642184,
    44.491185751363));
#2416 = CARTESIAN_POINT('',(2.513764444278,4.95340904277,44.834936297737
    ));
#2417 = CARTESIAN_POINT('',(-0.160893142284,4.864967545958,
    45.178686212534));
#2418 = CARTESIAN_POINT('',(-2.835549899704,4.776542768331,
    45.522436297286));
#2419 = CARTESIAN_POINT('',(-5.456694778655,3.054416808939,
    45.866185752965));
#2420 = CARTESIAN_POINT('',(-6.896834576181,-0.266669109032,
    46.209937493264));
#2421 = CARTESIAN_POINT('',(-6.08269535315,-4.254560346012,
    46.553683944931));
#2422 = CARTESIAN_POINT('',(-2.700095135092,-7.180783484788,
    46.897438940656));
#2423 = CARTESIAN_POINT('',(1.773160186547,-7.208075437541,
    47.241183942557));
#2424 = CARTESIAN_POINT('',(5.01241070055,-4.74469943788,47.58493749606)
  );
#2425 = CARTESIAN_POINT('',(6.117467362092,-1.297212482916,
    47.928685751339));
#2426 = CARTESIAN_POINT('',(5.280089009076,1.725089810197,
    48.272436297744));
#2427 = CARTESIAN_POINT('',(3.326282909946,3.553820173841,
    48.616186212533));
#2428 = CARTESIAN_POINT('',(1.372489219989,5.382562344952,48.95993629728
    ));
#2429 = CARTESIAN_POINT('',(-1.698667043584,6.018264718261,
    49.303685753002));
#2430 = CARTESIAN_POINT('',(-5.065362031128,4.688234963418,
    49.647437493161));
#2431 = CARTESIAN_POINT('',(-7.309543606235,1.292686658953,
    49.991183945117));
#2432 = CARTESIAN_POINT('',(-6.986836273536,-3.16832511494,
    50.334938940422));
#2433 = CARTESIAN_POINT('',(-3.843065431219,-6.350692614379,
    50.678683942767));
#2434 = CARTESIAN_POINT('',(0.189300450327,-6.899318743049,
    51.022437495926));
#2435 = CARTESIAN_POINT('',(3.408434911828,-5.242970398929,
    51.366185751397));
#2436 = CARTESIAN_POINT('',(4.953409446429,-2.513764040627,
    51.709936297729));
#2437 = CARTESIAN_POINT('',(4.864967545973,0.160893142286,
    52.053686212534));
#2438 = CARTESIAN_POINT('',(4.776542364662,2.835550303356,
    52.397436297293));
#2439 = CARTESIAN_POINT('',(3.054418539199,5.456693048343,
    52.741185752937));
#2440 = CARTESIAN_POINT('',(-0.266673577525,6.896839044905,
    53.084937493331));
#2441 = CARTESIAN_POINT('',(-4.25455188458,6.082686891276,
    53.428683944817));
#2442 = CARTESIAN_POINT('',(-7.18079605033,2.700107701179,
    53.772438940812));
#2443 = CARTESIAN_POINT('',(-7.208060358811,-1.773175265739,
    54.116183942376));
#2444 = CARTESIAN_POINT('',(-4.744714245591,-5.012395892577,
    54.459937496239));
#2445 = CARTESIAN_POINT('',(-1.297200566747,-6.117479278343,
    54.803685751189));
#2446 = CARTESIAN_POINT('',(1.725082024011,-5.280081222897,
    55.147436297846));
#2447 = CARTESIAN_POINT('',(3.55382421031,-3.326286946392,
    55.491186212479));
#2448 = CARTESIAN_POINT('',(5.382554558544,-1.372481433597,
    55.834936297395));
#2449 = CARTESIAN_POINT('',(6.018276635073,1.698655126512,56.17868575279
    ));
#2450 = CARTESIAN_POINT('',(4.68822015456,5.065376840947,56.522437493492
    ));
#2451 = CARTESIAN_POINT('',(1.292701739186,7.309528524185,
    56.866183944692));
#2452 = CARTESIAN_POINT('',(-3.168337681968,6.986848842854,
    57.209938940854));
#2453 = CARTESIAN_POINT('',(-6.350684151872,3.843056966608,
    57.553683942431));
#2454 = CARTESIAN_POINT('',(-6.899323212054,-0.189295979847,
    57.897437496118));
#2455 = CARTESIAN_POINT('',(-5.242968668561,-3.408436642976,
    58.241185751323));
#2456 = CARTESIAN_POINT('',(-2.513764444266,-4.953409042517,
    58.584936297743));
#2457 = CARTESIAN_POINT('',(0.160893142282,-4.864967545987,
    58.928686212536));
#2458 = CARTESIAN_POINT('',(2.835549899716,-4.776542768166,
    59.272436297285));
#2459 = CARTESIAN_POINT('',(5.456694778545,-3.054416809366,
    59.616185752956));
#2460 = CARTESIAN_POINT('',(6.896834576537,0.266669109795,
    59.959937493289));
#2461 = CARTESIAN_POINT('',(6.08269535247,4.254560344978,60.303683944893
    ));
#2462 = CARTESIAN_POINT('',(2.700095136001,7.180783485889,
    60.647438940694));
#2463 = CARTESIAN_POINT('',(-1.773160187463,7.20807543659,
    60.991183942534));
#2464 = CARTESIAN_POINT('',(-5.012410699816,4.744699438573,
    61.334937496066));
#2465 = CARTESIAN_POINT('',(-6.117467362575,1.297212482474,
    61.678685751342));
#2466 = CARTESIAN_POINT('',(-5.280089008817,-1.725089809948,
    62.022436297739));
#2467 = CARTESIAN_POINT('',(-3.326282910053,-3.553820173959,
    62.366186212536));
#2468 = CARTESIAN_POINT('',(-1.372488648742,-5.382562344532,
    62.70993629729));
#2469 = CARTESIAN_POINT('',(1.698664595542,-6.01826471913,
    63.053685752936));
#2470 = CARTESIAN_POINT('',(5.065368352774,-4.688234962115,
    63.397437493341));
#2471 = CARTESIAN_POINT('',(7.3095316366,-1.292686660483,63.741183944794
    ));
#2472 = CARTESIAN_POINT('',(6.986854047611,3.168325116365,
    64.084938940843));
#2473 = CARTESIAN_POINT('',(3.843044103673,6.350692613359,
    64.428683942348));
#2474 = CARTESIAN_POINT('',(-0.189279507368,6.899318743564,
    64.772437496257));
#2475 = CARTESIAN_POINT('',(-3.408451764386,5.242970398776,
    65.116185751183));
#2476 = CARTESIAN_POINT('',(-4.953398435139,2.513764040643,
    65.459936297846));
#2477 = CARTESIAN_POINT('',(-4.864973254227,-0.160893142292,
    65.80368621248));
#2478 = CARTESIAN_POINT('',(-4.776531757043,-2.835549899705,
    66.147436297397));
#2479 = CARTESIAN_POINT('',(-3.05443366139,-5.456694778498,
    66.491185752776));
#2480 = CARTESIAN_POINT('',(0.266690051592,-6.896834576751,
    66.834937493536));
#2481 = CARTESIAN_POINT('',(4.254539019325,-6.082695352017,
    67.178683944612));
#2482 = CARTESIAN_POINT('',(7.180801257625,-2.70009513663,
    67.522438940956));
#2483 = CARTESIAN_POINT('',(7.208063469142,1.773160188102,67.86618394234
    ));
#2484 = CARTESIAN_POINT('',(4.744705758686,5.012410699319,
    68.209937496174));
#2485 = CARTESIAN_POINT('',(1.297210035227,6.117467362871,
    68.553685751301));
#2486 = CARTESIAN_POINT('',(-1.725089239001,5.28008900869,
    68.897436297747));
#2487 = CARTESIAN_POINT('',(-3.553820173988,3.326282910082,
    69.241186212537));
#2488 = CARTESIAN_POINT('',(-5.3825623444,1.37248921946,69.584936297285)
  );
#2489 = CARTESIAN_POINT('',(-6.018264719443,-1.698667042159,
    69.928685752948));
#2490 = CARTESIAN_POINT('',(-4.688234961564,-5.065362033943,
    70.272437493323));
#2491 = CARTESIAN_POINT('',(-1.292686661256,-7.309543602113,
    70.616183944821));
#2492 = CARTESIAN_POINT('',(3.168325117216,-6.98683627803,
    70.959938940793));
#2493 = CARTESIAN_POINT('',(6.35069261266,-3.84306542759,71.303683942438
    ));
#2494 = CARTESIAN_POINT('',(6.899318743958,0.18930044822,71.647437496131
    ));
#2495 = CARTESIAN_POINT('',(5.242970398651,3.408434912607,
    71.991185751311));
#2496 = CARTESIAN_POINT('',(2.513764040642,4.953409446368,
    72.334936297748));
#2497 = CARTESIAN_POINT('',(-0.160893142271,4.864967545827,
    72.678686212535));
#2498 = CARTESIAN_POINT('',(-2.835550303341,4.776542365096,
    73.022436297285));
#2499 = CARTESIAN_POINT('',(-5.456693048533,3.054418538247,
    73.366185752972));
#2500 = CARTESIAN_POINT('',(-6.89683904435,-0.266673575904,
    73.709937493242));
#2501 = CARTESIAN_POINT('',(-6.082686892224,-4.254551886762,
    74.053683944965));
#2502 = CARTESIAN_POINT('',(-2.700107700059,-7.180796048013,
    74.397438940636));
#2503 = CARTESIAN_POINT('',(1.773175264742,-7.20806036074,
    74.741183942527));
#2504 = CARTESIAN_POINT('',(5.012395893295,-4.744714244344,
    75.084937496146));
#2505 = CARTESIAN_POINT('',(6.117479277907,-1.297200567365,
    75.428685751229));
#2506 = CARTESIAN_POINT('',(5.280081223115,1.725082024245,
    75.772436297835));
#2507 = CARTESIAN_POINT('',(3.326286946309,3.553824210243,76.11618621248
    ));
#2508 = CARTESIAN_POINT('',(1.372481433558,5.382554558506,
    76.459936297402));
#2509 = CARTESIAN_POINT('',(-1.698655125989,6.018276635369,
    76.803685752751));
#2510 = CARTESIAN_POINT('',(-5.065376842376,4.688220153913,
    77.147437493599));
#2511 = CARTESIAN_POINT('',(-7.309528521782,1.292701740115,
    77.491183944502));
#2512 = CARTESIAN_POINT('',(-6.986848845692,-3.16833768294,
    77.83493894109));
#2513 = CARTESIAN_POINT('',(-3.843056964159,-6.350684151138,
    78.178683942222));
#2514 = CARTESIAN_POINT('',(0.189295978301,-6.899323212418,
    78.522437496247));
#2515 = CARTESIAN_POINT('',(3.408436643661,-5.242968668477,
    78.866185751271));
#2516 = CARTESIAN_POINT('',(4.953409042346,-2.513764444254,
    79.209936297754));
#2517 = CARTESIAN_POINT('',(4.864967545964,0.160893142276,
    79.553686212538));
#2518 = CARTESIAN_POINT('',(4.776542768199,2.835549899695,
    79.897436297282));
#2519 = CARTESIAN_POINT('',(3.054416809318,5.45669477864,80.241185752961
    ));
#2520 = CARTESIAN_POINT('',(-0.266669109729,6.896834576315,
    80.58493749329));
#2521 = CARTESIAN_POINT('',(-4.254560345065,6.082695352853,
    80.92868394488));
#2522 = CARTESIAN_POINT('',(-7.180783485757,2.700095135477,
    81.27243894072));
#2523 = CARTESIAN_POINT('',(-7.208075436796,-1.773160186887,
    81.616183942502));
#2524 = CARTESIAN_POINT('',(-4.744699438299,-5.012410700328,
    81.959937496092));
#2525 = CARTESIAN_POINT('',(-1.297212482753,-6.117467362201,
    82.303685751327));
#2526 = CARTESIAN_POINT('',(1.725089810161,-5.280089009042,
    82.647436297746));
#2527 = CARTESIAN_POINT('',(3.553820173838,-3.326282909944,
    82.991186212534));
#2528 = CARTESIAN_POINT('',(5.382562344955,-1.372488649178,
    83.334936297285));
#2529 = CARTESIAN_POINT('',(6.018264718247,1.698664596738,
    83.678685752978));
#2530 = CARTESIAN_POINT('',(4.688234963459,5.065368350389,
    84.022437493223));
#2531 = CARTESIAN_POINT('',(1.292686658886,7.309531640148,
    84.366183945001));
#2532 = CARTESIAN_POINT('',(-3.168325114868,6.986854043602,
    84.709938940592));
#2533 = CARTESIAN_POINT('',(-6.350692614432,3.843044107156,
    85.053683942566));
#2534 = CARTESIAN_POINT('',(-6.899318743026,-0.189279509709,
    85.397437496124));
#2535 = CARTESIAN_POINT('',(-5.242970398927,-3.408451763175,
    85.741185751235));
#2536 = CARTESIAN_POINT('',(-2.513764040639,-4.953398435605,
    86.084936297836));
#2537 = CARTESIAN_POINT('',(0.160893142295,-4.864973254115,
    86.428686212478));
#2538 = CARTESIAN_POINT('',(2.835549899705,-4.776531757381,
    86.772436297398));
#2539 = CARTESIAN_POINT('',(5.456694778554,-3.05443366067,
    87.116185752786));
#2540 = CARTESIAN_POINT('',(6.896834576523,0.26669005041,87.459937493497
    ));
#2541 = CARTESIAN_POINT('',(6.082695352481,4.254539020854,
    87.803683944685));
#2542 = CARTESIAN_POINT('',(2.700095136016,7.180801256063,
    88.147438940865));
#2543 = CARTESIAN_POINT('',(-1.773160187506,7.20806347039,
    88.491183942417));
#2544 = CARTESIAN_POINT('',(-5.012410699778,4.74470575791,
    88.834937496129));
#2545 = CARTESIAN_POINT('',(-6.117467362582,1.297210035606,
    89.178685751316));
#2546 = CARTESIAN_POINT('',(-5.280089008831,-1.72508923915,
    89.522436297746));
#2547 = CARTESIAN_POINT('',(-3.326282910037,-3.553820173941,
    89.866186212536));
#2548 = CARTESIAN_POINT('',(-1.372489219634,-5.382562344595,
    90.209936297283));
#2549 = CARTESIAN_POINT('',(1.698667042638,-6.018264718982,
    90.553685752968));
#2550 = CARTESIAN_POINT('',(5.065362032962,-4.688234962377,
    90.897437493256));
#2551 = CARTESIAN_POINT('',(7.309543603609,-1.292686660124,
    91.241183944954));
#2552 = CARTESIAN_POINT('',(6.98683627633,3.16832511599,91.584938940614)
  );
#2553 = CARTESIAN_POINT('',(3.843065429008,6.350692613644,
    91.928683942607));
#2554 = CARTESIAN_POINT('',(-0.189300449042,6.899318743416,
    92.272437496019));
#2555 = CARTESIAN_POINT('',(-3.408434912346,5.242970398822,
    92.616185751361));
#2556 = CARTESIAN_POINT('',(-4.953409446321,2.513764040632,
    92.959936297736));
#2557 = CARTESIAN_POINT('',(-4.864967545944,-0.160893142281,
    93.303686212535));
#2558 = CARTESIAN_POINT('',(-4.776542364736,-2.835550303352,
    93.647436297291));
#2559 = CARTESIAN_POINT('',(-3.054418538994,-5.456693048369,
    93.991185752946));
#2560 = CARTESIAN_POINT('',(0.266673577038,-6.896839044842,
    94.334937493303));
#2561 = CARTESIAN_POINT('',(4.254551885475,-6.082686891404,
    94.678683944879));
#2562 = CARTESIAN_POINT('',(7.180796049106,-2.700107700937,
    95.022438940718));
#2563 = CARTESIAN_POINT('',(7.208060360053,1.773175265369,
    95.366183942475));
#2564 = CARTESIAN_POINT('',(4.744714244659,5.012395893001,
    95.709937496169));
#2565 = CARTESIAN_POINT('',(1.297200567259,6.117479277996,
    96.053685751222));
#2566 = CARTESIAN_POINT('',(-1.725082024215,5.280081223091,
    96.397436297837));
#2567 = CARTESIAN_POINT('',(-3.553824210253,3.326286946326,
    96.741186212479));
#2568 = CARTESIAN_POINT('',(-5.382554558603,1.372481433648,
    97.084936297399));
#2569 = CARTESIAN_POINT('',(-6.018276635046,-1.698655126416,
    97.428685752775));
#2570 = CARTESIAN_POINT('',(-4.688220154538,-5.065376841344,
    97.772437493531));
#2571 = CARTESIAN_POINT('',(-1.292701739243,-7.309528523462,
    98.116183944625));
#2572 = CARTESIAN_POINT('',(3.168337682033,-6.986848843715,
    98.459938940933));
#2573 = CARTESIAN_POINT('',(6.350684151827,-3.843056965875,
    98.803683942367));
#2574 = CARTESIAN_POINT('',(6.899323212065,0.189295979384,
    99.147437496153));
#2575 = CARTESIAN_POINT('',(5.242968668574,3.408436643197,
    99.491185751311));
#2576 = CARTESIAN_POINT('',(2.513764444255,4.953409042439,
    99.834936297745));
#2577 = CARTESIAN_POINT('',(-0.160893142281,4.864967546002,
    100.17868621253));
#2578 = CARTESIAN_POINT('',(-2.835549899695,4.776542768107,
    100.52243629728));
#2579 = CARTESIAN_POINT('',(-5.456694778617,3.054416809524,
    100.86618575294));
#2580 = CARTESIAN_POINT('',(-6.896834576377,-0.266669110125,
    101.20993749331));
#2581 = CARTESIAN_POINT('',(-6.082695352747,-4.254560344452,
    101.55368394482));
#2582 = CARTESIAN_POINT('',(-2.700095135617,-7.180783486491,
    101.89743894079));
#2583 = CARTESIAN_POINT('',(1.77316018704,-7.208075436143,
    102.24118394243));
#2584 = CARTESIAN_POINT('',(5.012410700196,-4.744699438713,
    102.58493749613));
#2585 = CARTESIAN_POINT('',(6.117467362281,-1.297212482584,
    102.9286857513));
#2586 = CARTESIAN_POINT('',(5.28008900902,1.725089810135,103.27243629775
    ));
#2587 = CARTESIAN_POINT('',(3.326282909932,3.553820173821,
    103.61618621253));
#2588 = CARTESIAN_POINT('',(1.372488649212,5.382562344984,
    103.95993629728));
#2589 = CARTESIAN_POINT('',(-1.69866459681,6.018264718217,
    104.30368575298));
#2590 = CARTESIAN_POINT('',(-5.065368350274,4.688234963456,
    104.64743749321));
#2591 = CARTESIAN_POINT('',(-7.309531640277,1.292686658954,
    104.99118394501));
#2592 = CARTESIAN_POINT('',(-6.986854043516,-3.168325114989,
    105.33493894058));
#2593 = CARTESIAN_POINT('',(-3.843044107164,-6.35069261431,
    105.67868394256));
#2594 = CARTESIAN_POINT('',(0.18927950966,-6.899318743103,
    106.02243749613));
#2595 = CARTESIAN_POINT('',(3.408451763233,-5.242970398899,
    106.36618575123));
#2596 = CARTESIAN_POINT('',(4.953398435567,-2.513764040641,
    106.70993629783));
#2597 = CARTESIAN_POINT('',(4.864973254131,0.160893142293,
    107.05368621247));
#2598 = DEFINITIONAL_REPRESENTATION('',(#2599),#2603);
#2599 = LINE('',#2600,#2601);
#2600 = CARTESIAN_POINT('',(6.28318530718,0.));
#2601 = VECTOR('',#2602,1.);
#2602 = DIRECTION('',(0.,1.));
#2603 = ( GEOMETRIC_REPRESENTATION_CONTEXT(2) 
PARAMETRIC_REPRESENTATION_CONTEXT() REPRESENTATION_CONTEXT('2D SPACE',''
  ) );
#2604 = PCURVE('',#350,#2605);
#2605 = DEFINITIONAL_REPRESENTATION('',(#2606),#2610);
#2606 = LINE('',#2607,#2608);
#2607 = CARTESIAN_POINT('',(0.,0.));
#2608 = VECTOR('',#2609,1.);
#2609 = DIRECTION('',(0.,1.));
#2610 = ( GEOMETRIC_REPRESENTATION_CONTEXT(2) 
PARAMETRIC_REPRESENTATION_CONTEXT() REPRESENTATION_CONTEXT('2D SPACE',''
  ) );
#2611 = ORIENTED_EDGE('',*,*,#2612,.F.);
#2612 = EDGE_CURVE('',#24,#24,#2613,.T.);
#2613 = SURFACE_CURVE('',#2614,(#2622,#2629),.PCURVE_S1.);
#2614 = ( BOUNDED_CURVE() B_SPLINE_CURVE(6,(#2615,#2616,#2617,#2618,
#2619,#2620,#2621),.UNSPECIFIED.,.T.,.F.) B_SPLINE_CURVE_WITH_KNOTS((1,6
    ,6,1),(-6.28318530718,0.,6.28318530718,12.566370614359),
.UNSPECIFIED.) CURVE() GEOMETRIC_REPRESENTATION_ITEM() 
RATIONAL_B_SPLINE_CURVE((1.669078461068,1.03672962321,1.038346699848,
    0.853534330196,1.038346699848,1.03672962321,1.669078461068)) 
REPRESENTATION_ITEM('') );
#2615 = CARTESIAN_POINT('',(4.864973254131,0.160893142293,
    107.05368621247));
#2616 = CARTESIAN_POINT('',(4.864973002071,0.160893143527,
    107.31953310456));
#2617 = CARTESIAN_POINT('',(4.865033319063,-0.167834561243,
    107.35770419538));
#2618 = CARTESIAN_POINT('',(4.865083385956,-0.438965554958,
    107.05368621536));
#2619 = CARTESIAN_POINT('',(4.865033895566,-0.167834564065,
    106.74966823274));
#2620 = CARTESIAN_POINT('',(4.864973506191,0.160893141059,
    106.78783932038));
#2621 = CARTESIAN_POINT('',(4.864973254131,0.160893142293,
    107.05368621247));
#2622 = PCURVE('',#350,#2623);
#2623 = DEFINITIONAL_REPRESENTATION('',(#2624),#2628);
#2624 = LINE('',#2625,#2626);
#2625 = CARTESIAN_POINT('',(0.,207.48754035318));
#2626 = VECTOR('',#2627,1.);
#2627 = DIRECTION('',(1.,0.));
#2628 = ( GEOMETRIC_REPRESENTATION_CONTEXT(2) 
PARAMETRIC_REPRESENTATION_CONTEXT() REPRESENTATION_CONTEXT('2D SPACE',''
  ) );
#2629 = PCURVE('',#2630,#2635);
#2630 = PLANE('',#2631);
#2631 = AXIS2_PLACEMENT_3D('',#2632,#2633,#2634);
#2632 = CARTESIAN_POINT('',(4.865002624882,9.184927070719E-04,
    107.05368621324));
#2633 = DIRECTION('',(0.999999983146,1.835962769138E-04,
    9.481384908186E-07));
#2634 = DIRECTION('',(-1.835962769139E-04,0.999999983146,0.));
#2635 = DEFINITIONAL_REPRESENTATION('',(#2636),#2644);
#2636 = ( BOUNDED_CURVE() B_SPLINE_CURVE(6,(#2637,#2638,#2639,#2640,
#2641,#2642,#2643),.UNSPECIFIED.,.T.,.F.) B_SPLINE_CURVE_WITH_KNOTS((1,6
    ,6,1),(-6.28318530718,0.,6.28318530718,12.566370614359),
.UNSPECIFIED.) CURVE() GEOMETRIC_REPRESENTATION_ITEM() 
RATIONAL_B_SPLINE_CURVE((1.669078461068,1.03672962321,1.038346699848,
    0.853534330196,1.038346699848,1.03672962321,1.669078461068)) 
REPRESENTATION_ITEM('') );
#2637 = CARTESIAN_POINT('',(0.159974652282,-7.7042727753E-10));
#2638 = CARTESIAN_POINT('',(0.159974653563,0.265846891321));
#2639 = CARTESIAN_POINT('',(-0.168753056741,0.304017982132));
#2640 = CARTESIAN_POINT('',(-0.439884055079,2.118440534105E-09));
#2641 = CARTESIAN_POINT('',(-0.168753059669,-0.304017980507));
#2642 = CARTESIAN_POINT('',(0.159974651002,-0.265846892862));
#2643 = CARTESIAN_POINT('',(0.159974652282,-7.7042727753E-10));
#2644 = ( GEOMETRIC_REPRESENTATION_CONTEXT(2) 
PARAMETRIC_REPRESENTATION_CONTEXT() REPRESENTATION_CONTEXT('2D SPACE',''
  ) );
#2645 = ORIENTED_EDGE('',*,*,#21,.F.);
#2646 = ORIENTED_EDGE('',*,*,#2647,.T.);
#2647 = EDGE_CURVE('',#22,#22,#2648,.T.);
#2648 = SURFACE_CURVE('',#2649,(#2657,#2664),.PCURVE_S1.);
#2649 = ( BOUNDED_CURVE() B_SPLINE_CURVE(6,(#2650,#2651,#2652,#2653,
#2654,#2655,#2656),.UNSPECIFIED.,.T.,.F.) B_SPLINE_CURVE_WITH_KNOTS((1,6
    ,6,1),(-6.28318530718,0.,6.28318530718,12.566370614359),
.UNSPECIFIED.) CURVE() GEOMETRIC_REPRESENTATION_ITEM() 
RATIONAL_B_SPLINE_CURVE((1.669078461068,1.03672962321,1.038346699848,
    0.853534330196,1.038346699848,1.03672962321,1.669078461068)) 
REPRESENTATION_ITEM('') );
#2650 = CARTESIAN_POINT('',(4.864967545899,0.160893142279,
    -2.946313787466));
#2651 = CARTESIAN_POINT('',(4.864967805305,0.160893143513,
    -2.680466895375));
#2652 = CARTESIAN_POINT('',(4.865028277017,-0.167834561242,
    -2.642295804679));
#2653 = CARTESIAN_POINT('',(4.865077826047,-0.438965554945,
    -2.946313784787));
#2654 = CARTESIAN_POINT('',(4.865027683712,-0.167834564066,
    -3.250331767317));
#2655 = CARTESIAN_POINT('',(4.864967286493,0.160893141044,
    -3.212160679557));
#2656 = CARTESIAN_POINT('',(4.864967545899,0.160893142279,
    -2.946313787466));
#2657 = PCURVE('',#350,#2658);
#2658 = DEFINITIONAL_REPRESENTATION('',(#2659),#2663);
#2659 = LINE('',#2660,#2661);
#2660 = CARTESIAN_POINT('',(0.,0.));
#2661 = VECTOR('',#2662,1.);
#2662 = DIRECTION('',(1.,0.));
#2663 = ( GEOMETRIC_REPRESENTATION_CONTEXT(2) 
PARAMETRIC_REPRESENTATION_CONTEXT() REPRESENTATION_CONTEXT('2D SPACE',''
  ) );
#2664 = PCURVE('',#2665,#2670);
#2665 = PLANE('',#2666);
#2666 = AXIS2_PLACEMENT_3D('',#2667,#2668,#2669);
#2667 = CARTESIAN_POINT('',(4.864996956205,9.184926997948E-04,
    -2.946313786752));
#2668 = DIRECTION('',(0.9999999831,1.838435385547E-04,
    -9.757737569658E-07));
#2669 = DIRECTION('',(-1.838435385548E-04,0.999999983101,
    2.584939414228E-26));
#2670 = DEFINITIONAL_REPRESENTATION('',(#2671),#2679);
#2671 = ( BOUNDED_CURVE() B_SPLINE_CURVE(6,(#2672,#2673,#2674,#2675,
#2676,#2677,#2678),.UNSPECIFIED.,.T.,.F.) B_SPLINE_CURVE_WITH_KNOTS((1,6
    ,6,1),(-6.28318530718,0.,6.28318530718,12.566370614359),
.UNSPECIFIED.) CURVE() GEOMETRIC_REPRESENTATION_ITEM() 
RATIONAL_B_SPLINE_CURVE((1.669078461068,1.03672962321,1.038346699848,
    0.853534330196,1.038346699848,1.03672962321,1.669078461068)) 
REPRESENTATION_ITEM('') );
#2672 = CARTESIAN_POINT('',(0.159974652282,-7.142824109962E-10));
#2673 = CARTESIAN_POINT('',(0.159974653469,0.265846891377));
#2674 = CARTESIAN_POINT('',(-0.168753056848,0.304017982073));
#2675 = CARTESIAN_POINT('',(-0.439884055079,1.964073348404E-09));
#2676 = CARTESIAN_POINT('',(-0.168753059563,-0.304017980566));
#2677 = CARTESIAN_POINT('',(0.159974651095,-0.265846892806));
#2678 = CARTESIAN_POINT('',(0.159974652282,-7.142824109962E-10));
#2679 = ( GEOMETRIC_REPRESENTATION_CONTEXT(2) 
PARAMETRIC_REPRESENTATION_CONTEXT() REPRESENTATION_CONTEXT('2D SPACE',''
  ) );
#2680 = ADVANCED_FACE('',(#2681),#2665,.T.);
#2681 = FACE_BOUND('',#2682,.T.);
#2682 = EDGE_LOOP('',(#2683));
#2683 = ORIENTED_EDGE('',*,*,#2647,.T.);
#2684 = ADVANCED_FACE('',(#2685),#2630,.F.);
#2685 = FACE_BOUND('',#2686,.F.);
#2686 = EDGE_LOOP('',(#2687));
#2687 = ORIENTED_EDGE('',*,*,#2612,.T.);
#2688 = ( GEOMETRIC_REPRESENTATION_CONTEXT(3) 
GLOBAL_UNCERTAINTY_ASSIGNED_CONTEXT((#2692)) 
GLOBAL_UNIT_ASSIGNED_CONTEXT((#2689,#2690,#2691)) REPRESENTATION_CONTEXT
('Context #1','3D Context with UNIT and UNCERTAINTY') );
#2689 = ( LENGTH_UNIT() NAMED_UNIT(*) SI_UNIT(.MILLI.,.METRE.) );
#2690 = ( NAMED_UNIT(*) PLANE_ANGLE_UNIT() SI_UNIT($,.RADIAN.) );
#2691 = ( NAMED_UNIT(*) SI_UNIT($,.STERADIAN.) SOLID_ANGLE_UNIT() );
#2692 = UNCERTAINTY_MEASURE_WITH_UNIT(LENGTH_MEASURE(1.E-05),#2689,
  'distance_accuracy_value','confusion accuracy');
#2693 = PRODUCT_RELATED_PRODUCT_CATEGORY('part',$,(#7));
ENDSEC;
END-ISO-10303-21;
