ISO-10303-21;
HEADER;
FILE_DESCRIPTION(('Open CASCADE Model'),'2;1');
FILE_NAME('Open CASCADE Shape Model','2026-09-03T01:48:56',('Author'),(
    'Open CASCADE'),'Open CASCADE STEP processor 7.9','Open CASCADE 7.9'
  ,'Unknown');
FILE_SCHEMA(('AUTOMOTIVE_DESIGN { 1 0 10303 214 1 1 1 1 }'));
ENDSEC;
DATA;
#1 = APPLICATION_PROTOCOL_DEFINITION('international standard',
  'automotive_design',2000,#2);
#2 = APPLICATION_CONTEXT(
  'core data for automotive mechanical design processes');
#3 = SHAPE_DEFINITION_REPRESENTATION(#4,#10);
#4 = PRODUCT_DEFINITION_SHAPE('','',#5);
#5 = PRODUCT_DEFINITION('design','',#6,#9);
#6 = PRODUCT_DEFINITION_FORMATION('','',#7);
#7 = PRODUCT('Open CASCADE STEP translator 7.9 3',
  'Open CASCADE STEP translator 7.9 3','',(#8));
#8 = PRODUCT_CONTEXT('',#2,'mechanical');
#9 = PRODUCT_DEFINITION_CONTEXT('part definition',#2,'design');
#10 = ADVANCED_BREP_SHAPE_REPRESENTATION('',(#11,#15),#8473);
#11 = AXIS2_PLACEMENT_3D('',#12,#13,#14);
#12 = CARTESIAN_POINT('',(0.,0.,0.));
#13 = DIRECTION('',(0.,0.,1.));
#14 = DIRECTION('',(1.,0.,-0.));
#15 = MANIFOLD_SOLID_BREP('',#16);
#16 = CLOSED_SHELL('',(#17,#193,#763,#813,#1602,#1651,#1911,#1938,#2084,
    #2111,#2160,#2187,#2194,#2249,#2304,#2438,#2589,#2696,#2847,#2944,
    #3095,#3202,#3331,#3386,#3441,#3519,#3569,#3618,#3667,#3716,#3770,
    #3977,#4025,#4400,#4448,#4823,#4872,#5079,#5133,#5182,#5231,#5280,
    #5330,#5401,#5408,#5521,#5570,#5653,#5703,#5752,#5780,#5787,#5794,
    #5801,#6301,#6351,#6425,#6453,#6458,#6485,#6492,#6519,#6526,#6554,
    #6559,#6656,#6683,#6710,#6737,#6771,#6805,#7052,#7102,#7156,#7183,
    #7210,#7286,#7336,#7384,#7412,#7488,#7537,#7586,#7613,#7689,#7738,
    #7787,#7814,#7889,#7943,#7992,#8024,#8051,#8101,#8155,#8182,#8238,
    #8294,#8301,#8328,#8335,#8362,#8369,#8396,#8423,#8430,#8437,#8444,
    #8451,#8458,#8465,#8469));
#17 = ADVANCED_FACE('',(#18),#32,.F.);
#18 = FACE_BOUND('',#19,.F.);
#19 = EDGE_LOOP('',(#20,#55,#83,#111,#139,#167));
#20 = ORIENTED_EDGE('',*,*,#21,.F.);
#21 = EDGE_CURVE('',#22,#24,#26,.T.);
#22 = VERTEX_POINT('',#23);
#23 = CARTESIAN_POINT('',(-30.,-11.5,118.23));
#24 = VERTEX_POINT('',#25);
#25 = CARTESIAN_POINT('',(-30.,11.5,118.23));
#26 = SURFACE_CURVE('',#27,(#31,#43),.PCURVE_S1.);
#27 = LINE('',#28,#29);
#28 = CARTESIAN_POINT('',(-30.,-13.5,118.23));
#29 = VECTOR('',#30,1.);
#30 = DIRECTION('',(0.,1.,0.));
#31 = PCURVE('',#32,#37);
#32 = PLANE('',#33);
#33 = AXIS2_PLACEMENT_3D('',#34,#35,#36);
#34 = CARTESIAN_POINT('',(-30.,-13.5,115.23));
#35 = DIRECTION('',(1.,0.,0.));
#36 = DIRECTION('',(0.,0.,1.));
#37 = DEFINITIONAL_REPRESENTATION('',(#38),#42);
#38 = LINE('',#39,#40);
#39 = CARTESIAN_POINT('',(3.,0.));
#40 = VECTOR('',#41,1.);
#41 = DIRECTION('',(0.,-1.));
#42 = ( GEOMETRIC_REPRESENTATION_CONTEXT(2) 
PARAMETRIC_REPRESENTATION_CONTEXT() REPRESENTATION_CONTEXT('2D SPACE',''
  ) );
#43 = PCURVE('',#44,#49);
#44 = PLANE('',#45);
#45 = AXIS2_PLACEMENT_3D('',#46,#47,#48);
#46 = CARTESIAN_POINT('',(-30.,-13.5,118.23));
#47 = DIRECTION('',(0.,0.,1.));
#48 = DIRECTION('',(1.,0.,-0.));
#49 = DEFINITIONAL_REPRESENTATION('',(#50),#54);
#50 = LINE('',#51,#52);
#51 = CARTESIAN_POINT('',(0.,0.));
#52 = VECTOR('',#53,1.);
#53 = DIRECTION('',(0.,1.));
#54 = ( GEOMETRIC_REPRESENTATION_CONTEXT(2) 
PARAMETRIC_REPRESENTATION_CONTEXT() REPRESENTATION_CONTEXT('2D SPACE',''
  ) );
#55 = ORIENTED_EDGE('',*,*,#56,.F.);
#56 = EDGE_CURVE('',#57,#22,#59,.T.);
#57 = VERTEX_POINT('',#58);
#58 = CARTESIAN_POINT('',(-30.,-11.5,115.23));
#59 = SURFACE_CURVE('',#60,(#64,#71),.PCURVE_S1.);
#60 = LINE('',#61,#62);
#61 = CARTESIAN_POINT('',(-30.,-11.5,115.23));
#62 = VECTOR('',#63,1.);
#63 = DIRECTION('',(0.,0.,1.));
#64 = PCURVE('',#32,#65);
#65 = DEFINITIONAL_REPRESENTATION('',(#66),#70);
#66 = LINE('',#67,#68);
#67 = CARTESIAN_POINT('',(0.,-2.));
#68 = VECTOR('',#69,1.);
#69 = DIRECTION('',(1.,0.));
#70 = ( GEOMETRIC_REPRESENTATION_CONTEXT(2) 
PARAMETRIC_REPRESENTATION_CONTEXT() REPRESENTATION_CONTEXT('2D SPACE',''
  ) );
#71 = PCURVE('',#72,#77);
#72 = CYLINDRICAL_SURFACE('',#73,2.);
#73 = AXIS2_PLACEMENT_3D('',#74,#75,#76);
#74 = CARTESIAN_POINT('',(-28.,-11.5,115.23));
#75 = DIRECTION('',(0.,0.,1.));
#76 = DIRECTION('',(-1.,-0.,0.));
#77 = DEFINITIONAL_REPRESENTATION('',(#78),#82);
#78 = LINE('',#79,#80);
#79 = CARTESIAN_POINT('',(0.,0.));
#80 = VECTOR('',#81,1.);
#81 = DIRECTION('',(0.,1.));
#82 = ( GEOMETRIC_REPRESENTATION_CONTEXT(2) 
PARAMETRIC_REPRESENTATION_CONTEXT() REPRESENTATION_CONTEXT('2D SPACE',''
  ) );
#83 = ORIENTED_EDGE('',*,*,#84,.T.);
#84 = EDGE_CURVE('',#57,#85,#87,.T.);
#85 = VERTEX_POINT('',#86);
#86 = CARTESIAN_POINT('',(-30.,-10.6,115.23));
#87 = SURFACE_CURVE('',#88,(#92,#99),.PCURVE_S1.);
#88 = LINE('',#89,#90);
#89 = CARTESIAN_POINT('',(-30.,-13.5,115.23));
#90 = VECTOR('',#91,1.);
#91 = DIRECTION('',(0.,1.,0.));
#92 = PCURVE('',#32,#93);
#93 = DEFINITIONAL_REPRESENTATION('',(#94),#98);
#94 = LINE('',#95,#96);
#95 = CARTESIAN_POINT('',(0.,0.));
#96 = VECTOR('',#97,1.);
#97 = DIRECTION('',(0.,-1.));
#98 = ( GEOMETRIC_REPRESENTATION_CONTEXT(2) 
PARAMETRIC_REPRESENTATION_CONTEXT() REPRESENTATION_CONTEXT('2D SPACE',''
  ) );
#99 = PCURVE('',#100,#105);
#100 = PLANE('',#101);
#101 = AXIS2_PLACEMENT_3D('',#102,#103,#104);
#102 = CARTESIAN_POINT('',(-30.,-13.5,115.23));
#103 = DIRECTION('',(0.,0.,1.));
#104 = DIRECTION('',(1.,0.,-0.));
#105 = DEFINITIONAL_REPRESENTATION('',(#106),#110);
#106 = LINE('',#107,#108);
#107 = CARTESIAN_POINT('',(0.,0.));
#108 = VECTOR('',#109,1.);
#109 = DIRECTION('',(0.,1.));
#110 = ( GEOMETRIC_REPRESENTATION_CONTEXT(2) 
PARAMETRIC_REPRESENTATION_CONTEXT() REPRESENTATION_CONTEXT('2D SPACE',''
  ) );
#111 = ORIENTED_EDGE('',*,*,#112,.T.);
#112 = EDGE_CURVE('',#85,#113,#115,.T.);
#113 = VERTEX_POINT('',#114);
#114 = CARTESIAN_POINT('',(-30.,-10.6,115.185));
#115 = SURFACE_CURVE('',#116,(#120,#127),.PCURVE_S1.);
#116 = LINE('',#117,#118);
#117 = CARTESIAN_POINT('',(-30.,-10.6,115.4775));
#118 = VECTOR('',#119,1.);
#119 = DIRECTION('',(0.,0.,-1.));
#120 = PCURVE('',#32,#121);
#121 = DEFINITIONAL_REPRESENTATION('',(#122),#126);
#122 = LINE('',#123,#124);
#123 = CARTESIAN_POINT('',(0.2475,-2.9));
#124 = VECTOR('',#125,1.);
#125 = DIRECTION('',(-1.,0.));
#126 = ( GEOMETRIC_REPRESENTATION_CONTEXT(2) 
PARAMETRIC_REPRESENTATION_CONTEXT() REPRESENTATION_CONTEXT('2D SPACE',''
  ) );
#127 = PCURVE('',#128,#133);
#128 = PLANE('',#129);
#129 = AXIS2_PLACEMENT_3D('',#130,#131,#132);
#130 = CARTESIAN_POINT('',(-32.,-10.6,114.45));
#131 = DIRECTION('',(0.,1.,0.));
#132 = DIRECTION('',(0.,-0.,1.));
#133 = DEFINITIONAL_REPRESENTATION('',(#134),#138);
#134 = LINE('',#135,#136);
#135 = CARTESIAN_POINT('',(1.0275,2.));
#136 = VECTOR('',#137,1.);
#137 = DIRECTION('',(-1.,0.));
#138 = ( GEOMETRIC_REPRESENTATION_CONTEXT(2) 
PARAMETRIC_REPRESENTATION_CONTEXT() REPRESENTATION_CONTEXT('2D SPACE',''
  ) );
#139 = ORIENTED_EDGE('',*,*,#140,.F.);
#140 = EDGE_CURVE('',#141,#113,#143,.T.);
#141 = VERTEX_POINT('',#142);
#142 = CARTESIAN_POINT('',(-30.,11.5,115.185));
#143 = SURFACE_CURVE('',#144,(#148,#155),.PCURVE_S1.);
#144 = LINE('',#145,#146);
#145 = CARTESIAN_POINT('',(-30.,-16.75,115.185));
#146 = VECTOR('',#147,1.);
#147 = DIRECTION('',(0.,-1.,0.));
#148 = PCURVE('',#32,#149);
#149 = DEFINITIONAL_REPRESENTATION('',(#150),#154);
#150 = LINE('',#151,#152);
#151 = CARTESIAN_POINT('',(-4.5E-02,3.25));
#152 = VECTOR('',#153,1.);
#153 = DIRECTION('',(0.,1.));
#154 = ( GEOMETRIC_REPRESENTATION_CONTEXT(2) 
PARAMETRIC_REPRESENTATION_CONTEXT() REPRESENTATION_CONTEXT('2D SPACE',''
  ) );
#155 = PCURVE('',#156,#161);
#156 = PLANE('',#157);
#157 = AXIS2_PLACEMENT_3D('',#158,#159,#160);
#158 = CARTESIAN_POINT('',(-35.,-20.,115.185));
#159 = DIRECTION('',(0.,0.,1.));
#160 = DIRECTION('',(1.,0.,-0.));
#161 = DEFINITIONAL_REPRESENTATION('',(#162),#166);
#162 = LINE('',#163,#164);
#163 = CARTESIAN_POINT('',(5.,3.25));
#164 = VECTOR('',#165,1.);
#165 = DIRECTION('',(0.,-1.));
#166 = ( GEOMETRIC_REPRESENTATION_CONTEXT(2) 
PARAMETRIC_REPRESENTATION_CONTEXT() REPRESENTATION_CONTEXT('2D SPACE',''
  ) );
#167 = ORIENTED_EDGE('',*,*,#168,.F.);
#168 = EDGE_CURVE('',#24,#141,#169,.T.);
#169 = SURFACE_CURVE('',#170,(#174,#181),.PCURVE_S1.);
#170 = LINE('',#171,#172);
#171 = CARTESIAN_POINT('',(-30.,11.5,118.23));
#172 = VECTOR('',#173,1.);
#173 = DIRECTION('',(0.,0.,-1.));
#174 = PCURVE('',#32,#175);
#175 = DEFINITIONAL_REPRESENTATION('',(#176),#180);
#176 = LINE('',#177,#178);
#177 = CARTESIAN_POINT('',(3.,-25.));
#178 = VECTOR('',#179,1.);
#179 = DIRECTION('',(-1.,0.));
#180 = ( GEOMETRIC_REPRESENTATION_CONTEXT(2) 
PARAMETRIC_REPRESENTATION_CONTEXT() REPRESENTATION_CONTEXT('2D SPACE',''
  ) );
#181 = PCURVE('',#182,#187);
#182 = CYLINDRICAL_SURFACE('',#183,2.);
#183 = AXIS2_PLACEMENT_3D('',#184,#185,#186);
#184 = CARTESIAN_POINT('',(-28.,11.5,115.23));
#185 = DIRECTION('',(0.,0.,1.));
#186 = DIRECTION('',(-1.,-0.,0.));
#187 = DEFINITIONAL_REPRESENTATION('',(#188),#192);
#188 = LINE('',#189,#190);
#189 = CARTESIAN_POINT('',(6.28318530718,3.));
#190 = VECTOR('',#191,1.);
#191 = DIRECTION('',(0.,-1.));
#192 = ( GEOMETRIC_REPRESENTATION_CONTEXT(2) 
PARAMETRIC_REPRESENTATION_CONTEXT() REPRESENTATION_CONTEXT('2D SPACE',''
  ) );
#193 = ADVANCED_FACE('',(#194,#393,#428,#463,#693,#728),#44,.T.);
#194 = FACE_BOUND('',#195,.T.);
#195 = EDGE_LOOP('',(#196,#197,#221,#249,#282,#310,#339,#367));
#196 = ORIENTED_EDGE('',*,*,#21,.F.);
#197 = ORIENTED_EDGE('',*,*,#198,.T.);
#198 = EDGE_CURVE('',#22,#199,#201,.T.);
#199 = VERTEX_POINT('',#200);
#200 = CARTESIAN_POINT('',(-28.,-13.5,118.23));
#201 = SURFACE_CURVE('',#202,(#207,#214),.PCURVE_S1.);
#202 = CIRCLE('',#203,2.);
#203 = AXIS2_PLACEMENT_3D('',#204,#205,#206);
#204 = CARTESIAN_POINT('',(-28.,-11.5,118.23));
#205 = DIRECTION('',(0.,0.,1.));
#206 = DIRECTION('',(0.,-1.,0.));
#207 = PCURVE('',#44,#208);
#208 = DEFINITIONAL_REPRESENTATION('',(#209),#213);
#209 = CIRCLE('',#210,2.);
#210 = AXIS2_PLACEMENT_2D('',#211,#212);
#211 = CARTESIAN_POINT('',(2.,2.));
#212 = DIRECTION('',(0.,-1.));
#213 = ( GEOMETRIC_REPRESENTATION_CONTEXT(2) 
PARAMETRIC_REPRESENTATION_CONTEXT() REPRESENTATION_CONTEXT('2D SPACE',''
  ) );
#214 = PCURVE('',#72,#215);
#215 = DEFINITIONAL_REPRESENTATION('',(#216),#220);
#216 = LINE('',#217,#218);
#217 = CARTESIAN_POINT('',(-4.712388980385,3.));
#218 = VECTOR('',#219,1.);
#219 = DIRECTION('',(1.,0.));
#220 = ( GEOMETRIC_REPRESENTATION_CONTEXT(2) 
PARAMETRIC_REPRESENTATION_CONTEXT() REPRESENTATION_CONTEXT('2D SPACE',''
  ) );
#221 = ORIENTED_EDGE('',*,*,#222,.T.);
#222 = EDGE_CURVE('',#199,#223,#225,.T.);
#223 = VERTEX_POINT('',#224);
#224 = CARTESIAN_POINT('',(28.,-13.5,118.23));
#225 = SURFACE_CURVE('',#226,(#230,#237),.PCURVE_S1.);
#226 = LINE('',#227,#228);
#227 = CARTESIAN_POINT('',(-28.,-13.5,118.23));
#228 = VECTOR('',#229,1.);
#229 = DIRECTION('',(1.,0.,0.));
#230 = PCURVE('',#44,#231);
#231 = DEFINITIONAL_REPRESENTATION('',(#232),#236);
#232 = LINE('',#233,#234);
#233 = CARTESIAN_POINT('',(2.,0.));
#234 = VECTOR('',#235,1.);
#235 = DIRECTION('',(1.,0.));
#236 = ( GEOMETRIC_REPRESENTATION_CONTEXT(2) 
PARAMETRIC_REPRESENTATION_CONTEXT() REPRESENTATION_CONTEXT('2D SPACE',''
  ) );
#237 = PCURVE('',#238,#243);
#238 = PLANE('',#239);
#239 = AXIS2_PLACEMENT_3D('',#240,#241,#242);
#240 = CARTESIAN_POINT('',(-30.,-13.5,115.23));
#241 = DIRECTION('',(0.,1.,0.));
#242 = DIRECTION('',(0.,-0.,1.));
#243 = DEFINITIONAL_REPRESENTATION('',(#244),#248);
#244 = LINE('',#245,#246);
#245 = CARTESIAN_POINT('',(3.,2.));
#246 = VECTOR('',#247,1.);
#247 = DIRECTION('',(0.,1.));
#248 = ( GEOMETRIC_REPRESENTATION_CONTEXT(2) 
PARAMETRIC_REPRESENTATION_CONTEXT() REPRESENTATION_CONTEXT('2D SPACE',''
  ) );
#249 = ORIENTED_EDGE('',*,*,#250,.F.);
#250 = EDGE_CURVE('',#251,#223,#253,.T.);
#251 = VERTEX_POINT('',#252);
#252 = CARTESIAN_POINT('',(30.,-11.5,118.23));
#253 = SURFACE_CURVE('',#254,(#259,#270),.PCURVE_S1.);
#254 = CIRCLE('',#255,2.);
#255 = AXIS2_PLACEMENT_3D('',#256,#257,#258);
#256 = CARTESIAN_POINT('',(28.,-11.5,118.23));
#257 = DIRECTION('',(-0.,-0.,-1.));
#258 = DIRECTION('',(0.,-1.,0.));
#259 = PCURVE('',#44,#260);
#260 = DEFINITIONAL_REPRESENTATION('',(#261),#269);
#261 = ( BOUNDED_CURVE() B_SPLINE_CURVE(2,(#262,#263,#264,#265,#266,#267
,#268),.UNSPECIFIED.,.T.,.F.) B_SPLINE_CURVE_WITH_KNOTS((1,2,2,2,2,1),(
    -2.094395102393,0.,2.094395102393,4.188790204786,6.28318530718,
8.377580409573),.UNSPECIFIED.) CURVE() GEOMETRIC_REPRESENTATION_ITEM() 
RATIONAL_B_SPLINE_CURVE((1.,0.5,1.,0.5,1.,0.5,1.)) REPRESENTATION_ITEM(
  '') );
#262 = CARTESIAN_POINT('',(58.,0.));
#263 = CARTESIAN_POINT('',(54.535898384862,0.));
#264 = CARTESIAN_POINT('',(56.267949192431,3.));
#265 = CARTESIAN_POINT('',(58.,6.));
#266 = CARTESIAN_POINT('',(59.732050807569,3.));
#267 = CARTESIAN_POINT('',(61.464101615138,3.10862446895E-15));
#268 = CARTESIAN_POINT('',(58.,0.));
#269 = ( GEOMETRIC_REPRESENTATION_CONTEXT(2) 
PARAMETRIC_REPRESENTATION_CONTEXT() REPRESENTATION_CONTEXT('2D SPACE',''
  ) );
#270 = PCURVE('',#271,#276);
#271 = CYLINDRICAL_SURFACE('',#272,2.);
#272 = AXIS2_PLACEMENT_3D('',#273,#274,#275);
#273 = CARTESIAN_POINT('',(28.,-11.5,115.23));
#274 = DIRECTION('',(0.,0.,1.));
#275 = DIRECTION('',(1.,0.,-0.));
#276 = DEFINITIONAL_REPRESENTATION('',(#277),#281);
#277 = LINE('',#278,#279);
#278 = CARTESIAN_POINT('',(10.995574287565,3.));
#279 = VECTOR('',#280,1.);
#280 = DIRECTION('',(-1.,0.));
#281 = ( GEOMETRIC_REPRESENTATION_CONTEXT(2) 
PARAMETRIC_REPRESENTATION_CONTEXT() REPRESENTATION_CONTEXT('2D SPACE',''
  ) );
#282 = ORIENTED_EDGE('',*,*,#283,.T.);
#283 = EDGE_CURVE('',#251,#284,#286,.T.);
#284 = VERTEX_POINT('',#285);
#285 = CARTESIAN_POINT('',(30.,11.5,118.23));
#286 = SURFACE_CURVE('',#287,(#291,#298),.PCURVE_S1.);
#287 = LINE('',#288,#289);
#288 = CARTESIAN_POINT('',(30.,-13.5,118.23));
#289 = VECTOR('',#290,1.);
#290 = DIRECTION('',(0.,1.,0.));
#291 = PCURVE('',#44,#292);
#292 = DEFINITIONAL_REPRESENTATION('',(#293),#297);
#293 = LINE('',#294,#295);
#294 = CARTESIAN_POINT('',(60.,0.));
#295 = VECTOR('',#296,1.);
#296 = DIRECTION('',(0.,1.));
#297 = ( GEOMETRIC_REPRESENTATION_CONTEXT(2) 
PARAMETRIC_REPRESENTATION_CONTEXT() REPRESENTATION_CONTEXT('2D SPACE',''
  ) );
#298 = PCURVE('',#299,#304);
#299 = PLANE('',#300);
#300 = AXIS2_PLACEMENT_3D('',#301,#302,#303);
#301 = CARTESIAN_POINT('',(30.,-13.5,115.23));
#302 = DIRECTION('',(1.,0.,0.));
#303 = DIRECTION('',(0.,0.,1.));
#304 = DEFINITIONAL_REPRESENTATION('',(#305),#309);
#305 = LINE('',#306,#307);
#306 = CARTESIAN_POINT('',(3.,0.));
#307 = VECTOR('',#308,1.);
#308 = DIRECTION('',(0.,-1.));
#309 = ( GEOMETRIC_REPRESENTATION_CONTEXT(2) 
PARAMETRIC_REPRESENTATION_CONTEXT() REPRESENTATION_CONTEXT('2D SPACE',''
  ) );
#310 = ORIENTED_EDGE('',*,*,#311,.T.);
#311 = EDGE_CURVE('',#284,#312,#314,.T.);
#312 = VERTEX_POINT('',#313);
#313 = CARTESIAN_POINT('',(28.,13.5,118.23));
#314 = SURFACE_CURVE('',#315,(#320,#327),.PCURVE_S1.);
#315 = CIRCLE('',#316,2.);
#316 = AXIS2_PLACEMENT_3D('',#317,#318,#319);
#317 = CARTESIAN_POINT('',(28.,11.5,118.23));
#318 = DIRECTION('',(0.,0.,1.));
#319 = DIRECTION('',(0.,-1.,0.));
#320 = PCURVE('',#44,#321);
#321 = DEFINITIONAL_REPRESENTATION('',(#322),#326);
#322 = CIRCLE('',#323,2.);
#323 = AXIS2_PLACEMENT_2D('',#324,#325);
#324 = CARTESIAN_POINT('',(58.,25.));
#325 = DIRECTION('',(0.,-1.));
#326 = ( GEOMETRIC_REPRESENTATION_CONTEXT(2) 
PARAMETRIC_REPRESENTATION_CONTEXT() REPRESENTATION_CONTEXT('2D SPACE',''
  ) );
#327 = PCURVE('',#328,#333);
#328 = CYLINDRICAL_SURFACE('',#329,2.);
#329 = AXIS2_PLACEMENT_3D('',#330,#331,#332);
#330 = CARTESIAN_POINT('',(28.,11.5,115.23));
#331 = DIRECTION('',(0.,0.,1.));
#332 = DIRECTION('',(1.,0.,-0.));
#333 = DEFINITIONAL_REPRESENTATION('',(#334),#338);
#334 = LINE('',#335,#336);
#335 = CARTESIAN_POINT('',(-1.570796326795,3.));
#336 = VECTOR('',#337,1.);
#337 = DIRECTION('',(1.,0.));
#338 = ( GEOMETRIC_REPRESENTATION_CONTEXT(2) 
PARAMETRIC_REPRESENTATION_CONTEXT() REPRESENTATION_CONTEXT('2D SPACE',''
  ) );
#339 = ORIENTED_EDGE('',*,*,#340,.F.);
#340 = EDGE_CURVE('',#341,#312,#343,.T.);
#341 = VERTEX_POINT('',#342);
#342 = CARTESIAN_POINT('',(-28.,13.5,118.23));
#343 = SURFACE_CURVE('',#344,(#348,#355),.PCURVE_S1.);
#344 = LINE('',#345,#346);
#345 = CARTESIAN_POINT('',(-30.,13.5,118.23));
#346 = VECTOR('',#347,1.);
#347 = DIRECTION('',(1.,0.,0.));
#348 = PCURVE('',#44,#349);
#349 = DEFINITIONAL_REPRESENTATION('',(#350),#354);
#350 = LINE('',#351,#352);
#351 = CARTESIAN_POINT('',(0.,27.));
#352 = VECTOR('',#353,1.);
#353 = DIRECTION('',(1.,0.));
#354 = ( GEOMETRIC_REPRESENTATION_CONTEXT(2) 
PARAMETRIC_REPRESENTATION_CONTEXT() REPRESENTATION_CONTEXT('2D SPACE',''
  ) );
#355 = PCURVE('',#356,#361);
#356 = PLANE('',#357);
#357 = AXIS2_PLACEMENT_3D('',#358,#359,#360);
#358 = CARTESIAN_POINT('',(-30.,13.5,115.23));
#359 = DIRECTION('',(0.,1.,0.));
#360 = DIRECTION('',(0.,-0.,1.));
#361 = DEFINITIONAL_REPRESENTATION('',(#362),#366);
#362 = LINE('',#363,#364);
#363 = CARTESIAN_POINT('',(3.,0.));
#364 = VECTOR('',#365,1.);
#365 = DIRECTION('',(0.,1.));
#366 = ( GEOMETRIC_REPRESENTATION_CONTEXT(2) 
PARAMETRIC_REPRESENTATION_CONTEXT() REPRESENTATION_CONTEXT('2D SPACE',''
  ) );
#367 = ORIENTED_EDGE('',*,*,#368,.F.);
#368 = EDGE_CURVE('',#24,#341,#369,.T.);
#369 = SURFACE_CURVE('',#370,(#375,#386),.PCURVE_S1.);
#370 = CIRCLE('',#371,2.);
#371 = AXIS2_PLACEMENT_3D('',#372,#373,#374);
#372 = CARTESIAN_POINT('',(-28.,11.5,118.23));
#373 = DIRECTION('',(-0.,-0.,-1.));
#374 = DIRECTION('',(0.,-1.,0.));
#375 = PCURVE('',#44,#376);
#376 = DEFINITIONAL_REPRESENTATION('',(#377),#385);
#377 = ( BOUNDED_CURVE() B_SPLINE_CURVE(2,(#378,#379,#380,#381,#382,#383
,#384),.UNSPECIFIED.,.T.,.F.) B_SPLINE_CURVE_WITH_KNOTS((1,2,2,2,2,1),(
    -2.094395102393,0.,2.094395102393,4.188790204786,6.28318530718,
8.377580409573),.UNSPECIFIED.) CURVE() GEOMETRIC_REPRESENTATION_ITEM() 
RATIONAL_B_SPLINE_CURVE((1.,0.5,1.,0.5,1.,0.5,1.)) REPRESENTATION_ITEM(
  '') );
#378 = CARTESIAN_POINT('',(2.,23.));
#379 = CARTESIAN_POINT('',(-1.464101615138,23.));
#380 = CARTESIAN_POINT('',(0.267949192431,26.));
#381 = CARTESIAN_POINT('',(2.,29.));
#382 = CARTESIAN_POINT('',(3.732050807569,26.));
#383 = CARTESIAN_POINT('',(5.464101615138,23.));
#384 = CARTESIAN_POINT('',(2.,23.));
#385 = ( GEOMETRIC_REPRESENTATION_CONTEXT(2) 
PARAMETRIC_REPRESENTATION_CONTEXT() REPRESENTATION_CONTEXT('2D SPACE',''
  ) );
#386 = PCURVE('',#182,#387);
#387 = DEFINITIONAL_REPRESENTATION('',(#388),#392);
#388 = LINE('',#389,#390);
#389 = CARTESIAN_POINT('',(7.853981633975,3.));
#390 = VECTOR('',#391,1.);
#391 = DIRECTION('',(-1.,0.));
#392 = ( GEOMETRIC_REPRESENTATION_CONTEXT(2) 
PARAMETRIC_REPRESENTATION_CONTEXT() REPRESENTATION_CONTEXT('2D SPACE',''
  ) );
#393 = FACE_BOUND('',#394,.T.);
#394 = EDGE_LOOP('',(#395));
#395 = ORIENTED_EDGE('',*,*,#396,.T.);
#396 = EDGE_CURVE('',#397,#397,#399,.T.);
#397 = VERTEX_POINT('',#398);
#398 = CARTESIAN_POINT('',(-22.25,-9.7,118.23));
#399 = SURFACE_CURVE('',#400,(#405,#416),.PCURVE_S1.);
#400 = CIRCLE('',#401,2.75);
#401 = AXIS2_PLACEMENT_3D('',#402,#403,#404);
#402 = CARTESIAN_POINT('',(-25.,-9.7,118.23));
#403 = DIRECTION('',(0.,0.,-1.));
#404 = DIRECTION('',(1.,0.,0.));
#405 = PCURVE('',#44,#406);
#406 = DEFINITIONAL_REPRESENTATION('',(#407),#415);
#407 = ( BOUNDED_CURVE() B_SPLINE_CURVE(2,(#408,#409,#410,#411,#412,#413
,#414),.UNSPECIFIED.,.T.,.F.) B_SPLINE_CURVE_WITH_KNOTS((1,2,2,2,2,1),(
    -2.094395102393,0.,2.094395102393,4.188790204786,6.28318530718,
8.377580409573),.UNSPECIFIED.) CURVE() GEOMETRIC_REPRESENTATION_ITEM() 
RATIONAL_B_SPLINE_CURVE((1.,0.5,1.,0.5,1.,0.5,1.)) REPRESENTATION_ITEM(
  '') );
#408 = CARTESIAN_POINT('',(7.75,3.8));
#409 = CARTESIAN_POINT('',(7.75,-0.963139720814));
#410 = CARTESIAN_POINT('',(3.625,1.418430139593));
#411 = CARTESIAN_POINT('',(-0.5,3.8));
#412 = CARTESIAN_POINT('',(3.625,6.181569860407));
#413 = CARTESIAN_POINT('',(7.75,8.563139720814));
#414 = CARTESIAN_POINT('',(7.75,3.8));
#415 = ( GEOMETRIC_REPRESENTATION_CONTEXT(2) 
PARAMETRIC_REPRESENTATION_CONTEXT() REPRESENTATION_CONTEXT('2D SPACE',''
  ) );
#416 = PCURVE('',#417,#422);
#417 = CYLINDRICAL_SURFACE('',#418,2.75);
#418 = AXIS2_PLACEMENT_3D('',#419,#420,#421);
#419 = CARTESIAN_POINT('',(-25.,-9.7,116.98));
#420 = DIRECTION('',(-0.,-0.,-1.));
#421 = DIRECTION('',(1.,0.,0.));
#422 = DEFINITIONAL_REPRESENTATION('',(#423),#427);
#423 = LINE('',#424,#425);
#424 = CARTESIAN_POINT('',(-4.138911435803E-13,-1.25));
#425 = VECTOR('',#426,1.);
#426 = DIRECTION('',(1.,-0.));
#427 = ( GEOMETRIC_REPRESENTATION_CONTEXT(2) 
PARAMETRIC_REPRESENTATION_CONTEXT() REPRESENTATION_CONTEXT('2D SPACE',''
  ) );
#428 = FACE_BOUND('',#429,.T.);
#429 = EDGE_LOOP('',(#430));
#430 = ORIENTED_EDGE('',*,*,#431,.T.);
#431 = EDGE_CURVE('',#432,#432,#434,.T.);
#432 = VERTEX_POINT('',#433);
#433 = CARTESIAN_POINT('',(27.75,-9.7,118.23));
#434 = SURFACE_CURVE('',#435,(#440,#451),.PCURVE_S1.);
#435 = CIRCLE('',#436,2.75);
#436 = AXIS2_PLACEMENT_3D('',#437,#438,#439);
#437 = CARTESIAN_POINT('',(25.,-9.7,118.23));
#438 = DIRECTION('',(0.,0.,-1.));
#439 = DIRECTION('',(1.,0.,0.));
#440 = PCURVE('',#44,#441);
#441 = DEFINITIONAL_REPRESENTATION('',(#442),#450);
#442 = ( BOUNDED_CURVE() B_SPLINE_CURVE(2,(#443,#444,#445,#446,#447,#448
,#449),.UNSPECIFIED.,.T.,.F.) B_SPLINE_CURVE_WITH_KNOTS((1,2,2,2,2,1),(
    -2.094395102393,0.,2.094395102393,4.188790204786,6.28318530718,
8.377580409573),.UNSPECIFIED.) CURVE() GEOMETRIC_REPRESENTATION_ITEM() 
RATIONAL_B_SPLINE_CURVE((1.,0.5,1.,0.5,1.,0.5,1.)) REPRESENTATION_ITEM(
  '') );
#443 = CARTESIAN_POINT('',(57.75,3.8));
#444 = CARTESIAN_POINT('',(57.75,-0.963139720814));
#445 = CARTESIAN_POINT('',(53.625,1.418430139593));
#446 = CARTESIAN_POINT('',(49.5,3.8));
#447 = CARTESIAN_POINT('',(53.625,6.181569860407));
#448 = CARTESIAN_POINT('',(57.75,8.563139720814));
#449 = CARTESIAN_POINT('',(57.75,3.8));
#450 = ( GEOMETRIC_REPRESENTATION_CONTEXT(2) 
PARAMETRIC_REPRESENTATION_CONTEXT() REPRESENTATION_CONTEXT('2D SPACE',''
  ) );
#451 = PCURVE('',#452,#457);
#452 = CYLINDRICAL_SURFACE('',#453,2.75);
#453 = AXIS2_PLACEMENT_3D('',#454,#455,#456);
#454 = CARTESIAN_POINT('',(25.,-9.7,116.98));
#455 = DIRECTION('',(-0.,-0.,-1.));
#456 = DIRECTION('',(1.,0.,0.));
#457 = DEFINITIONAL_REPRESENTATION('',(#458),#462);
#458 = LINE('',#459,#460);
#459 = CARTESIAN_POINT('',(-4.138911435803E-13,-1.25));
#460 = VECTOR('',#461,1.);
#461 = DIRECTION('',(1.,-0.));
#462 = ( GEOMETRIC_REPRESENTATION_CONTEXT(2) 
PARAMETRIC_REPRESENTATION_CONTEXT() REPRESENTATION_CONTEXT('2D SPACE',''
  ) );
#463 = FACE_BOUND('',#464,.T.);
#464 = EDGE_LOOP('',(#465,#496,#524,#553,#581,#610,#638,#667));
#465 = ORIENTED_EDGE('',*,*,#466,.F.);
#466 = EDGE_CURVE('',#467,#469,#471,.T.);
#467 = VERTEX_POINT('',#468);
#468 = CARTESIAN_POINT('',(-15.8,-3.9,118.23));
#469 = VERTEX_POINT('',#470);
#470 = CARTESIAN_POINT('',(-14.3,-5.4,118.23));
#471 = SURFACE_CURVE('',#472,(#477,#484),.PCURVE_S1.);
#472 = CIRCLE('',#473,1.5);
#473 = AXIS2_PLACEMENT_3D('',#474,#475,#476);
#474 = CARTESIAN_POINT('',(-14.3,-3.9,118.23));
#475 = DIRECTION('',(0.,0.,1.));
#476 = DIRECTION('',(-1.,-0.,0.));
#477 = PCURVE('',#44,#478);
#478 = DEFINITIONAL_REPRESENTATION('',(#479),#483);
#479 = CIRCLE('',#480,1.5);
#480 = AXIS2_PLACEMENT_2D('',#481,#482);
#481 = CARTESIAN_POINT('',(15.7,9.6));
#482 = DIRECTION('',(-1.,0.));
#483 = ( GEOMETRIC_REPRESENTATION_CONTEXT(2) 
PARAMETRIC_REPRESENTATION_CONTEXT() REPRESENTATION_CONTEXT('2D SPACE',''
  ) );
#484 = PCURVE('',#485,#490);
#485 = CYLINDRICAL_SURFACE('',#486,1.5);
#486 = AXIS2_PLACEMENT_3D('',#487,#488,#489);
#487 = CARTESIAN_POINT('',(-14.3,-3.9,114.83));
#488 = DIRECTION('',(0.,0.,1.));
#489 = DIRECTION('',(-1.,-0.,0.));
#490 = DEFINITIONAL_REPRESENTATION('',(#491),#495);
#491 = LINE('',#492,#493);
#492 = CARTESIAN_POINT('',(0.,3.4));
#493 = VECTOR('',#494,1.);
#494 = DIRECTION('',(1.,0.));
#495 = ( GEOMETRIC_REPRESENTATION_CONTEXT(2) 
PARAMETRIC_REPRESENTATION_CONTEXT() REPRESENTATION_CONTEXT('2D SPACE',''
  ) );
#496 = ORIENTED_EDGE('',*,*,#497,.T.);
#497 = EDGE_CURVE('',#467,#498,#500,.T.);
#498 = VERTEX_POINT('',#499);
#499 = CARTESIAN_POINT('',(-15.8,1.2,118.23));
#500 = SURFACE_CURVE('',#501,(#505,#512),.PCURVE_S1.);
#501 = LINE('',#502,#503);
#502 = CARTESIAN_POINT('',(-15.8,-9.45,118.23));
#503 = VECTOR('',#504,1.);
#504 = DIRECTION('',(0.,1.,0.));
#505 = PCURVE('',#44,#506);
#506 = DEFINITIONAL_REPRESENTATION('',(#507),#511);
#507 = LINE('',#508,#509);
#508 = CARTESIAN_POINT('',(14.2,4.05));
#509 = VECTOR('',#510,1.);
#510 = DIRECTION('',(0.,1.));
#511 = ( GEOMETRIC_REPRESENTATION_CONTEXT(2) 
PARAMETRIC_REPRESENTATION_CONTEXT() REPRESENTATION_CONTEXT('2D SPACE',''
  ) );
#512 = PCURVE('',#513,#518);
#513 = PLANE('',#514);
#514 = AXIS2_PLACEMENT_3D('',#515,#516,#517);
#515 = CARTESIAN_POINT('',(-15.8,-5.4,114.83));
#516 = DIRECTION('',(1.,0.,0.));
#517 = DIRECTION('',(0.,0.,1.));
#518 = DEFINITIONAL_REPRESENTATION('',(#519),#523);
#519 = LINE('',#520,#521);
#520 = CARTESIAN_POINT('',(3.4,4.05));
#521 = VECTOR('',#522,1.);
#522 = DIRECTION('',(0.,-1.));
#523 = ( GEOMETRIC_REPRESENTATION_CONTEXT(2) 
PARAMETRIC_REPRESENTATION_CONTEXT() REPRESENTATION_CONTEXT('2D SPACE',''
  ) );
#524 = ORIENTED_EDGE('',*,*,#525,.F.);
#525 = EDGE_CURVE('',#526,#498,#528,.T.);
#526 = VERTEX_POINT('',#527);
#527 = CARTESIAN_POINT('',(-14.3,2.7,118.23));
#528 = SURFACE_CURVE('',#529,(#534,#541),.PCURVE_S1.);
#529 = CIRCLE('',#530,1.5);
#530 = AXIS2_PLACEMENT_3D('',#531,#532,#533);
#531 = CARTESIAN_POINT('',(-14.3,1.2,118.23));
#532 = DIRECTION('',(0.,0.,1.));
#533 = DIRECTION('',(-1.,-0.,0.));
#534 = PCURVE('',#44,#535);
#535 = DEFINITIONAL_REPRESENTATION('',(#536),#540);
#536 = CIRCLE('',#537,1.5);
#537 = AXIS2_PLACEMENT_2D('',#538,#539);
#538 = CARTESIAN_POINT('',(15.7,14.7));
#539 = DIRECTION('',(-1.,0.));
#540 = ( GEOMETRIC_REPRESENTATION_CONTEXT(2) 
PARAMETRIC_REPRESENTATION_CONTEXT() REPRESENTATION_CONTEXT('2D SPACE',''
  ) );
#541 = PCURVE('',#542,#547);
#542 = CYLINDRICAL_SURFACE('',#543,1.5);
#543 = AXIS2_PLACEMENT_3D('',#544,#545,#546);
#544 = CARTESIAN_POINT('',(-14.3,1.2,114.83));
#545 = DIRECTION('',(0.,0.,1.));
#546 = DIRECTION('',(-1.,-0.,0.));
#547 = DEFINITIONAL_REPRESENTATION('',(#548),#552);
#548 = LINE('',#549,#550);
#549 = CARTESIAN_POINT('',(-4.138911435803E-13,3.4));
#550 = VECTOR('',#551,1.);
#551 = DIRECTION('',(1.,-0.));
#552 = ( GEOMETRIC_REPRESENTATION_CONTEXT(2) 
PARAMETRIC_REPRESENTATION_CONTEXT() REPRESENTATION_CONTEXT('2D SPACE',''
  ) );
#553 = ORIENTED_EDGE('',*,*,#554,.F.);
#554 = EDGE_CURVE('',#555,#526,#557,.T.);
#555 = VERTEX_POINT('',#556);
#556 = CARTESIAN_POINT('',(14.3,2.7,118.23));
#557 = SURFACE_CURVE('',#558,(#562,#569),.PCURVE_S1.);
#558 = LINE('',#559,#560);
#559 = CARTESIAN_POINT('',(-22.9,2.7,118.23));
#560 = VECTOR('',#561,1.);
#561 = DIRECTION('',(-1.,0.,0.));
#562 = PCURVE('',#44,#563);
#563 = DEFINITIONAL_REPRESENTATION('',(#564),#568);
#564 = LINE('',#565,#566);
#565 = CARTESIAN_POINT('',(7.1,16.2));
#566 = VECTOR('',#567,1.);
#567 = DIRECTION('',(-1.,0.));
#568 = ( GEOMETRIC_REPRESENTATION_CONTEXT(2) 
PARAMETRIC_REPRESENTATION_CONTEXT() REPRESENTATION_CONTEXT('2D SPACE',''
  ) );
#569 = PCURVE('',#570,#575);
#570 = PLANE('',#571);
#571 = AXIS2_PLACEMENT_3D('',#572,#573,#574);
#572 = CARTESIAN_POINT('',(-15.8,2.7,114.83));
#573 = DIRECTION('',(0.,1.,0.));
#574 = DIRECTION('',(0.,-0.,1.));
#575 = DEFINITIONAL_REPRESENTATION('',(#576),#580);
#576 = LINE('',#577,#578);
#577 = CARTESIAN_POINT('',(3.4,-7.1));
#578 = VECTOR('',#579,1.);
#579 = DIRECTION('',(0.,-1.));
#580 = ( GEOMETRIC_REPRESENTATION_CONTEXT(2) 
PARAMETRIC_REPRESENTATION_CONTEXT() REPRESENTATION_CONTEXT('2D SPACE',''
  ) );
#581 = ORIENTED_EDGE('',*,*,#582,.F.);
#582 = EDGE_CURVE('',#583,#555,#585,.T.);
#583 = VERTEX_POINT('',#584);
#584 = CARTESIAN_POINT('',(15.8,1.2,118.23));
#585 = SURFACE_CURVE('',#586,(#591,#598),.PCURVE_S1.);
#586 = CIRCLE('',#587,1.5);
#587 = AXIS2_PLACEMENT_3D('',#588,#589,#590);
#588 = CARTESIAN_POINT('',(14.3,1.2,118.23));
#589 = DIRECTION('',(0.,0.,1.));
#590 = DIRECTION('',(1.,0.,-0.));
#591 = PCURVE('',#44,#592);
#592 = DEFINITIONAL_REPRESENTATION('',(#593),#597);
#593 = CIRCLE('',#594,1.5);
#594 = AXIS2_PLACEMENT_2D('',#595,#596);
#595 = CARTESIAN_POINT('',(44.3,14.7));
#596 = DIRECTION('',(1.,0.));
#597 = ( GEOMETRIC_REPRESENTATION_CONTEXT(2) 
PARAMETRIC_REPRESENTATION_CONTEXT() REPRESENTATION_CONTEXT('2D SPACE',''
  ) );
#598 = PCURVE('',#599,#604);
#599 = CYLINDRICAL_SURFACE('',#600,1.5);
#600 = AXIS2_PLACEMENT_3D('',#601,#602,#603);
#601 = CARTESIAN_POINT('',(14.3,1.2,114.83));
#602 = DIRECTION('',(0.,0.,1.));
#603 = DIRECTION('',(1.,0.,-0.));
#604 = DEFINITIONAL_REPRESENTATION('',(#605),#609);
#605 = LINE('',#606,#607);
#606 = CARTESIAN_POINT('',(0.,3.4));
#607 = VECTOR('',#608,1.);
#608 = DIRECTION('',(1.,0.));
#609 = ( GEOMETRIC_REPRESENTATION_CONTEXT(2) 
PARAMETRIC_REPRESENTATION_CONTEXT() REPRESENTATION_CONTEXT('2D SPACE',''
  ) );
#610 = ORIENTED_EDGE('',*,*,#611,.F.);
#611 = EDGE_CURVE('',#612,#583,#614,.T.);
#612 = VERTEX_POINT('',#613);
#613 = CARTESIAN_POINT('',(15.8,-3.9,118.23));
#614 = SURFACE_CURVE('',#615,(#619,#626),.PCURVE_S1.);
#615 = LINE('',#616,#617);
#616 = CARTESIAN_POINT('',(15.8,-9.45,118.23));
#617 = VECTOR('',#618,1.);
#618 = DIRECTION('',(0.,1.,0.));
#619 = PCURVE('',#44,#620);
#620 = DEFINITIONAL_REPRESENTATION('',(#621),#625);
#621 = LINE('',#622,#623);
#622 = CARTESIAN_POINT('',(45.8,4.05));
#623 = VECTOR('',#624,1.);
#624 = DIRECTION('',(0.,1.));
#625 = ( GEOMETRIC_REPRESENTATION_CONTEXT(2) 
PARAMETRIC_REPRESENTATION_CONTEXT() REPRESENTATION_CONTEXT('2D SPACE',''
  ) );
#626 = PCURVE('',#627,#632);
#627 = PLANE('',#628);
#628 = AXIS2_PLACEMENT_3D('',#629,#630,#631);
#629 = CARTESIAN_POINT('',(15.8,-5.4,114.83));
#630 = DIRECTION('',(1.,0.,0.));
#631 = DIRECTION('',(0.,0.,1.));
#632 = DEFINITIONAL_REPRESENTATION('',(#633),#637);
#633 = LINE('',#634,#635);
#634 = CARTESIAN_POINT('',(3.4,4.05));
#635 = VECTOR('',#636,1.);
#636 = DIRECTION('',(0.,-1.));
#637 = ( GEOMETRIC_REPRESENTATION_CONTEXT(2) 
PARAMETRIC_REPRESENTATION_CONTEXT() REPRESENTATION_CONTEXT('2D SPACE',''
  ) );
#638 = ORIENTED_EDGE('',*,*,#639,.F.);
#639 = EDGE_CURVE('',#640,#612,#642,.T.);
#640 = VERTEX_POINT('',#641);
#641 = CARTESIAN_POINT('',(14.3,-5.4,118.23));
#642 = SURFACE_CURVE('',#643,(#648,#655),.PCURVE_S1.);
#643 = CIRCLE('',#644,1.5);
#644 = AXIS2_PLACEMENT_3D('',#645,#646,#647);
#645 = CARTESIAN_POINT('',(14.3,-3.9,118.23));
#646 = DIRECTION('',(0.,0.,1.));
#647 = DIRECTION('',(1.,0.,-0.));
#648 = PCURVE('',#44,#649);
#649 = DEFINITIONAL_REPRESENTATION('',(#650),#654);
#650 = CIRCLE('',#651,1.5);
#651 = AXIS2_PLACEMENT_2D('',#652,#653);
#652 = CARTESIAN_POINT('',(44.3,9.6));
#653 = DIRECTION('',(1.,0.));
#654 = ( GEOMETRIC_REPRESENTATION_CONTEXT(2) 
PARAMETRIC_REPRESENTATION_CONTEXT() REPRESENTATION_CONTEXT('2D SPACE',''
  ) );
#655 = PCURVE('',#656,#661);
#656 = CYLINDRICAL_SURFACE('',#657,1.5);
#657 = AXIS2_PLACEMENT_3D('',#658,#659,#660);
#658 = CARTESIAN_POINT('',(14.3,-3.9,114.83));
#659 = DIRECTION('',(0.,0.,1.));
#660 = DIRECTION('',(1.,0.,-0.));
#661 = DEFINITIONAL_REPRESENTATION('',(#662),#666);
#662 = LINE('',#663,#664);
#663 = CARTESIAN_POINT('',(-4.138911435803E-13,3.4));
#664 = VECTOR('',#665,1.);
#665 = DIRECTION('',(1.,-0.));
#666 = ( GEOMETRIC_REPRESENTATION_CONTEXT(2) 
PARAMETRIC_REPRESENTATION_CONTEXT() REPRESENTATION_CONTEXT('2D SPACE',''
  ) );
#667 = ORIENTED_EDGE('',*,*,#668,.T.);
#668 = EDGE_CURVE('',#640,#469,#669,.T.);
#669 = SURFACE_CURVE('',#670,(#674,#681),.PCURVE_S1.);
#670 = LINE('',#671,#672);
#671 = CARTESIAN_POINT('',(-22.9,-5.4,118.23));
#672 = VECTOR('',#673,1.);
#673 = DIRECTION('',(-1.,0.,0.));
#674 = PCURVE('',#44,#675);
#675 = DEFINITIONAL_REPRESENTATION('',(#676),#680);
#676 = LINE('',#677,#678);
#677 = CARTESIAN_POINT('',(7.1,8.1));
#678 = VECTOR('',#679,1.);
#679 = DIRECTION('',(-1.,0.));
#680 = ( GEOMETRIC_REPRESENTATION_CONTEXT(2) 
PARAMETRIC_REPRESENTATION_CONTEXT() REPRESENTATION_CONTEXT('2D SPACE',''
  ) );
#681 = PCURVE('',#682,#687);
#682 = PLANE('',#683);
#683 = AXIS2_PLACEMENT_3D('',#684,#685,#686);
#684 = CARTESIAN_POINT('',(-15.8,-5.4,114.83));
#685 = DIRECTION('',(0.,1.,0.));
#686 = DIRECTION('',(0.,-0.,1.));
#687 = DEFINITIONAL_REPRESENTATION('',(#688),#692);
#688 = LINE('',#689,#690);
#689 = CARTESIAN_POINT('',(3.4,-7.1));
#690 = VECTOR('',#691,1.);
#691 = DIRECTION('',(0.,-1.));
#692 = ( GEOMETRIC_REPRESENTATION_CONTEXT(2) 
PARAMETRIC_REPRESENTATION_CONTEXT() REPRESENTATION_CONTEXT('2D SPACE',''
  ) );
#693 = FACE_BOUND('',#694,.T.);
#694 = EDGE_LOOP('',(#695));
#695 = ORIENTED_EDGE('',*,*,#696,.T.);
#696 = EDGE_CURVE('',#697,#697,#699,.T.);
#697 = VERTEX_POINT('',#698);
#698 = CARTESIAN_POINT('',(-22.25,9.7,118.23));
#699 = SURFACE_CURVE('',#700,(#705,#716),.PCURVE_S1.);
#700 = CIRCLE('',#701,2.75);
#701 = AXIS2_PLACEMENT_3D('',#702,#703,#704);
#702 = CARTESIAN_POINT('',(-25.,9.7,118.23));
#703 = DIRECTION('',(0.,0.,-1.));
#704 = DIRECTION('',(1.,0.,0.));
#705 = PCURVE('',#44,#706);
#706 = DEFINITIONAL_REPRESENTATION('',(#707),#715);
#707 = ( BOUNDED_CURVE() B_SPLINE_CURVE(2,(#708,#709,#710,#711,#712,#713
,#714),.UNSPECIFIED.,.T.,.F.) B_SPLINE_CURVE_WITH_KNOTS((1,2,2,2,2,1),(
    -2.094395102393,0.,2.094395102393,4.188790204786,6.28318530718,
8.377580409573),.UNSPECIFIED.) CURVE() GEOMETRIC_REPRESENTATION_ITEM() 
RATIONAL_B_SPLINE_CURVE((1.,0.5,1.,0.5,1.,0.5,1.)) REPRESENTATION_ITEM(
  '') );
#708 = CARTESIAN_POINT('',(7.75,23.2));
#709 = CARTESIAN_POINT('',(7.75,18.436860279186));
#710 = CARTESIAN_POINT('',(3.625,20.818430139593));
#711 = CARTESIAN_POINT('',(-0.5,23.2));
#712 = CARTESIAN_POINT('',(3.625,25.581569860407));
#713 = CARTESIAN_POINT('',(7.75,27.963139720814));
#714 = CARTESIAN_POINT('',(7.75,23.2));
#715 = ( GEOMETRIC_REPRESENTATION_CONTEXT(2) 
PARAMETRIC_REPRESENTATION_CONTEXT() REPRESENTATION_CONTEXT('2D SPACE',''
  ) );
#716 = PCURVE('',#717,#722);
#717 = CYLINDRICAL_SURFACE('',#718,2.75);
#718 = AXIS2_PLACEMENT_3D('',#719,#720,#721);
#719 = CARTESIAN_POINT('',(-25.,9.7,116.98));
#720 = DIRECTION('',(-0.,-0.,-1.));
#721 = DIRECTION('',(1.,0.,0.));
#722 = DEFINITIONAL_REPRESENTATION('',(#723),#727);
#723 = LINE('',#724,#725);
#724 = CARTESIAN_POINT('',(-4.138911435803E-13,-1.25));
#725 = VECTOR('',#726,1.);
#726 = DIRECTION('',(1.,-0.));
#727 = ( GEOMETRIC_REPRESENTATION_CONTEXT(2) 
PARAMETRIC_REPRESENTATION_CONTEXT() REPRESENTATION_CONTEXT('2D SPACE',''
  ) );
#728 = FACE_BOUND('',#729,.T.);
#729 = EDGE_LOOP('',(#730));
#730 = ORIENTED_EDGE('',*,*,#731,.T.);
#731 = EDGE_CURVE('',#732,#732,#734,.T.);
#732 = VERTEX_POINT('',#733);
#733 = CARTESIAN_POINT('',(27.75,9.7,118.23));
#734 = SURFACE_CURVE('',#735,(#740,#751),.PCURVE_S1.);
#735 = CIRCLE('',#736,2.75);
#736 = AXIS2_PLACEMENT_3D('',#737,#738,#739);
#737 = CARTESIAN_POINT('',(25.,9.7,118.23));
#738 = DIRECTION('',(0.,0.,-1.));
#739 = DIRECTION('',(1.,0.,0.));
#740 = PCURVE('',#44,#741);
#741 = DEFINITIONAL_REPRESENTATION('',(#742),#750);
#742 = ( BOUNDED_CURVE() B_SPLINE_CURVE(2,(#743,#744,#745,#746,#747,#748
,#749),.UNSPECIFIED.,.T.,.F.) B_SPLINE_CURVE_WITH_KNOTS((1,2,2,2,2,1),(
    -2.094395102393,0.,2.094395102393,4.188790204786,6.28318530718,
8.377580409573),.UNSPECIFIED.) CURVE() GEOMETRIC_REPRESENTATION_ITEM() 
RATIONAL_B_SPLINE_CURVE((1.,0.5,1.,0.5,1.,0.5,1.)) REPRESENTATION_ITEM(
  '') );
#743 = CARTESIAN_POINT('',(57.75,23.2));
#744 = CARTESIAN_POINT('',(57.75,18.436860279186));
#745 = CARTESIAN_POINT('',(53.625,20.818430139593));
#746 = CARTESIAN_POINT('',(49.5,23.2));
#747 = CARTESIAN_POINT('',(53.625,25.581569860407));
#748 = CARTESIAN_POINT('',(57.75,27.963139720814));
#749 = CARTESIAN_POINT('',(57.75,23.2));
#750 = ( GEOMETRIC_REPRESENTATION_CONTEXT(2) 
PARAMETRIC_REPRESENTATION_CONTEXT() REPRESENTATION_CONTEXT('2D SPACE',''
  ) );
#751 = PCURVE('',#752,#757);
#752 = CYLINDRICAL_SURFACE('',#753,2.75);
#753 = AXIS2_PLACEMENT_3D('',#754,#755,#756);
#754 = CARTESIAN_POINT('',(25.,9.7,116.98));
#755 = DIRECTION('',(-0.,-0.,-1.));
#756 = DIRECTION('',(1.,0.,0.));
#757 = DEFINITIONAL_REPRESENTATION('',(#758),#762);
#758 = LINE('',#759,#760);
#759 = CARTESIAN_POINT('',(-4.138911435803E-13,-1.25));
#760 = VECTOR('',#761,1.);
#761 = DIRECTION('',(1.,-0.));
#762 = ( GEOMETRIC_REPRESENTATION_CONTEXT(2) 
PARAMETRIC_REPRESENTATION_CONTEXT() REPRESENTATION_CONTEXT('2D SPACE',''
  ) );
#763 = ADVANCED_FACE('',(#764),#72,.T.);
#764 = FACE_BOUND('',#765,.T.);
#765 = EDGE_LOOP('',(#766,#790,#811,#812));
#766 = ORIENTED_EDGE('',*,*,#767,.T.);
#767 = EDGE_CURVE('',#57,#768,#770,.T.);
#768 = VERTEX_POINT('',#769);
#769 = CARTESIAN_POINT('',(-28.,-13.5,115.23));
#770 = SURFACE_CURVE('',#771,(#776,#783),.PCURVE_S1.);
#771 = CIRCLE('',#772,2.);
#772 = AXIS2_PLACEMENT_3D('',#773,#774,#775);
#773 = CARTESIAN_POINT('',(-28.,-11.5,115.23));
#774 = DIRECTION('',(0.,0.,1.));
#775 = DIRECTION('',(0.,-1.,0.));
#776 = PCURVE('',#72,#777);
#777 = DEFINITIONAL_REPRESENTATION('',(#778),#782);
#778 = LINE('',#779,#780);
#779 = CARTESIAN_POINT('',(-4.712388980385,0.));
#780 = VECTOR('',#781,1.);
#781 = DIRECTION('',(1.,0.));
#782 = ( GEOMETRIC_REPRESENTATION_CONTEXT(2) 
PARAMETRIC_REPRESENTATION_CONTEXT() REPRESENTATION_CONTEXT('2D SPACE',''
  ) );
#783 = PCURVE('',#100,#784);
#784 = DEFINITIONAL_REPRESENTATION('',(#785),#789);
#785 = CIRCLE('',#786,2.);
#786 = AXIS2_PLACEMENT_2D('',#787,#788);
#787 = CARTESIAN_POINT('',(2.,2.));
#788 = DIRECTION('',(0.,-1.));
#789 = ( GEOMETRIC_REPRESENTATION_CONTEXT(2) 
PARAMETRIC_REPRESENTATION_CONTEXT() REPRESENTATION_CONTEXT('2D SPACE',''
  ) );
#790 = ORIENTED_EDGE('',*,*,#791,.T.);
#791 = EDGE_CURVE('',#768,#199,#792,.T.);
#792 = SURFACE_CURVE('',#793,(#797,#804),.PCURVE_S1.);
#793 = LINE('',#794,#795);
#794 = CARTESIAN_POINT('',(-28.,-13.5,115.23));
#795 = VECTOR('',#796,1.);
#796 = DIRECTION('',(0.,0.,1.));
#797 = PCURVE('',#72,#798);
#798 = DEFINITIONAL_REPRESENTATION('',(#799),#803);
#799 = LINE('',#800,#801);
#800 = CARTESIAN_POINT('',(1.570796326795,0.));
#801 = VECTOR('',#802,1.);
#802 = DIRECTION('',(0.,1.));
#803 = ( GEOMETRIC_REPRESENTATION_CONTEXT(2) 
PARAMETRIC_REPRESENTATION_CONTEXT() REPRESENTATION_CONTEXT('2D SPACE',''
  ) );
#804 = PCURVE('',#238,#805);
#805 = DEFINITIONAL_REPRESENTATION('',(#806),#810);
#806 = LINE('',#807,#808);
#807 = CARTESIAN_POINT('',(0.,2.));
#808 = VECTOR('',#809,1.);
#809 = DIRECTION('',(1.,0.));
#810 = ( GEOMETRIC_REPRESENTATION_CONTEXT(2) 
PARAMETRIC_REPRESENTATION_CONTEXT() REPRESENTATION_CONTEXT('2D SPACE',''
  ) );
#811 = ORIENTED_EDGE('',*,*,#198,.F.);
#812 = ORIENTED_EDGE('',*,*,#56,.F.);
#813 = ADVANCED_FACE('',(#814),#100,.F.);
#814 = FACE_BOUND('',#815,.F.);
#815 = EDGE_LOOP('',(#816,#817,#818,#841,#869,#897,#925,#948,#976,#999,
    #1027,#1055,#1084,#1112,#1140,#1168,#1201,#1229,#1257,#1290,#1318,
    #1351,#1379,#1407,#1440,#1468,#1496,#1524,#1553,#1581));
#816 = ORIENTED_EDGE('',*,*,#84,.F.);
#817 = ORIENTED_EDGE('',*,*,#767,.T.);
#818 = ORIENTED_EDGE('',*,*,#819,.F.);
#819 = EDGE_CURVE('',#820,#768,#822,.T.);
#820 = VERTEX_POINT('',#821);
#821 = CARTESIAN_POINT('',(-10.4,-13.5,115.23));
#822 = SURFACE_CURVE('',#823,(#827,#834),.PCURVE_S1.);
#823 = LINE('',#824,#825);
#824 = CARTESIAN_POINT('',(28.,-13.5,115.23));
#825 = VECTOR('',#826,1.);
#826 = DIRECTION('',(-1.,0.,0.));
#827 = PCURVE('',#100,#828);
#828 = DEFINITIONAL_REPRESENTATION('',(#829),#833);
#829 = LINE('',#830,#831);
#830 = CARTESIAN_POINT('',(58.,0.));
#831 = VECTOR('',#832,1.);
#832 = DIRECTION('',(-1.,0.));
#833 = ( GEOMETRIC_REPRESENTATION_CONTEXT(2) 
PARAMETRIC_REPRESENTATION_CONTEXT() REPRESENTATION_CONTEXT('2D SPACE',''
  ) );
#834 = PCURVE('',#238,#835);
#835 = DEFINITIONAL_REPRESENTATION('',(#836),#840);
#836 = LINE('',#837,#838);
#837 = CARTESIAN_POINT('',(0.,58.));
#838 = VECTOR('',#839,1.);
#839 = DIRECTION('',(0.,-1.));
#840 = ( GEOMETRIC_REPRESENTATION_CONTEXT(2) 
PARAMETRIC_REPRESENTATION_CONTEXT() REPRESENTATION_CONTEXT('2D SPACE',''
  ) );
#841 = ORIENTED_EDGE('',*,*,#842,.T.);
#842 = EDGE_CURVE('',#820,#843,#845,.T.);
#843 = VERTEX_POINT('',#844);
#844 = CARTESIAN_POINT('',(-10.4,-11.2,115.23));
#845 = SURFACE_CURVE('',#846,(#850,#857),.PCURVE_S1.);
#846 = LINE('',#847,#848);
#847 = CARTESIAN_POINT('',(-10.4,-13.5,115.23));
#848 = VECTOR('',#849,1.);
#849 = DIRECTION('',(-0.,1.,0.));
#850 = PCURVE('',#100,#851);
#851 = DEFINITIONAL_REPRESENTATION('',(#852),#856);
#852 = LINE('',#853,#854);
#853 = CARTESIAN_POINT('',(19.6,0.));
#854 = VECTOR('',#855,1.);
#855 = DIRECTION('',(0.,1.));
#856 = ( GEOMETRIC_REPRESENTATION_CONTEXT(2) 
PARAMETRIC_REPRESENTATION_CONTEXT() REPRESENTATION_CONTEXT('2D SPACE',''
  ) );
#857 = PCURVE('',#858,#863);
#858 = PLANE('',#859);
#859 = AXIS2_PLACEMENT_3D('',#860,#861,#862);
#860 = CARTESIAN_POINT('',(-10.4,-13.5,115.18));
#861 = DIRECTION('',(1.,0.,-0.));
#862 = DIRECTION('',(0.,0.,1.));
#863 = DEFINITIONAL_REPRESENTATION('',(#864),#868);
#864 = LINE('',#865,#866);
#865 = CARTESIAN_POINT('',(5.E-02,0.));
#866 = VECTOR('',#867,1.);
#867 = DIRECTION('',(0.,-1.));
#868 = ( GEOMETRIC_REPRESENTATION_CONTEXT(2) 
PARAMETRIC_REPRESENTATION_CONTEXT() REPRESENTATION_CONTEXT('2D SPACE',''
  ) );
#869 = ORIENTED_EDGE('',*,*,#870,.F.);
#870 = EDGE_CURVE('',#871,#843,#873,.T.);
#871 = VERTEX_POINT('',#872);
#872 = CARTESIAN_POINT('',(10.4,-11.2,115.23));
#873 = SURFACE_CURVE('',#874,(#878,#885),.PCURVE_S1.);
#874 = LINE('',#875,#876);
#875 = CARTESIAN_POINT('',(-20.2,-11.2,115.23));
#876 = VECTOR('',#877,1.);
#877 = DIRECTION('',(-1.,-0.,0.));
#878 = PCURVE('',#100,#879);
#879 = DEFINITIONAL_REPRESENTATION('',(#880),#884);
#880 = LINE('',#881,#882);
#881 = CARTESIAN_POINT('',(9.8,2.3));
#882 = VECTOR('',#883,1.);
#883 = DIRECTION('',(-1.,0.));
#884 = ( GEOMETRIC_REPRESENTATION_CONTEXT(2) 
PARAMETRIC_REPRESENTATION_CONTEXT() REPRESENTATION_CONTEXT('2D SPACE',''
  ) );
#885 = PCURVE('',#886,#891);
#886 = PLANE('',#887);
#887 = AXIS2_PLACEMENT_3D('',#888,#889,#890);
#888 = CARTESIAN_POINT('',(-10.4,-11.2,115.18));
#889 = DIRECTION('',(-0.,1.,0.));
#890 = DIRECTION('',(0.,0.,1.));
#891 = DEFINITIONAL_REPRESENTATION('',(#892),#896);
#892 = LINE('',#893,#894);
#893 = CARTESIAN_POINT('',(5.E-02,-9.8));
#894 = VECTOR('',#895,1.);
#895 = DIRECTION('',(0.,-1.));
#896 = ( GEOMETRIC_REPRESENTATION_CONTEXT(2) 
PARAMETRIC_REPRESENTATION_CONTEXT() REPRESENTATION_CONTEXT('2D SPACE',''
  ) );
#897 = ORIENTED_EDGE('',*,*,#898,.F.);
#898 = EDGE_CURVE('',#899,#871,#901,.T.);
#899 = VERTEX_POINT('',#900);
#900 = CARTESIAN_POINT('',(10.4,-13.5,115.23));
#901 = SURFACE_CURVE('',#902,(#906,#913),.PCURVE_S1.);
#902 = LINE('',#903,#904);
#903 = CARTESIAN_POINT('',(10.4,-13.5,115.23));
#904 = VECTOR('',#905,1.);
#905 = DIRECTION('',(-0.,1.,0.));
#906 = PCURVE('',#100,#907);
#907 = DEFINITIONAL_REPRESENTATION('',(#908),#912);
#908 = LINE('',#909,#910);
#909 = CARTESIAN_POINT('',(40.4,0.));
#910 = VECTOR('',#911,1.);
#911 = DIRECTION('',(0.,1.));
#912 = ( GEOMETRIC_REPRESENTATION_CONTEXT(2) 
PARAMETRIC_REPRESENTATION_CONTEXT() REPRESENTATION_CONTEXT('2D SPACE',''
  ) );
#913 = PCURVE('',#914,#919);
#914 = PLANE('',#915);
#915 = AXIS2_PLACEMENT_3D('',#916,#917,#918);
#916 = CARTESIAN_POINT('',(10.4,-13.5,115.18));
#917 = DIRECTION('',(1.,0.,-0.));
#918 = DIRECTION('',(0.,0.,1.));
#919 = DEFINITIONAL_REPRESENTATION('',(#920),#924);
#920 = LINE('',#921,#922);
#921 = CARTESIAN_POINT('',(5.E-02,0.));
#922 = VECTOR('',#923,1.);
#923 = DIRECTION('',(0.,-1.));
#924 = ( GEOMETRIC_REPRESENTATION_CONTEXT(2) 
PARAMETRIC_REPRESENTATION_CONTEXT() REPRESENTATION_CONTEXT('2D SPACE',''
  ) );
#925 = ORIENTED_EDGE('',*,*,#926,.F.);
#926 = EDGE_CURVE('',#927,#899,#929,.T.);
#927 = VERTEX_POINT('',#928);
#928 = CARTESIAN_POINT('',(28.,-13.5,115.23));
#929 = SURFACE_CURVE('',#930,(#934,#941),.PCURVE_S1.);
#930 = LINE('',#931,#932);
#931 = CARTESIAN_POINT('',(28.,-13.5,115.23));
#932 = VECTOR('',#933,1.);
#933 = DIRECTION('',(-1.,0.,0.));
#934 = PCURVE('',#100,#935);
#935 = DEFINITIONAL_REPRESENTATION('',(#936),#940);
#936 = LINE('',#937,#938);
#937 = CARTESIAN_POINT('',(58.,0.));
#938 = VECTOR('',#939,1.);
#939 = DIRECTION('',(-1.,0.));
#940 = ( GEOMETRIC_REPRESENTATION_CONTEXT(2) 
PARAMETRIC_REPRESENTATION_CONTEXT() REPRESENTATION_CONTEXT('2D SPACE',''
  ) );
#941 = PCURVE('',#238,#942);
#942 = DEFINITIONAL_REPRESENTATION('',(#943),#947);
#943 = LINE('',#944,#945);
#944 = CARTESIAN_POINT('',(0.,58.));
#945 = VECTOR('',#946,1.);
#946 = DIRECTION('',(0.,-1.));
#947 = ( GEOMETRIC_REPRESENTATION_CONTEXT(2) 
PARAMETRIC_REPRESENTATION_CONTEXT() REPRESENTATION_CONTEXT('2D SPACE',''
  ) );
#948 = ORIENTED_EDGE('',*,*,#949,.F.);
#949 = EDGE_CURVE('',#950,#927,#952,.T.);
#950 = VERTEX_POINT('',#951);
#951 = CARTESIAN_POINT('',(30.,-11.5,115.23));
#952 = SURFACE_CURVE('',#953,(#958,#969),.PCURVE_S1.);
#953 = CIRCLE('',#954,2.);
#954 = AXIS2_PLACEMENT_3D('',#955,#956,#957);
#955 = CARTESIAN_POINT('',(28.,-11.5,115.23));
#956 = DIRECTION('',(-0.,-0.,-1.));
#957 = DIRECTION('',(0.,-1.,0.));
#958 = PCURVE('',#100,#959);
#959 = DEFINITIONAL_REPRESENTATION('',(#960),#968);
#960 = ( BOUNDED_CURVE() B_SPLINE_CURVE(2,(#961,#962,#963,#964,#965,#966
,#967),.UNSPECIFIED.,.T.,.F.) B_SPLINE_CURVE_WITH_KNOTS((1,2,2,2,2,1),(
    -2.094395102393,0.,2.094395102393,4.188790204786,6.28318530718,
8.377580409573),.UNSPECIFIED.) CURVE() GEOMETRIC_REPRESENTATION_ITEM() 
RATIONAL_B_SPLINE_CURVE((1.,0.5,1.,0.5,1.,0.5,1.)) REPRESENTATION_ITEM(
  '') );
#961 = CARTESIAN_POINT('',(58.,0.));
#962 = CARTESIAN_POINT('',(54.535898384862,0.));
#963 = CARTESIAN_POINT('',(56.267949192431,3.));
#964 = CARTESIAN_POINT('',(58.,6.));
#965 = CARTESIAN_POINT('',(59.732050807569,3.));
#966 = CARTESIAN_POINT('',(61.464101615138,3.10862446895E-15));
#967 = CARTESIAN_POINT('',(58.,0.));
#968 = ( GEOMETRIC_REPRESENTATION_CONTEXT(2) 
PARAMETRIC_REPRESENTATION_CONTEXT() REPRESENTATION_CONTEXT('2D SPACE',''
  ) );
#969 = PCURVE('',#271,#970);
#970 = DEFINITIONAL_REPRESENTATION('',(#971),#975);
#971 = LINE('',#972,#973);
#972 = CARTESIAN_POINT('',(10.995574287565,0.));
#973 = VECTOR('',#974,1.);
#974 = DIRECTION('',(-1.,0.));
#975 = ( GEOMETRIC_REPRESENTATION_CONTEXT(2) 
PARAMETRIC_REPRESENTATION_CONTEXT() REPRESENTATION_CONTEXT('2D SPACE',''
  ) );
#976 = ORIENTED_EDGE('',*,*,#977,.T.);
#977 = EDGE_CURVE('',#950,#978,#980,.T.);
#978 = VERTEX_POINT('',#979);
#979 = CARTESIAN_POINT('',(30.,-10.6,115.23));
#980 = SURFACE_CURVE('',#981,(#985,#992),.PCURVE_S1.);
#981 = LINE('',#982,#983);
#982 = CARTESIAN_POINT('',(30.,-13.5,115.23));
#983 = VECTOR('',#984,1.);
#984 = DIRECTION('',(0.,1.,0.));
#985 = PCURVE('',#100,#986);
#986 = DEFINITIONAL_REPRESENTATION('',(#987),#991);
#987 = LINE('',#988,#989);
#988 = CARTESIAN_POINT('',(60.,0.));
#989 = VECTOR('',#990,1.);
#990 = DIRECTION('',(0.,1.));
#991 = ( GEOMETRIC_REPRESENTATION_CONTEXT(2) 
PARAMETRIC_REPRESENTATION_CONTEXT() REPRESENTATION_CONTEXT('2D SPACE',''
  ) );
#992 = PCURVE('',#299,#993);
#993 = DEFINITIONAL_REPRESENTATION('',(#994),#998);
#994 = LINE('',#995,#996);
#995 = CARTESIAN_POINT('',(0.,0.));
#996 = VECTOR('',#997,1.);
#997 = DIRECTION('',(0.,-1.));
#998 = ( GEOMETRIC_REPRESENTATION_CONTEXT(2) 
PARAMETRIC_REPRESENTATION_CONTEXT() REPRESENTATION_CONTEXT('2D SPACE',''
  ) );
#999 = ORIENTED_EDGE('',*,*,#1000,.T.);
#1000 = EDGE_CURVE('',#978,#1001,#1003,.T.);
#1001 = VERTEX_POINT('',#1002);
#1002 = CARTESIAN_POINT('',(29.6,-10.6,115.23));
#1003 = SURFACE_CURVE('',#1004,(#1008,#1015),.PCURVE_S1.);
#1004 = LINE('',#1005,#1006);
#1005 = CARTESIAN_POINT('',(-31.,-10.6,115.23));
#1006 = VECTOR('',#1007,1.);
#1007 = DIRECTION('',(-1.,0.,0.));
#1008 = PCURVE('',#100,#1009);
#1009 = DEFINITIONAL_REPRESENTATION('',(#1010),#1014);
#1010 = LINE('',#1011,#1012);
#1011 = CARTESIAN_POINT('',(-1.,2.9));
#1012 = VECTOR('',#1013,1.);
#1013 = DIRECTION('',(-1.,0.));
#1014 = ( GEOMETRIC_REPRESENTATION_CONTEXT(2) 
PARAMETRIC_REPRESENTATION_CONTEXT() REPRESENTATION_CONTEXT('2D SPACE',''
  ) );
#1015 = PCURVE('',#1016,#1021);
#1016 = PLANE('',#1017);
#1017 = AXIS2_PLACEMENT_3D('',#1018,#1019,#1020);
#1018 = CARTESIAN_POINT('',(-32.,-10.6,114.45));
#1019 = DIRECTION('',(0.,1.,0.));
#1020 = DIRECTION('',(0.,-0.,1.));
#1021 = DEFINITIONAL_REPRESENTATION('',(#1022),#1026);
#1022 = LINE('',#1023,#1024);
#1023 = CARTESIAN_POINT('',(0.78,1.));
#1024 = VECTOR('',#1025,1.);
#1025 = DIRECTION('',(0.,-1.));
#1026 = ( GEOMETRIC_REPRESENTATION_CONTEXT(2) 
PARAMETRIC_REPRESENTATION_CONTEXT() REPRESENTATION_CONTEXT('2D SPACE',''
  ) );
#1027 = ORIENTED_EDGE('',*,*,#1028,.F.);
#1028 = EDGE_CURVE('',#1029,#1001,#1031,.T.);
#1029 = VERTEX_POINT('',#1030);
#1030 = CARTESIAN_POINT('',(29.6,-11.45,115.23));
#1031 = SURFACE_CURVE('',#1032,(#1036,#1043),.PCURVE_S1.);
#1032 = LINE('',#1033,#1034);
#1033 = CARTESIAN_POINT('',(29.6,-11.45,115.23));
#1034 = VECTOR('',#1035,1.);
#1035 = DIRECTION('',(0.,1.,0.));
#1036 = PCURVE('',#100,#1037);
#1037 = DEFINITIONAL_REPRESENTATION('',(#1038),#1042);
#1038 = LINE('',#1039,#1040);
#1039 = CARTESIAN_POINT('',(59.6,2.05));
#1040 = VECTOR('',#1041,1.);
#1041 = DIRECTION('',(0.,1.));
#1042 = ( GEOMETRIC_REPRESENTATION_CONTEXT(2) 
PARAMETRIC_REPRESENTATION_CONTEXT() REPRESENTATION_CONTEXT('2D SPACE',''
  ) );
#1043 = PCURVE('',#1044,#1049);
#1044 = PLANE('',#1045);
#1045 = AXIS2_PLACEMENT_3D('',#1046,#1047,#1048);
#1046 = CARTESIAN_POINT('',(29.6,-11.45,114.28));
#1047 = DIRECTION('',(-1.,0.,0.));
#1048 = DIRECTION('',(0.,1.,0.));
#1049 = DEFINITIONAL_REPRESENTATION('',(#1050),#1054);
#1050 = LINE('',#1051,#1052);
#1051 = CARTESIAN_POINT('',(0.,-0.95));
#1052 = VECTOR('',#1053,1.);
#1053 = DIRECTION('',(1.,0.));
#1054 = ( GEOMETRIC_REPRESENTATION_CONTEXT(2) 
PARAMETRIC_REPRESENTATION_CONTEXT() REPRESENTATION_CONTEXT('2D SPACE',''
  ) );
#1055 = ORIENTED_EDGE('',*,*,#1056,.F.);
#1056 = EDGE_CURVE('',#1057,#1029,#1059,.T.);
#1057 = VERTEX_POINT('',#1058);
#1058 = CARTESIAN_POINT('',(27.95,-13.1,115.23));
#1059 = SURFACE_CURVE('',#1060,(#1065,#1072),.PCURVE_S1.);
#1060 = CIRCLE('',#1061,1.65);
#1061 = AXIS2_PLACEMENT_3D('',#1062,#1063,#1064);
#1062 = CARTESIAN_POINT('',(27.95,-11.45,115.23));
#1063 = DIRECTION('',(0.,0.,1.));
#1064 = DIRECTION('',(1.,0.,-0.));
#1065 = PCURVE('',#100,#1066);
#1066 = DEFINITIONAL_REPRESENTATION('',(#1067),#1071);
#1067 = CIRCLE('',#1068,1.65);
#1068 = AXIS2_PLACEMENT_2D('',#1069,#1070);
#1069 = CARTESIAN_POINT('',(57.95,2.05));
#1070 = DIRECTION('',(1.,0.));
#1071 = ( GEOMETRIC_REPRESENTATION_CONTEXT(2) 
PARAMETRIC_REPRESENTATION_CONTEXT() REPRESENTATION_CONTEXT('2D SPACE',''
  ) );
#1072 = PCURVE('',#1073,#1078);
#1073 = CYLINDRICAL_SURFACE('',#1074,1.65);
#1074 = AXIS2_PLACEMENT_3D('',#1075,#1076,#1077);
#1075 = CARTESIAN_POINT('',(27.95,-11.45,114.28));
#1076 = DIRECTION('',(-0.,-0.,-1.));
#1077 = DIRECTION('',(1.,0.,0.));
#1078 = DEFINITIONAL_REPRESENTATION('',(#1079),#1083);
#1079 = LINE('',#1080,#1081);
#1080 = CARTESIAN_POINT('',(6.28318530718,-0.95));
#1081 = VECTOR('',#1082,1.);
#1082 = DIRECTION('',(-1.,0.));
#1083 = ( GEOMETRIC_REPRESENTATION_CONTEXT(2) 
PARAMETRIC_REPRESENTATION_CONTEXT() REPRESENTATION_CONTEXT('2D SPACE',''
  ) );
#1084 = ORIENTED_EDGE('',*,*,#1085,.F.);
#1085 = EDGE_CURVE('',#1086,#1057,#1088,.T.);
#1086 = VERTEX_POINT('',#1087);
#1087 = CARTESIAN_POINT('',(12.25,-13.1,115.23));
#1088 = SURFACE_CURVE('',#1089,(#1093,#1100),.PCURVE_S1.);
#1089 = LINE('',#1090,#1091);
#1090 = CARTESIAN_POINT('',(-27.95,-13.1,115.23));
#1091 = VECTOR('',#1092,1.);
#1092 = DIRECTION('',(1.,0.,0.));
#1093 = PCURVE('',#100,#1094);
#1094 = DEFINITIONAL_REPRESENTATION('',(#1095),#1099);
#1095 = LINE('',#1096,#1097);
#1096 = CARTESIAN_POINT('',(2.05,0.4));
#1097 = VECTOR('',#1098,1.);
#1098 = DIRECTION('',(1.,0.));
#1099 = ( GEOMETRIC_REPRESENTATION_CONTEXT(2) 
PARAMETRIC_REPRESENTATION_CONTEXT() REPRESENTATION_CONTEXT('2D SPACE',''
  ) );
#1100 = PCURVE('',#1101,#1106);
#1101 = PLANE('',#1102);
#1102 = AXIS2_PLACEMENT_3D('',#1103,#1104,#1105);
#1103 = CARTESIAN_POINT('',(-27.95,-13.1,114.28));
#1104 = DIRECTION('',(0.,1.,0.));
#1105 = DIRECTION('',(1.,0.,0.));
#1106 = DEFINITIONAL_REPRESENTATION('',(#1107),#1111);
#1107 = LINE('',#1108,#1109);
#1108 = CARTESIAN_POINT('',(0.,-0.95));
#1109 = VECTOR('',#1110,1.);
#1110 = DIRECTION('',(1.,0.));
#1111 = ( GEOMETRIC_REPRESENTATION_CONTEXT(2) 
PARAMETRIC_REPRESENTATION_CONTEXT() REPRESENTATION_CONTEXT('2D SPACE',''
  ) );
#1112 = ORIENTED_EDGE('',*,*,#1113,.T.);
#1113 = EDGE_CURVE('',#1086,#1114,#1116,.T.);
#1114 = VERTEX_POINT('',#1115);
#1115 = CARTESIAN_POINT('',(12.25,-12.25,115.23));
#1116 = SURFACE_CURVE('',#1117,(#1121,#1128),.PCURVE_S1.);
#1117 = LINE('',#1118,#1119);
#1118 = CARTESIAN_POINT('',(12.25,-7.375,115.23));
#1119 = VECTOR('',#1120,1.);
#1120 = DIRECTION('',(0.,1.,0.));
#1121 = PCURVE('',#100,#1122);
#1122 = DEFINITIONAL_REPRESENTATION('',(#1123),#1127);
#1123 = LINE('',#1124,#1125);
#1124 = CARTESIAN_POINT('',(42.25,6.125));
#1125 = VECTOR('',#1126,1.);
#1126 = DIRECTION('',(0.,1.));
#1127 = ( GEOMETRIC_REPRESENTATION_CONTEXT(2) 
PARAMETRIC_REPRESENTATION_CONTEXT() REPRESENTATION_CONTEXT('2D SPACE',''
  ) );
#1128 = PCURVE('',#1129,#1134);
#1129 = PLANE('',#1130);
#1130 = AXIS2_PLACEMENT_3D('',#1131,#1132,#1133);
#1131 = CARTESIAN_POINT('',(12.25,-14.75,114.03));
#1132 = DIRECTION('',(1.,0.,0.));
#1133 = DIRECTION('',(0.,0.,1.));
#1134 = DEFINITIONAL_REPRESENTATION('',(#1135),#1139);
#1135 = LINE('',#1136,#1137);
#1136 = CARTESIAN_POINT('',(1.2,-7.375));
#1137 = VECTOR('',#1138,1.);
#1138 = DIRECTION('',(0.,-1.));
#1139 = ( GEOMETRIC_REPRESENTATION_CONTEXT(2) 
PARAMETRIC_REPRESENTATION_CONTEXT() REPRESENTATION_CONTEXT('2D SPACE',''
  ) );
#1140 = ORIENTED_EDGE('',*,*,#1141,.F.);
#1141 = EDGE_CURVE('',#1142,#1114,#1144,.T.);
#1142 = VERTEX_POINT('',#1143);
#1143 = CARTESIAN_POINT('',(27.75,-12.25,115.23));
#1144 = SURFACE_CURVE('',#1145,(#1149,#1156),.PCURVE_S1.);
#1145 = LINE('',#1146,#1147);
#1146 = CARTESIAN_POINT('',(-13.875,-12.25,115.23));
#1147 = VECTOR('',#1148,1.);
#1148 = DIRECTION('',(-1.,0.,0.));
#1149 = PCURVE('',#100,#1150);
#1150 = DEFINITIONAL_REPRESENTATION('',(#1151),#1155);
#1151 = LINE('',#1152,#1153);
#1152 = CARTESIAN_POINT('',(16.125,1.25));
#1153 = VECTOR('',#1154,1.);
#1154 = DIRECTION('',(-1.,0.));
#1155 = ( GEOMETRIC_REPRESENTATION_CONTEXT(2) 
PARAMETRIC_REPRESENTATION_CONTEXT() REPRESENTATION_CONTEXT('2D SPACE',''
  ) );
#1156 = PCURVE('',#1157,#1162);
#1157 = PLANE('',#1158);
#1158 = AXIS2_PLACEMENT_3D('',#1159,#1160,#1161);
#1159 = CARTESIAN_POINT('',(-27.75,-12.25,114.18));
#1160 = DIRECTION('',(0.,1.,0.));
#1161 = DIRECTION('',(1.,0.,0.));
#1162 = DEFINITIONAL_REPRESENTATION('',(#1163),#1167);
#1163 = LINE('',#1164,#1165);
#1164 = CARTESIAN_POINT('',(13.875,-1.05));
#1165 = VECTOR('',#1166,1.);
#1166 = DIRECTION('',(-1.,0.));
#1167 = ( GEOMETRIC_REPRESENTATION_CONTEXT(2) 
PARAMETRIC_REPRESENTATION_CONTEXT() REPRESENTATION_CONTEXT('2D SPACE',''
  ) );
#1168 = ORIENTED_EDGE('',*,*,#1169,.F.);
#1169 = EDGE_CURVE('',#1170,#1142,#1172,.T.);
#1170 = VERTEX_POINT('',#1171);
#1171 = CARTESIAN_POINT('',(28.75,-11.25,115.23));
#1172 = SURFACE_CURVE('',#1173,(#1178,#1189),.PCURVE_S1.);
#1173 = CIRCLE('',#1174,1.);
#1174 = AXIS2_PLACEMENT_3D('',#1175,#1176,#1177);
#1175 = CARTESIAN_POINT('',(27.75,-11.25,115.23));
#1176 = DIRECTION('',(0.,0.,-1.));
#1177 = DIRECTION('',(1.,0.,0.));
#1178 = PCURVE('',#100,#1179);
#1179 = DEFINITIONAL_REPRESENTATION('',(#1180),#1188);
#1180 = ( BOUNDED_CURVE() B_SPLINE_CURVE(2,(#1181,#1182,#1183,#1184,
#1185,#1186,#1187),.UNSPECIFIED.,.T.,.F.) B_SPLINE_CURVE_WITH_KNOTS((1,2
    ,2,2,2,1),(-2.094395102393,0.,2.094395102393,4.188790204786,
6.28318530718,8.377580409573),.UNSPECIFIED.) CURVE() 
GEOMETRIC_REPRESENTATION_ITEM() RATIONAL_B_SPLINE_CURVE((1.,0.5,1.,0.5,
1.,0.5,1.)) REPRESENTATION_ITEM('') );
#1181 = CARTESIAN_POINT('',(58.75,2.25));
#1182 = CARTESIAN_POINT('',(58.75,0.517949192431));
#1183 = CARTESIAN_POINT('',(57.25,1.383974596216));
#1184 = CARTESIAN_POINT('',(55.75,2.25));
#1185 = CARTESIAN_POINT('',(57.25,3.116025403784));
#1186 = CARTESIAN_POINT('',(58.75,3.982050807569));
#1187 = CARTESIAN_POINT('',(58.75,2.25));
#1188 = ( GEOMETRIC_REPRESENTATION_CONTEXT(2) 
PARAMETRIC_REPRESENTATION_CONTEXT() REPRESENTATION_CONTEXT('2D SPACE',''
  ) );
#1189 = PCURVE('',#1190,#1195);
#1190 = CYLINDRICAL_SURFACE('',#1191,1.);
#1191 = AXIS2_PLACEMENT_3D('',#1192,#1193,#1194);
#1192 = CARTESIAN_POINT('',(27.75,-11.25,114.18));
#1193 = DIRECTION('',(-0.,-0.,-1.));
#1194 = DIRECTION('',(1.,0.,0.));
#1195 = DEFINITIONAL_REPRESENTATION('',(#1196),#1200);
#1196 = LINE('',#1197,#1198);
#1197 = CARTESIAN_POINT('',(-4.138911435803E-13,-1.05));
#1198 = VECTOR('',#1199,1.);
#1199 = DIRECTION('',(1.,-0.));
#1200 = ( GEOMETRIC_REPRESENTATION_CONTEXT(2) 
PARAMETRIC_REPRESENTATION_CONTEXT() REPRESENTATION_CONTEXT('2D SPACE',''
  ) );
#1201 = ORIENTED_EDGE('',*,*,#1202,.F.);
#1202 = EDGE_CURVE('',#1203,#1170,#1205,.T.);
#1203 = VERTEX_POINT('',#1204);
#1204 = CARTESIAN_POINT('',(28.75,-10.6,115.23));
#1205 = SURFACE_CURVE('',#1206,(#1210,#1217),.PCURVE_S1.);
#1206 = LINE('',#1207,#1208);
#1207 = CARTESIAN_POINT('',(28.75,-5.625,115.23));
#1208 = VECTOR('',#1209,1.);
#1209 = DIRECTION('',(0.,-1.,0.));
#1210 = PCURVE('',#100,#1211);
#1211 = DEFINITIONAL_REPRESENTATION('',(#1212),#1216);
#1212 = LINE('',#1213,#1214);
#1213 = CARTESIAN_POINT('',(58.75,7.875));
#1214 = VECTOR('',#1215,1.);
#1215 = DIRECTION('',(0.,-1.));
#1216 = ( GEOMETRIC_REPRESENTATION_CONTEXT(2) 
PARAMETRIC_REPRESENTATION_CONTEXT() REPRESENTATION_CONTEXT('2D SPACE',''
  ) );
#1217 = PCURVE('',#1218,#1223);
#1218 = PLANE('',#1219);
#1219 = AXIS2_PLACEMENT_3D('',#1220,#1221,#1222);
#1220 = CARTESIAN_POINT('',(28.75,-11.25,114.18));
#1221 = DIRECTION('',(-1.,0.,0.));
#1222 = DIRECTION('',(0.,1.,0.));
#1223 = DEFINITIONAL_REPRESENTATION('',(#1224),#1228);
#1224 = LINE('',#1225,#1226);
#1225 = CARTESIAN_POINT('',(5.625,-1.05));
#1226 = VECTOR('',#1227,1.);
#1227 = DIRECTION('',(-1.,0.));
#1228 = ( GEOMETRIC_REPRESENTATION_CONTEXT(2) 
PARAMETRIC_REPRESENTATION_CONTEXT() REPRESENTATION_CONTEXT('2D SPACE',''
  ) );
#1229 = ORIENTED_EDGE('',*,*,#1230,.T.);
#1230 = EDGE_CURVE('',#1203,#1231,#1233,.T.);
#1231 = VERTEX_POINT('',#1232);
#1232 = CARTESIAN_POINT('',(26.322875655532,-10.6,115.23));
#1233 = SURFACE_CURVE('',#1234,(#1238,#1245),.PCURVE_S1.);
#1234 = LINE('',#1235,#1236);
#1235 = CARTESIAN_POINT('',(-31.,-10.6,115.23));
#1236 = VECTOR('',#1237,1.);
#1237 = DIRECTION('',(-1.,0.,0.));
#1238 = PCURVE('',#100,#1239);
#1239 = DEFINITIONAL_REPRESENTATION('',(#1240),#1244);
#1240 = LINE('',#1241,#1242);
#1241 = CARTESIAN_POINT('',(-1.,2.9));
#1242 = VECTOR('',#1243,1.);
#1243 = DIRECTION('',(-1.,0.));
#1244 = ( GEOMETRIC_REPRESENTATION_CONTEXT(2) 
PARAMETRIC_REPRESENTATION_CONTEXT() REPRESENTATION_CONTEXT('2D SPACE',''
  ) );
#1245 = PCURVE('',#1246,#1251);
#1246 = PLANE('',#1247);
#1247 = AXIS2_PLACEMENT_3D('',#1248,#1249,#1250);
#1248 = CARTESIAN_POINT('',(-32.,-10.6,114.45));
#1249 = DIRECTION('',(0.,1.,0.));
#1250 = DIRECTION('',(0.,-0.,1.));
#1251 = DEFINITIONAL_REPRESENTATION('',(#1252),#1256);
#1252 = LINE('',#1253,#1254);
#1253 = CARTESIAN_POINT('',(0.78,1.));
#1254 = VECTOR('',#1255,1.);
#1255 = DIRECTION('',(0.,-1.));
#1256 = ( GEOMETRIC_REPRESENTATION_CONTEXT(2) 
PARAMETRIC_REPRESENTATION_CONTEXT() REPRESENTATION_CONTEXT('2D SPACE',''
  ) );
#1257 = ORIENTED_EDGE('',*,*,#1258,.T.);
#1258 = EDGE_CURVE('',#1231,#1259,#1261,.T.);
#1259 = VERTEX_POINT('',#1260);
#1260 = CARTESIAN_POINT('',(23.677124344468,-10.6,115.23));
#1261 = SURFACE_CURVE('',#1262,(#1267,#1278),.PCURVE_S1.);
#1262 = CIRCLE('',#1263,1.6);
#1263 = AXIS2_PLACEMENT_3D('',#1264,#1265,#1266);
#1264 = CARTESIAN_POINT('',(25.,-9.7,115.23));
#1265 = DIRECTION('',(0.,0.,-1.));
#1266 = DIRECTION('',(1.,0.,0.));
#1267 = PCURVE('',#100,#1268);
#1268 = DEFINITIONAL_REPRESENTATION('',(#1269),#1277);
#1269 = ( BOUNDED_CURVE() B_SPLINE_CURVE(2,(#1270,#1271,#1272,#1273,
#1274,#1275,#1276),.UNSPECIFIED.,.T.,.F.) B_SPLINE_CURVE_WITH_KNOTS((1,2
    ,2,2,2,1),(-2.094395102393,0.,2.094395102393,4.188790204786,
6.28318530718,8.377580409573),.UNSPECIFIED.) CURVE() 
GEOMETRIC_REPRESENTATION_ITEM() RATIONAL_B_SPLINE_CURVE((1.,0.5,1.,0.5,
1.,0.5,1.)) REPRESENTATION_ITEM('') );
#1270 = CARTESIAN_POINT('',(56.6,3.8));
#1271 = CARTESIAN_POINT('',(56.6,1.02871870789));
#1272 = CARTESIAN_POINT('',(54.2,2.414359353945));
#1273 = CARTESIAN_POINT('',(51.8,3.8));
#1274 = CARTESIAN_POINT('',(54.2,5.185640646055));
#1275 = CARTESIAN_POINT('',(56.6,6.57128129211));
#1276 = CARTESIAN_POINT('',(56.6,3.8));
#1277 = ( GEOMETRIC_REPRESENTATION_CONTEXT(2) 
PARAMETRIC_REPRESENTATION_CONTEXT() REPRESENTATION_CONTEXT('2D SPACE',''
  ) );
#1278 = PCURVE('',#1279,#1284);
#1279 = CYLINDRICAL_SURFACE('',#1280,1.6);
#1280 = AXIS2_PLACEMENT_3D('',#1281,#1282,#1283);
#1281 = CARTESIAN_POINT('',(25.,-9.7,112.5));
#1282 = DIRECTION('',(-0.,-0.,-1.));
#1283 = DIRECTION('',(1.,0.,0.));
#1284 = DEFINITIONAL_REPRESENTATION('',(#1285),#1289);
#1285 = LINE('',#1286,#1287);
#1286 = CARTESIAN_POINT('',(-4.138911435803E-13,-2.73));
#1287 = VECTOR('',#1288,1.);
#1288 = DIRECTION('',(1.,-0.));
#1289 = ( GEOMETRIC_REPRESENTATION_CONTEXT(2) 
PARAMETRIC_REPRESENTATION_CONTEXT() REPRESENTATION_CONTEXT('2D SPACE',''
  ) );
#1290 = ORIENTED_EDGE('',*,*,#1291,.T.);
#1291 = EDGE_CURVE('',#1259,#1292,#1294,.T.);
#1292 = VERTEX_POINT('',#1293);
#1293 = CARTESIAN_POINT('',(-23.67712434446,-10.6,115.23));
#1294 = SURFACE_CURVE('',#1295,(#1299,#1306),.PCURVE_S1.);
#1295 = LINE('',#1296,#1297);
#1296 = CARTESIAN_POINT('',(-31.,-10.6,115.23));
#1297 = VECTOR('',#1298,1.);
#1298 = DIRECTION('',(-1.,0.,0.));
#1299 = PCURVE('',#100,#1300);
#1300 = DEFINITIONAL_REPRESENTATION('',(#1301),#1305);
#1301 = LINE('',#1302,#1303);
#1302 = CARTESIAN_POINT('',(-1.,2.9));
#1303 = VECTOR('',#1304,1.);
#1304 = DIRECTION('',(-1.,0.));
#1305 = ( GEOMETRIC_REPRESENTATION_CONTEXT(2) 
PARAMETRIC_REPRESENTATION_CONTEXT() REPRESENTATION_CONTEXT('2D SPACE',''
  ) );
#1306 = PCURVE('',#1307,#1312);
#1307 = PLANE('',#1308);
#1308 = AXIS2_PLACEMENT_3D('',#1309,#1310,#1311);
#1309 = CARTESIAN_POINT('',(-32.,-10.6,114.45));
#1310 = DIRECTION('',(0.,1.,0.));
#1311 = DIRECTION('',(0.,-0.,1.));
#1312 = DEFINITIONAL_REPRESENTATION('',(#1313),#1317);
#1313 = LINE('',#1314,#1315);
#1314 = CARTESIAN_POINT('',(0.78,1.));
#1315 = VECTOR('',#1316,1.);
#1316 = DIRECTION('',(0.,-1.));
#1317 = ( GEOMETRIC_REPRESENTATION_CONTEXT(2) 
PARAMETRIC_REPRESENTATION_CONTEXT() REPRESENTATION_CONTEXT('2D SPACE',''
  ) );
#1318 = ORIENTED_EDGE('',*,*,#1319,.T.);
#1319 = EDGE_CURVE('',#1292,#1320,#1322,.T.);
#1320 = VERTEX_POINT('',#1321);
#1321 = CARTESIAN_POINT('',(-26.32287565553,-10.6,115.23));
#1322 = SURFACE_CURVE('',#1323,(#1328,#1339),.PCURVE_S1.);
#1323 = CIRCLE('',#1324,1.6);
#1324 = AXIS2_PLACEMENT_3D('',#1325,#1326,#1327);
#1325 = CARTESIAN_POINT('',(-25.,-9.7,115.23));
#1326 = DIRECTION('',(0.,0.,-1.));
#1327 = DIRECTION('',(1.,0.,0.));
#1328 = PCURVE('',#100,#1329);
#1329 = DEFINITIONAL_REPRESENTATION('',(#1330),#1338);
#1330 = ( BOUNDED_CURVE() B_SPLINE_CURVE(2,(#1331,#1332,#1333,#1334,
#1335,#1336,#1337),.UNSPECIFIED.,.T.,.F.) B_SPLINE_CURVE_WITH_KNOTS((1,2
    ,2,2,2,1),(-2.094395102393,0.,2.094395102393,4.188790204786,
6.28318530718,8.377580409573),.UNSPECIFIED.) CURVE() 
GEOMETRIC_REPRESENTATION_ITEM() RATIONAL_B_SPLINE_CURVE((1.,0.5,1.,0.5,
1.,0.5,1.)) REPRESENTATION_ITEM('') );
#1331 = CARTESIAN_POINT('',(6.6,3.8));
#1332 = CARTESIAN_POINT('',(6.6,1.02871870789));
#1333 = CARTESIAN_POINT('',(4.2,2.414359353945));
#1334 = CARTESIAN_POINT('',(1.8,3.8));
#1335 = CARTESIAN_POINT('',(4.2,5.185640646055));
#1336 = CARTESIAN_POINT('',(6.6,6.57128129211));
#1337 = CARTESIAN_POINT('',(6.6,3.8));
#1338 = ( GEOMETRIC_REPRESENTATION_CONTEXT(2) 
PARAMETRIC_REPRESENTATION_CONTEXT() REPRESENTATION_CONTEXT('2D SPACE',''
  ) );
#1339 = PCURVE('',#1340,#1345);
#1340 = CYLINDRICAL_SURFACE('',#1341,1.6);
#1341 = AXIS2_PLACEMENT_3D('',#1342,#1343,#1344);
#1342 = CARTESIAN_POINT('',(-25.,-9.7,112.5));
#1343 = DIRECTION('',(-0.,-0.,-1.));
#1344 = DIRECTION('',(1.,0.,0.));
#1345 = DEFINITIONAL_REPRESENTATION('',(#1346),#1350);
#1346 = LINE('',#1347,#1348);
#1347 = CARTESIAN_POINT('',(-4.138911435803E-13,-2.73));
#1348 = VECTOR('',#1349,1.);
#1349 = DIRECTION('',(1.,-0.));
#1350 = ( GEOMETRIC_REPRESENTATION_CONTEXT(2) 
PARAMETRIC_REPRESENTATION_CONTEXT() REPRESENTATION_CONTEXT('2D SPACE',''
  ) );
#1351 = ORIENTED_EDGE('',*,*,#1352,.T.);
#1352 = EDGE_CURVE('',#1320,#1353,#1355,.T.);
#1353 = VERTEX_POINT('',#1354);
#1354 = CARTESIAN_POINT('',(-28.75,-10.6,115.23));
#1355 = SURFACE_CURVE('',#1356,(#1360,#1367),.PCURVE_S1.);
#1356 = LINE('',#1357,#1358);
#1357 = CARTESIAN_POINT('',(-31.,-10.6,115.23));
#1358 = VECTOR('',#1359,1.);
#1359 = DIRECTION('',(-1.,0.,0.));
#1360 = PCURVE('',#100,#1361);
#1361 = DEFINITIONAL_REPRESENTATION('',(#1362),#1366);
#1362 = LINE('',#1363,#1364);
#1363 = CARTESIAN_POINT('',(-1.,2.9));
#1364 = VECTOR('',#1365,1.);
#1365 = DIRECTION('',(-1.,0.));
#1366 = ( GEOMETRIC_REPRESENTATION_CONTEXT(2) 
PARAMETRIC_REPRESENTATION_CONTEXT() REPRESENTATION_CONTEXT('2D SPACE',''
  ) );
#1367 = PCURVE('',#1368,#1373);
#1368 = PLANE('',#1369);
#1369 = AXIS2_PLACEMENT_3D('',#1370,#1371,#1372);
#1370 = CARTESIAN_POINT('',(-32.,-10.6,114.45));
#1371 = DIRECTION('',(0.,1.,0.));
#1372 = DIRECTION('',(0.,-0.,1.));
#1373 = DEFINITIONAL_REPRESENTATION('',(#1374),#1378);
#1374 = LINE('',#1375,#1376);
#1375 = CARTESIAN_POINT('',(0.78,1.));
#1376 = VECTOR('',#1377,1.);
#1377 = DIRECTION('',(0.,-1.));
#1378 = ( GEOMETRIC_REPRESENTATION_CONTEXT(2) 
PARAMETRIC_REPRESENTATION_CONTEXT() REPRESENTATION_CONTEXT('2D SPACE',''
  ) );
#1379 = ORIENTED_EDGE('',*,*,#1380,.F.);
#1380 = EDGE_CURVE('',#1381,#1353,#1383,.T.);
#1381 = VERTEX_POINT('',#1382);
#1382 = CARTESIAN_POINT('',(-28.75,-11.25,115.23));
#1383 = SURFACE_CURVE('',#1384,(#1388,#1395),.PCURVE_S1.);
#1384 = LINE('',#1385,#1386);
#1385 = CARTESIAN_POINT('',(-28.75,5.625,115.23));
#1386 = VECTOR('',#1387,1.);
#1387 = DIRECTION('',(-0.,1.,0.));
#1388 = PCURVE('',#100,#1389);
#1389 = DEFINITIONAL_REPRESENTATION('',(#1390),#1394);
#1390 = LINE('',#1391,#1392);
#1391 = CARTESIAN_POINT('',(1.25,19.125));
#1392 = VECTOR('',#1393,1.);
#1393 = DIRECTION('',(0.,1.));
#1394 = ( GEOMETRIC_REPRESENTATION_CONTEXT(2) 
PARAMETRIC_REPRESENTATION_CONTEXT() REPRESENTATION_CONTEXT('2D SPACE',''
  ) );
#1395 = PCURVE('',#1396,#1401);
#1396 = PLANE('',#1397);
#1397 = AXIS2_PLACEMENT_3D('',#1398,#1399,#1400);
#1398 = CARTESIAN_POINT('',(-28.75,11.25,114.18));
#1399 = DIRECTION('',(1.,0.,-0.));
#1400 = DIRECTION('',(0.,-1.,0.));
#1401 = DEFINITIONAL_REPRESENTATION('',(#1402),#1406);
#1402 = LINE('',#1403,#1404);
#1403 = CARTESIAN_POINT('',(5.625,-1.05));
#1404 = VECTOR('',#1405,1.);
#1405 = DIRECTION('',(-1.,-0.));
#1406 = ( GEOMETRIC_REPRESENTATION_CONTEXT(2) 
PARAMETRIC_REPRESENTATION_CONTEXT() REPRESENTATION_CONTEXT('2D SPACE',''
  ) );
#1407 = ORIENTED_EDGE('',*,*,#1408,.F.);
#1408 = EDGE_CURVE('',#1409,#1381,#1411,.T.);
#1409 = VERTEX_POINT('',#1410);
#1410 = CARTESIAN_POINT('',(-27.75,-12.25,115.23));
#1411 = SURFACE_CURVE('',#1412,(#1417,#1428),.PCURVE_S1.);
#1412 = CIRCLE('',#1413,1.);
#1413 = AXIS2_PLACEMENT_3D('',#1414,#1415,#1416);
#1414 = CARTESIAN_POINT('',(-27.75,-11.25,115.23));
#1415 = DIRECTION('',(0.,0.,-1.));
#1416 = DIRECTION('',(1.,0.,0.));
#1417 = PCURVE('',#100,#1418);
#1418 = DEFINITIONAL_REPRESENTATION('',(#1419),#1427);
#1419 = ( BOUNDED_CURVE() B_SPLINE_CURVE(2,(#1420,#1421,#1422,#1423,
#1424,#1425,#1426),.UNSPECIFIED.,.T.,.F.) B_SPLINE_CURVE_WITH_KNOTS((1,2
    ,2,2,2,1),(-2.094395102393,0.,2.094395102393,4.188790204786,
6.28318530718,8.377580409573),.UNSPECIFIED.) CURVE() 
GEOMETRIC_REPRESENTATION_ITEM() RATIONAL_B_SPLINE_CURVE((1.,0.5,1.,0.5,
1.,0.5,1.)) REPRESENTATION_ITEM('') );
#1420 = CARTESIAN_POINT('',(3.25,2.25));
#1421 = CARTESIAN_POINT('',(3.25,0.517949192431));
#1422 = CARTESIAN_POINT('',(1.75,1.383974596216));
#1423 = CARTESIAN_POINT('',(0.25,2.25));
#1424 = CARTESIAN_POINT('',(1.75,3.116025403784));
#1425 = CARTESIAN_POINT('',(3.25,3.982050807569));
#1426 = CARTESIAN_POINT('',(3.25,2.25));
#1427 = ( GEOMETRIC_REPRESENTATION_CONTEXT(2) 
PARAMETRIC_REPRESENTATION_CONTEXT() REPRESENTATION_CONTEXT('2D SPACE',''
  ) );
#1428 = PCURVE('',#1429,#1434);
#1429 = CYLINDRICAL_SURFACE('',#1430,1.);
#1430 = AXIS2_PLACEMENT_3D('',#1431,#1432,#1433);
#1431 = CARTESIAN_POINT('',(-27.75,-11.25,114.18));
#1432 = DIRECTION('',(-0.,-0.,-1.));
#1433 = DIRECTION('',(1.,0.,0.));
#1434 = DEFINITIONAL_REPRESENTATION('',(#1435),#1439);
#1435 = LINE('',#1436,#1437);
#1436 = CARTESIAN_POINT('',(-4.138911435803E-13,-1.05));
#1437 = VECTOR('',#1438,1.);
#1438 = DIRECTION('',(1.,-0.));
#1439 = ( GEOMETRIC_REPRESENTATION_CONTEXT(2) 
PARAMETRIC_REPRESENTATION_CONTEXT() REPRESENTATION_CONTEXT('2D SPACE',''
  ) );
#1440 = ORIENTED_EDGE('',*,*,#1441,.F.);
#1441 = EDGE_CURVE('',#1442,#1409,#1444,.T.);
#1442 = VERTEX_POINT('',#1443);
#1443 = CARTESIAN_POINT('',(-12.25,-12.25,115.23));
#1444 = SURFACE_CURVE('',#1445,(#1449,#1456),.PCURVE_S1.);
#1445 = LINE('',#1446,#1447);
#1446 = CARTESIAN_POINT('',(-13.875,-12.25,115.23));
#1447 = VECTOR('',#1448,1.);
#1448 = DIRECTION('',(-1.,0.,0.));
#1449 = PCURVE('',#100,#1450);
#1450 = DEFINITIONAL_REPRESENTATION('',(#1451),#1455);
#1451 = LINE('',#1452,#1453);
#1452 = CARTESIAN_POINT('',(16.125,1.25));
#1453 = VECTOR('',#1454,1.);
#1454 = DIRECTION('',(-1.,0.));
#1455 = ( GEOMETRIC_REPRESENTATION_CONTEXT(2) 
PARAMETRIC_REPRESENTATION_CONTEXT() REPRESENTATION_CONTEXT('2D SPACE',''
  ) );
#1456 = PCURVE('',#1457,#1462);
#1457 = PLANE('',#1458);
#1458 = AXIS2_PLACEMENT_3D('',#1459,#1460,#1461);
#1459 = CARTESIAN_POINT('',(-27.75,-12.25,114.18));
#1460 = DIRECTION('',(0.,1.,0.));
#1461 = DIRECTION('',(1.,0.,0.));
#1462 = DEFINITIONAL_REPRESENTATION('',(#1463),#1467);
#1463 = LINE('',#1464,#1465);
#1464 = CARTESIAN_POINT('',(13.875,-1.05));
#1465 = VECTOR('',#1466,1.);
#1466 = DIRECTION('',(-1.,0.));
#1467 = ( GEOMETRIC_REPRESENTATION_CONTEXT(2) 
PARAMETRIC_REPRESENTATION_CONTEXT() REPRESENTATION_CONTEXT('2D SPACE',''
  ) );
#1468 = ORIENTED_EDGE('',*,*,#1469,.F.);
#1469 = EDGE_CURVE('',#1470,#1442,#1472,.T.);
#1470 = VERTEX_POINT('',#1471);
#1471 = CARTESIAN_POINT('',(-12.25,-13.1,115.23));
#1472 = SURFACE_CURVE('',#1473,(#1477,#1484),.PCURVE_S1.);
#1473 = LINE('',#1474,#1475);
#1474 = CARTESIAN_POINT('',(-12.25,-7.375,115.23));
#1475 = VECTOR('',#1476,1.);
#1476 = DIRECTION('',(0.,1.,0.));
#1477 = PCURVE('',#100,#1478);
#1478 = DEFINITIONAL_REPRESENTATION('',(#1479),#1483);
#1479 = LINE('',#1480,#1481);
#1480 = CARTESIAN_POINT('',(17.75,6.125));
#1481 = VECTOR('',#1482,1.);
#1482 = DIRECTION('',(0.,1.));
#1483 = ( GEOMETRIC_REPRESENTATION_CONTEXT(2) 
PARAMETRIC_REPRESENTATION_CONTEXT() REPRESENTATION_CONTEXT('2D SPACE',''
  ) );
#1484 = PCURVE('',#1485,#1490);
#1485 = PLANE('',#1486);
#1486 = AXIS2_PLACEMENT_3D('',#1487,#1488,#1489);
#1487 = CARTESIAN_POINT('',(-12.25,-14.75,114.03));
#1488 = DIRECTION('',(1.,0.,0.));
#1489 = DIRECTION('',(0.,0.,1.));
#1490 = DEFINITIONAL_REPRESENTATION('',(#1491),#1495);
#1491 = LINE('',#1492,#1493);
#1492 = CARTESIAN_POINT('',(1.2,-7.375));
#1493 = VECTOR('',#1494,1.);
#1494 = DIRECTION('',(0.,-1.));
#1495 = ( GEOMETRIC_REPRESENTATION_CONTEXT(2) 
PARAMETRIC_REPRESENTATION_CONTEXT() REPRESENTATION_CONTEXT('2D SPACE',''
  ) );
#1496 = ORIENTED_EDGE('',*,*,#1497,.F.);
#1497 = EDGE_CURVE('',#1498,#1470,#1500,.T.);
#1498 = VERTEX_POINT('',#1499);
#1499 = CARTESIAN_POINT('',(-27.95,-13.1,115.23));
#1500 = SURFACE_CURVE('',#1501,(#1505,#1512),.PCURVE_S1.);
#1501 = LINE('',#1502,#1503);
#1502 = CARTESIAN_POINT('',(-27.95,-13.1,115.23));
#1503 = VECTOR('',#1504,1.);
#1504 = DIRECTION('',(1.,0.,0.));
#1505 = PCURVE('',#100,#1506);
#1506 = DEFINITIONAL_REPRESENTATION('',(#1507),#1511);
#1507 = LINE('',#1508,#1509);
#1508 = CARTESIAN_POINT('',(2.05,0.4));
#1509 = VECTOR('',#1510,1.);
#1510 = DIRECTION('',(1.,0.));
#1511 = ( GEOMETRIC_REPRESENTATION_CONTEXT(2) 
PARAMETRIC_REPRESENTATION_CONTEXT() REPRESENTATION_CONTEXT('2D SPACE',''
  ) );
#1512 = PCURVE('',#1513,#1518);
#1513 = PLANE('',#1514);
#1514 = AXIS2_PLACEMENT_3D('',#1515,#1516,#1517);
#1515 = CARTESIAN_POINT('',(-27.95,-13.1,114.28));
#1516 = DIRECTION('',(0.,1.,0.));
#1517 = DIRECTION('',(1.,0.,0.));
#1518 = DEFINITIONAL_REPRESENTATION('',(#1519),#1523);
#1519 = LINE('',#1520,#1521);
#1520 = CARTESIAN_POINT('',(0.,-0.95));
#1521 = VECTOR('',#1522,1.);
#1522 = DIRECTION('',(1.,0.));
#1523 = ( GEOMETRIC_REPRESENTATION_CONTEXT(2) 
PARAMETRIC_REPRESENTATION_CONTEXT() REPRESENTATION_CONTEXT('2D SPACE',''
  ) );
#1524 = ORIENTED_EDGE('',*,*,#1525,.F.);
#1525 = EDGE_CURVE('',#1526,#1498,#1528,.T.);
#1526 = VERTEX_POINT('',#1527);
#1527 = CARTESIAN_POINT('',(-29.6,-11.45,115.23));
#1528 = SURFACE_CURVE('',#1529,(#1534,#1541),.PCURVE_S1.);
#1529 = CIRCLE('',#1530,1.65);
#1530 = AXIS2_PLACEMENT_3D('',#1531,#1532,#1533);
#1531 = CARTESIAN_POINT('',(-27.95,-11.45,115.23));
#1532 = DIRECTION('',(0.,0.,1.));
#1533 = DIRECTION('',(1.,0.,-0.));
#1534 = PCURVE('',#100,#1535);
#1535 = DEFINITIONAL_REPRESENTATION('',(#1536),#1540);
#1536 = CIRCLE('',#1537,1.65);
#1537 = AXIS2_PLACEMENT_2D('',#1538,#1539);
#1538 = CARTESIAN_POINT('',(2.05,2.05));
#1539 = DIRECTION('',(1.,0.));
#1540 = ( GEOMETRIC_REPRESENTATION_CONTEXT(2) 
PARAMETRIC_REPRESENTATION_CONTEXT() REPRESENTATION_CONTEXT('2D SPACE',''
  ) );
#1541 = PCURVE('',#1542,#1547);
#1542 = CYLINDRICAL_SURFACE('',#1543,1.65);
#1543 = AXIS2_PLACEMENT_3D('',#1544,#1545,#1546);
#1544 = CARTESIAN_POINT('',(-27.95,-11.45,114.28));
#1545 = DIRECTION('',(-0.,-0.,-1.));
#1546 = DIRECTION('',(1.,0.,0.));
#1547 = DEFINITIONAL_REPRESENTATION('',(#1548),#1552);
#1548 = LINE('',#1549,#1550);
#1549 = CARTESIAN_POINT('',(6.28318530718,-0.95));
#1550 = VECTOR('',#1551,1.);
#1551 = DIRECTION('',(-1.,0.));
#1552 = ( GEOMETRIC_REPRESENTATION_CONTEXT(2) 
PARAMETRIC_REPRESENTATION_CONTEXT() REPRESENTATION_CONTEXT('2D SPACE',''
  ) );
#1553 = ORIENTED_EDGE('',*,*,#1554,.F.);
#1554 = EDGE_CURVE('',#1555,#1526,#1557,.T.);
#1555 = VERTEX_POINT('',#1556);
#1556 = CARTESIAN_POINT('',(-29.6,-10.6,115.23));
#1557 = SURFACE_CURVE('',#1558,(#1562,#1569),.PCURVE_S1.);
#1558 = LINE('',#1559,#1560);
#1559 = CARTESIAN_POINT('',(-29.6,11.45,115.23));
#1560 = VECTOR('',#1561,1.);
#1561 = DIRECTION('',(0.,-1.,0.));
#1562 = PCURVE('',#100,#1563);
#1563 = DEFINITIONAL_REPRESENTATION('',(#1564),#1568);
#1564 = LINE('',#1565,#1566);
#1565 = CARTESIAN_POINT('',(0.4,24.95));
#1566 = VECTOR('',#1567,1.);
#1567 = DIRECTION('',(0.,-1.));
#1568 = ( GEOMETRIC_REPRESENTATION_CONTEXT(2) 
PARAMETRIC_REPRESENTATION_CONTEXT() REPRESENTATION_CONTEXT('2D SPACE',''
  ) );
#1569 = PCURVE('',#1570,#1575);
#1570 = PLANE('',#1571);
#1571 = AXIS2_PLACEMENT_3D('',#1572,#1573,#1574);
#1572 = CARTESIAN_POINT('',(-29.6,11.45,114.28));
#1573 = DIRECTION('',(1.,0.,-0.));
#1574 = DIRECTION('',(0.,-1.,0.));
#1575 = DEFINITIONAL_REPRESENTATION('',(#1576),#1580);
#1576 = LINE('',#1577,#1578);
#1577 = CARTESIAN_POINT('',(0.,-0.95));
#1578 = VECTOR('',#1579,1.);
#1579 = DIRECTION('',(1.,0.));
#1580 = ( GEOMETRIC_REPRESENTATION_CONTEXT(2) 
PARAMETRIC_REPRESENTATION_CONTEXT() REPRESENTATION_CONTEXT('2D SPACE',''
  ) );
#1581 = ORIENTED_EDGE('',*,*,#1582,.T.);
#1582 = EDGE_CURVE('',#1555,#85,#1583,.T.);
#1583 = SURFACE_CURVE('',#1584,(#1588,#1595),.PCURVE_S1.);
#1584 = LINE('',#1585,#1586);
#1585 = CARTESIAN_POINT('',(-31.,-10.6,115.23));
#1586 = VECTOR('',#1587,1.);
#1587 = DIRECTION('',(-1.,0.,0.));
#1588 = PCURVE('',#100,#1589);
#1589 = DEFINITIONAL_REPRESENTATION('',(#1590),#1594);
#1590 = LINE('',#1591,#1592);
#1591 = CARTESIAN_POINT('',(-1.,2.9));
#1592 = VECTOR('',#1593,1.);
#1593 = DIRECTION('',(-1.,0.));
#1594 = ( GEOMETRIC_REPRESENTATION_CONTEXT(2) 
PARAMETRIC_REPRESENTATION_CONTEXT() REPRESENTATION_CONTEXT('2D SPACE',''
  ) );
#1595 = PCURVE('',#128,#1596);
#1596 = DEFINITIONAL_REPRESENTATION('',(#1597),#1601);
#1597 = LINE('',#1598,#1599);
#1598 = CARTESIAN_POINT('',(0.78,1.));
#1599 = VECTOR('',#1600,1.);
#1600 = DIRECTION('',(0.,-1.));
#1601 = ( GEOMETRIC_REPRESENTATION_CONTEXT(2) 
PARAMETRIC_REPRESENTATION_CONTEXT() REPRESENTATION_CONTEXT('2D SPACE',''
  ) );
#1602 = ADVANCED_FACE('',(#1603),#128,.F.);
#1603 = FACE_BOUND('',#1604,.F.);
#1604 = EDGE_LOOP('',(#1605,#1606,#1607,#1630));
#1605 = ORIENTED_EDGE('',*,*,#112,.F.);
#1606 = ORIENTED_EDGE('',*,*,#1582,.F.);
#1607 = ORIENTED_EDGE('',*,*,#1608,.F.);
#1608 = EDGE_CURVE('',#1609,#1555,#1611,.T.);
#1609 = VERTEX_POINT('',#1610);
#1610 = CARTESIAN_POINT('',(-29.6,-10.6,115.185));
#1611 = SURFACE_CURVE('',#1612,(#1616,#1623),.PCURVE_S1.);
#1612 = LINE('',#1613,#1614);
#1613 = CARTESIAN_POINT('',(-29.6,-10.6,114.365));
#1614 = VECTOR('',#1615,1.);
#1615 = DIRECTION('',(0.,-0.,1.));
#1616 = PCURVE('',#128,#1617);
#1617 = DEFINITIONAL_REPRESENTATION('',(#1618),#1622);
#1618 = LINE('',#1619,#1620);
#1619 = CARTESIAN_POINT('',(-8.500000000001E-02,2.4));
#1620 = VECTOR('',#1621,1.);
#1621 = DIRECTION('',(1.,0.));
#1622 = ( GEOMETRIC_REPRESENTATION_CONTEXT(2) 
PARAMETRIC_REPRESENTATION_CONTEXT() REPRESENTATION_CONTEXT('2D SPACE',''
  ) );
#1623 = PCURVE('',#1570,#1624);
#1624 = DEFINITIONAL_REPRESENTATION('',(#1625),#1629);
#1625 = LINE('',#1626,#1627);
#1626 = CARTESIAN_POINT('',(22.05,-8.499999999999E-02));
#1627 = VECTOR('',#1628,1.);
#1628 = DIRECTION('',(0.,-1.));
#1629 = ( GEOMETRIC_REPRESENTATION_CONTEXT(2) 
PARAMETRIC_REPRESENTATION_CONTEXT() REPRESENTATION_CONTEXT('2D SPACE',''
  ) );
#1630 = ORIENTED_EDGE('',*,*,#1631,.T.);
#1631 = EDGE_CURVE('',#1609,#113,#1632,.T.);
#1632 = SURFACE_CURVE('',#1633,(#1637,#1644),.PCURVE_S1.);
#1633 = LINE('',#1634,#1635);
#1634 = CARTESIAN_POINT('',(-33.5,-10.6,115.185));
#1635 = VECTOR('',#1636,1.);
#1636 = DIRECTION('',(-1.,0.,0.));
#1637 = PCURVE('',#128,#1638);
#1638 = DEFINITIONAL_REPRESENTATION('',(#1639),#1643);
#1639 = LINE('',#1640,#1641);
#1640 = CARTESIAN_POINT('',(0.735,-1.5));
#1641 = VECTOR('',#1642,1.);
#1642 = DIRECTION('',(0.,-1.));
#1643 = ( GEOMETRIC_REPRESENTATION_CONTEXT(2) 
PARAMETRIC_REPRESENTATION_CONTEXT() REPRESENTATION_CONTEXT('2D SPACE',''
  ) );
#1644 = PCURVE('',#156,#1645);
#1645 = DEFINITIONAL_REPRESENTATION('',(#1646),#1650);
#1646 = LINE('',#1647,#1648);
#1647 = CARTESIAN_POINT('',(1.5,9.4));
#1648 = VECTOR('',#1649,1.);
#1649 = DIRECTION('',(-1.,0.));
#1650 = ( GEOMETRIC_REPRESENTATION_CONTEXT(2) 
PARAMETRIC_REPRESENTATION_CONTEXT() REPRESENTATION_CONTEXT('2D SPACE',''
  ) );
#1651 = ADVANCED_FACE('',(#1652),#156,.F.);
#1652 = FACE_BOUND('',#1653,.F.);
#1653 = EDGE_LOOP('',(#1654,#1679,#1701,#1702,#1703,#1726,#1759,#1787,
    #1820,#1843,#1866,#1889));
#1654 = ORIENTED_EDGE('',*,*,#1655,.F.);
#1655 = EDGE_CURVE('',#1656,#1658,#1660,.T.);
#1656 = VERTEX_POINT('',#1657);
#1657 = CARTESIAN_POINT('',(-28.,13.5,115.185));
#1658 = VERTEX_POINT('',#1659);
#1659 = CARTESIAN_POINT('',(28.,13.5,115.185));
#1660 = SURFACE_CURVE('',#1661,(#1665,#1672),.PCURVE_S1.);
#1661 = LINE('',#1662,#1663);
#1662 = CARTESIAN_POINT('',(-32.5,13.5,115.185));
#1663 = VECTOR('',#1664,1.);
#1664 = DIRECTION('',(1.,0.,0.));
#1665 = PCURVE('',#156,#1666);
#1666 = DEFINITIONAL_REPRESENTATION('',(#1667),#1671);
#1667 = LINE('',#1668,#1669);
#1668 = CARTESIAN_POINT('',(2.5,33.5));
#1669 = VECTOR('',#1670,1.);
#1670 = DIRECTION('',(1.,0.));
#1671 = ( GEOMETRIC_REPRESENTATION_CONTEXT(2) 
PARAMETRIC_REPRESENTATION_CONTEXT() REPRESENTATION_CONTEXT('2D SPACE',''
  ) );
#1672 = PCURVE('',#356,#1673);
#1673 = DEFINITIONAL_REPRESENTATION('',(#1674),#1678);
#1674 = LINE('',#1675,#1676);
#1675 = CARTESIAN_POINT('',(-4.5E-02,-2.5));
#1676 = VECTOR('',#1677,1.);
#1677 = DIRECTION('',(0.,1.));
#1678 = ( GEOMETRIC_REPRESENTATION_CONTEXT(2) 
PARAMETRIC_REPRESENTATION_CONTEXT() REPRESENTATION_CONTEXT('2D SPACE',''
  ) );
#1679 = ORIENTED_EDGE('',*,*,#1680,.T.);
#1680 = EDGE_CURVE('',#1656,#141,#1681,.T.);
#1681 = SURFACE_CURVE('',#1682,(#1687,#1694),.PCURVE_S1.);
#1682 = CIRCLE('',#1683,2.);
#1683 = AXIS2_PLACEMENT_3D('',#1684,#1685,#1686);
#1684 = CARTESIAN_POINT('',(-28.,11.5,115.185));
#1685 = DIRECTION('',(0.,0.,1.));
#1686 = DIRECTION('',(-1.,-0.,0.));
#1687 = PCURVE('',#156,#1688);
#1688 = DEFINITIONAL_REPRESENTATION('',(#1689),#1693);
#1689 = CIRCLE('',#1690,2.);
#1690 = AXIS2_PLACEMENT_2D('',#1691,#1692);
#1691 = CARTESIAN_POINT('',(7.,31.5));
#1692 = DIRECTION('',(-1.,0.));
#1693 = ( GEOMETRIC_REPRESENTATION_CONTEXT(2) 
PARAMETRIC_REPRESENTATION_CONTEXT() REPRESENTATION_CONTEXT('2D SPACE',''
  ) );
#1694 = PCURVE('',#182,#1695);
#1695 = DEFINITIONAL_REPRESENTATION('',(#1696),#1700);
#1696 = LINE('',#1697,#1698);
#1697 = CARTESIAN_POINT('',(0.,-4.500000000001E-02));
#1698 = VECTOR('',#1699,1.);
#1699 = DIRECTION('',(1.,0.));
#1700 = ( GEOMETRIC_REPRESENTATION_CONTEXT(2) 
PARAMETRIC_REPRESENTATION_CONTEXT() REPRESENTATION_CONTEXT('2D SPACE',''
  ) );
#1701 = ORIENTED_EDGE('',*,*,#140,.T.);
#1702 = ORIENTED_EDGE('',*,*,#1631,.F.);
#1703 = ORIENTED_EDGE('',*,*,#1704,.F.);
#1704 = EDGE_CURVE('',#1705,#1609,#1707,.T.);
#1705 = VERTEX_POINT('',#1706);
#1706 = CARTESIAN_POINT('',(-29.6,11.45,115.185));
#1707 = SURFACE_CURVE('',#1708,(#1712,#1719),.PCURVE_S1.);
#1708 = LINE('',#1709,#1710);
#1709 = CARTESIAN_POINT('',(-29.6,-4.275,115.185));
#1710 = VECTOR('',#1711,1.);
#1711 = DIRECTION('',(0.,-1.,0.));
#1712 = PCURVE('',#156,#1713);
#1713 = DEFINITIONAL_REPRESENTATION('',(#1714),#1718);
#1714 = LINE('',#1715,#1716);
#1715 = CARTESIAN_POINT('',(5.4,15.725));
#1716 = VECTOR('',#1717,1.);
#1717 = DIRECTION('',(0.,-1.));
#1718 = ( GEOMETRIC_REPRESENTATION_CONTEXT(2) 
PARAMETRIC_REPRESENTATION_CONTEXT() REPRESENTATION_CONTEXT('2D SPACE',''
  ) );
#1719 = PCURVE('',#1570,#1720);
#1720 = DEFINITIONAL_REPRESENTATION('',(#1721),#1725);
#1721 = LINE('',#1722,#1723);
#1722 = CARTESIAN_POINT('',(15.725,-0.905));
#1723 = VECTOR('',#1724,1.);
#1724 = DIRECTION('',(1.,0.));
#1725 = ( GEOMETRIC_REPRESENTATION_CONTEXT(2) 
PARAMETRIC_REPRESENTATION_CONTEXT() REPRESENTATION_CONTEXT('2D SPACE',''
  ) );
#1726 = ORIENTED_EDGE('',*,*,#1727,.T.);
#1727 = EDGE_CURVE('',#1705,#1728,#1730,.T.);
#1728 = VERTEX_POINT('',#1729);
#1729 = CARTESIAN_POINT('',(-27.95,13.1,115.185));
#1730 = SURFACE_CURVE('',#1731,(#1736,#1747),.PCURVE_S1.);
#1731 = CIRCLE('',#1732,1.65);
#1732 = AXIS2_PLACEMENT_3D('',#1733,#1734,#1735);
#1733 = CARTESIAN_POINT('',(-27.95,11.45,115.185));
#1734 = DIRECTION('',(0.,0.,-1.));
#1735 = DIRECTION('',(1.,0.,0.));
#1736 = PCURVE('',#156,#1737);
#1737 = DEFINITIONAL_REPRESENTATION('',(#1738),#1746);
#1738 = ( BOUNDED_CURVE() B_SPLINE_CURVE(2,(#1739,#1740,#1741,#1742,
#1743,#1744,#1745),.UNSPECIFIED.,.T.,.F.) B_SPLINE_CURVE_WITH_KNOTS((1,2
    ,2,2,2,1),(-2.094395102393,0.,2.094395102393,4.188790204786,
6.28318530718,8.377580409573),.UNSPECIFIED.) CURVE() 
GEOMETRIC_REPRESENTATION_ITEM() RATIONAL_B_SPLINE_CURVE((1.,0.5,1.,0.5,
1.,0.5,1.)) REPRESENTATION_ITEM('') );
#1739 = CARTESIAN_POINT('',(8.7,31.45));
#1740 = CARTESIAN_POINT('',(8.7,28.592116167511));
#1741 = CARTESIAN_POINT('',(6.225,30.021058083756));
#1742 = CARTESIAN_POINT('',(3.75,31.45));
#1743 = CARTESIAN_POINT('',(6.225,32.878941916244));
#1744 = CARTESIAN_POINT('',(8.7,34.307883832489));
#1745 = CARTESIAN_POINT('',(8.7,31.45));
#1746 = ( GEOMETRIC_REPRESENTATION_CONTEXT(2) 
PARAMETRIC_REPRESENTATION_CONTEXT() REPRESENTATION_CONTEXT('2D SPACE',''
  ) );
#1747 = PCURVE('',#1748,#1753);
#1748 = CYLINDRICAL_SURFACE('',#1749,1.65);
#1749 = AXIS2_PLACEMENT_3D('',#1750,#1751,#1752);
#1750 = CARTESIAN_POINT('',(-27.95,11.45,114.28));
#1751 = DIRECTION('',(-0.,-0.,-1.));
#1752 = DIRECTION('',(1.,0.,0.));
#1753 = DEFINITIONAL_REPRESENTATION('',(#1754),#1758);
#1754 = LINE('',#1755,#1756);
#1755 = CARTESIAN_POINT('',(0.,-0.905));
#1756 = VECTOR('',#1757,1.);
#1757 = DIRECTION('',(1.,0.));
#1758 = ( GEOMETRIC_REPRESENTATION_CONTEXT(2) 
PARAMETRIC_REPRESENTATION_CONTEXT() REPRESENTATION_CONTEXT('2D SPACE',''
  ) );
#1759 = ORIENTED_EDGE('',*,*,#1760,.F.);
#1760 = EDGE_CURVE('',#1761,#1728,#1763,.T.);
#1761 = VERTEX_POINT('',#1762);
#1762 = CARTESIAN_POINT('',(27.95,13.1,115.185));
#1763 = SURFACE_CURVE('',#1764,(#1768,#1775),.PCURVE_S1.);
#1764 = LINE('',#1765,#1766);
#1765 = CARTESIAN_POINT('',(-3.525,13.1,115.185));
#1766 = VECTOR('',#1767,1.);
#1767 = DIRECTION('',(-1.,0.,0.));
#1768 = PCURVE('',#156,#1769);
#1769 = DEFINITIONAL_REPRESENTATION('',(#1770),#1774);
#1770 = LINE('',#1771,#1772);
#1771 = CARTESIAN_POINT('',(31.475,33.1));
#1772 = VECTOR('',#1773,1.);
#1773 = DIRECTION('',(-1.,0.));
#1774 = ( GEOMETRIC_REPRESENTATION_CONTEXT(2) 
PARAMETRIC_REPRESENTATION_CONTEXT() REPRESENTATION_CONTEXT('2D SPACE',''
  ) );
#1775 = PCURVE('',#1776,#1781);
#1776 = PLANE('',#1777);
#1777 = AXIS2_PLACEMENT_3D('',#1778,#1779,#1780);
#1778 = CARTESIAN_POINT('',(27.95,13.1,114.28));
#1779 = DIRECTION('',(0.,-1.,0.));
#1780 = DIRECTION('',(-1.,0.,0.));
#1781 = DEFINITIONAL_REPRESENTATION('',(#1782),#1786);
#1782 = LINE('',#1783,#1784);
#1783 = CARTESIAN_POINT('',(31.475,-0.905));
#1784 = VECTOR('',#1785,1.);
#1785 = DIRECTION('',(1.,0.));
#1786 = ( GEOMETRIC_REPRESENTATION_CONTEXT(2) 
PARAMETRIC_REPRESENTATION_CONTEXT() REPRESENTATION_CONTEXT('2D SPACE',''
  ) );
#1787 = ORIENTED_EDGE('',*,*,#1788,.T.);
#1788 = EDGE_CURVE('',#1761,#1789,#1791,.T.);
#1789 = VERTEX_POINT('',#1790);
#1790 = CARTESIAN_POINT('',(29.6,11.45,115.185));
#1791 = SURFACE_CURVE('',#1792,(#1797,#1808),.PCURVE_S1.);
#1792 = CIRCLE('',#1793,1.65);
#1793 = AXIS2_PLACEMENT_3D('',#1794,#1795,#1796);
#1794 = CARTESIAN_POINT('',(27.95,11.45,115.185));
#1795 = DIRECTION('',(0.,0.,-1.));
#1796 = DIRECTION('',(1.,0.,0.));
#1797 = PCURVE('',#156,#1798);
#1798 = DEFINITIONAL_REPRESENTATION('',(#1799),#1807);
#1799 = ( BOUNDED_CURVE() B_SPLINE_CURVE(2,(#1800,#1801,#1802,#1803,
#1804,#1805,#1806),.UNSPECIFIED.,.T.,.F.) B_SPLINE_CURVE_WITH_KNOTS((1,2
    ,2,2,2,1),(-2.094395102393,0.,2.094395102393,4.188790204786,
6.28318530718,8.377580409573),.UNSPECIFIED.) CURVE() 
GEOMETRIC_REPRESENTATION_ITEM() RATIONAL_B_SPLINE_CURVE((1.,0.5,1.,0.5,
1.,0.5,1.)) REPRESENTATION_ITEM('') );
#1800 = CARTESIAN_POINT('',(64.6,31.45));
#1801 = CARTESIAN_POINT('',(64.6,28.592116167511));
#1802 = CARTESIAN_POINT('',(62.125,30.021058083756));
#1803 = CARTESIAN_POINT('',(59.65,31.45));
#1804 = CARTESIAN_POINT('',(62.125,32.878941916244));
#1805 = CARTESIAN_POINT('',(64.6,34.307883832489));
#1806 = CARTESIAN_POINT('',(64.6,31.45));
#1807 = ( GEOMETRIC_REPRESENTATION_CONTEXT(2) 
PARAMETRIC_REPRESENTATION_CONTEXT() REPRESENTATION_CONTEXT('2D SPACE',''
  ) );
#1808 = PCURVE('',#1809,#1814);
#1809 = CYLINDRICAL_SURFACE('',#1810,1.65);
#1810 = AXIS2_PLACEMENT_3D('',#1811,#1812,#1813);
#1811 = CARTESIAN_POINT('',(27.95,11.45,114.28));
#1812 = DIRECTION('',(-0.,-0.,-1.));
#1813 = DIRECTION('',(1.,0.,0.));
#1814 = DEFINITIONAL_REPRESENTATION('',(#1815),#1819);
#1815 = LINE('',#1816,#1817);
#1816 = CARTESIAN_POINT('',(0.,-0.905));
#1817 = VECTOR('',#1818,1.);
#1818 = DIRECTION('',(1.,0.));
#1819 = ( GEOMETRIC_REPRESENTATION_CONTEXT(2) 
PARAMETRIC_REPRESENTATION_CONTEXT() REPRESENTATION_CONTEXT('2D SPACE',''
  ) );
#1820 = ORIENTED_EDGE('',*,*,#1821,.F.);
#1821 = EDGE_CURVE('',#1822,#1789,#1824,.T.);
#1822 = VERTEX_POINT('',#1823);
#1823 = CARTESIAN_POINT('',(29.6,-10.6,115.185));
#1824 = SURFACE_CURVE('',#1825,(#1829,#1836),.PCURVE_S1.);
#1825 = LINE('',#1826,#1827);
#1826 = CARTESIAN_POINT('',(29.6,-15.725,115.185));
#1827 = VECTOR('',#1828,1.);
#1828 = DIRECTION('',(0.,1.,-0.));
#1829 = PCURVE('',#156,#1830);
#1830 = DEFINITIONAL_REPRESENTATION('',(#1831),#1835);
#1831 = LINE('',#1832,#1833);
#1832 = CARTESIAN_POINT('',(64.6,4.275));
#1833 = VECTOR('',#1834,1.);
#1834 = DIRECTION('',(0.,1.));
#1835 = ( GEOMETRIC_REPRESENTATION_CONTEXT(2) 
PARAMETRIC_REPRESENTATION_CONTEXT() REPRESENTATION_CONTEXT('2D SPACE',''
  ) );
#1836 = PCURVE('',#1044,#1837);
#1837 = DEFINITIONAL_REPRESENTATION('',(#1838),#1842);
#1838 = LINE('',#1839,#1840);
#1839 = CARTESIAN_POINT('',(-4.275,-0.905));
#1840 = VECTOR('',#1841,1.);
#1841 = DIRECTION('',(1.,0.));
#1842 = ( GEOMETRIC_REPRESENTATION_CONTEXT(2) 
PARAMETRIC_REPRESENTATION_CONTEXT() REPRESENTATION_CONTEXT('2D SPACE',''
  ) );
#1843 = ORIENTED_EDGE('',*,*,#1844,.F.);
#1844 = EDGE_CURVE('',#1845,#1822,#1847,.T.);
#1845 = VERTEX_POINT('',#1846);
#1846 = CARTESIAN_POINT('',(30.,-10.6,115.185));
#1847 = SURFACE_CURVE('',#1848,(#1852,#1859),.PCURVE_S1.);
#1848 = LINE('',#1849,#1850);
#1849 = CARTESIAN_POINT('',(-33.5,-10.6,115.185));
#1850 = VECTOR('',#1851,1.);
#1851 = DIRECTION('',(-1.,0.,0.));
#1852 = PCURVE('',#156,#1853);
#1853 = DEFINITIONAL_REPRESENTATION('',(#1854),#1858);
#1854 = LINE('',#1855,#1856);
#1855 = CARTESIAN_POINT('',(1.5,9.4));
#1856 = VECTOR('',#1857,1.);
#1857 = DIRECTION('',(-1.,0.));
#1858 = ( GEOMETRIC_REPRESENTATION_CONTEXT(2) 
PARAMETRIC_REPRESENTATION_CONTEXT() REPRESENTATION_CONTEXT('2D SPACE',''
  ) );
#1859 = PCURVE('',#1016,#1860);
#1860 = DEFINITIONAL_REPRESENTATION('',(#1861),#1865);
#1861 = LINE('',#1862,#1863);
#1862 = CARTESIAN_POINT('',(0.735,-1.5));
#1863 = VECTOR('',#1864,1.);
#1864 = DIRECTION('',(0.,-1.));
#1865 = ( GEOMETRIC_REPRESENTATION_CONTEXT(2) 
PARAMETRIC_REPRESENTATION_CONTEXT() REPRESENTATION_CONTEXT('2D SPACE',''
  ) );
#1866 = ORIENTED_EDGE('',*,*,#1867,.F.);
#1867 = EDGE_CURVE('',#1868,#1845,#1870,.T.);
#1868 = VERTEX_POINT('',#1869);
#1869 = CARTESIAN_POINT('',(30.,11.5,115.185));
#1870 = SURFACE_CURVE('',#1871,(#1875,#1882),.PCURVE_S1.);
#1871 = LINE('',#1872,#1873);
#1872 = CARTESIAN_POINT('',(30.,-16.75,115.185));
#1873 = VECTOR('',#1874,1.);
#1874 = DIRECTION('',(0.,-1.,0.));
#1875 = PCURVE('',#156,#1876);
#1876 = DEFINITIONAL_REPRESENTATION('',(#1877),#1881);
#1877 = LINE('',#1878,#1879);
#1878 = CARTESIAN_POINT('',(65.,3.25));
#1879 = VECTOR('',#1880,1.);
#1880 = DIRECTION('',(0.,-1.));
#1881 = ( GEOMETRIC_REPRESENTATION_CONTEXT(2) 
PARAMETRIC_REPRESENTATION_CONTEXT() REPRESENTATION_CONTEXT('2D SPACE',''
  ) );
#1882 = PCURVE('',#299,#1883);
#1883 = DEFINITIONAL_REPRESENTATION('',(#1884),#1888);
#1884 = LINE('',#1885,#1886);
#1885 = CARTESIAN_POINT('',(-4.5E-02,3.25));
#1886 = VECTOR('',#1887,1.);
#1887 = DIRECTION('',(0.,1.));
#1888 = ( GEOMETRIC_REPRESENTATION_CONTEXT(2) 
PARAMETRIC_REPRESENTATION_CONTEXT() REPRESENTATION_CONTEXT('2D SPACE',''
  ) );
#1889 = ORIENTED_EDGE('',*,*,#1890,.T.);
#1890 = EDGE_CURVE('',#1868,#1658,#1891,.T.);
#1891 = SURFACE_CURVE('',#1892,(#1897,#1904),.PCURVE_S1.);
#1892 = CIRCLE('',#1893,2.);
#1893 = AXIS2_PLACEMENT_3D('',#1894,#1895,#1896);
#1894 = CARTESIAN_POINT('',(28.,11.5,115.185));
#1895 = DIRECTION('',(0.,0.,1.));
#1896 = DIRECTION('',(1.,0.,-0.));
#1897 = PCURVE('',#156,#1898);
#1898 = DEFINITIONAL_REPRESENTATION('',(#1899),#1903);
#1899 = CIRCLE('',#1900,2.);
#1900 = AXIS2_PLACEMENT_2D('',#1901,#1902);
#1901 = CARTESIAN_POINT('',(63.,31.5));
#1902 = DIRECTION('',(1.,0.));
#1903 = ( GEOMETRIC_REPRESENTATION_CONTEXT(2) 
PARAMETRIC_REPRESENTATION_CONTEXT() REPRESENTATION_CONTEXT('2D SPACE',''
  ) );
#1904 = PCURVE('',#328,#1905);
#1905 = DEFINITIONAL_REPRESENTATION('',(#1906),#1910);
#1906 = LINE('',#1907,#1908);
#1907 = CARTESIAN_POINT('',(0.,-4.500000000001E-02));
#1908 = VECTOR('',#1909,1.);
#1909 = DIRECTION('',(1.,0.));
#1910 = ( GEOMETRIC_REPRESENTATION_CONTEXT(2) 
PARAMETRIC_REPRESENTATION_CONTEXT() REPRESENTATION_CONTEXT('2D SPACE',''
  ) );
#1911 = ADVANCED_FACE('',(#1912),#182,.T.);
#1912 = FACE_BOUND('',#1913,.T.);
#1913 = EDGE_LOOP('',(#1914,#1935,#1936,#1937));
#1914 = ORIENTED_EDGE('',*,*,#1915,.T.);
#1915 = EDGE_CURVE('',#341,#1656,#1916,.T.);
#1916 = SURFACE_CURVE('',#1917,(#1921,#1928),.PCURVE_S1.);
#1917 = LINE('',#1918,#1919);
#1918 = CARTESIAN_POINT('',(-28.,13.5,118.23));
#1919 = VECTOR('',#1920,1.);
#1920 = DIRECTION('',(0.,0.,-1.));
#1921 = PCURVE('',#182,#1922);
#1922 = DEFINITIONAL_REPRESENTATION('',(#1923),#1927);
#1923 = LINE('',#1924,#1925);
#1924 = CARTESIAN_POINT('',(4.712388980385,3.));
#1925 = VECTOR('',#1926,1.);
#1926 = DIRECTION('',(0.,-1.));
#1927 = ( GEOMETRIC_REPRESENTATION_CONTEXT(2) 
PARAMETRIC_REPRESENTATION_CONTEXT() REPRESENTATION_CONTEXT('2D SPACE',''
  ) );
#1928 = PCURVE('',#356,#1929);
#1929 = DEFINITIONAL_REPRESENTATION('',(#1930),#1934);
#1930 = LINE('',#1931,#1932);
#1931 = CARTESIAN_POINT('',(3.,2.));
#1932 = VECTOR('',#1933,1.);
#1933 = DIRECTION('',(-1.,0.));
#1934 = ( GEOMETRIC_REPRESENTATION_CONTEXT(2) 
PARAMETRIC_REPRESENTATION_CONTEXT() REPRESENTATION_CONTEXT('2D SPACE',''
  ) );
#1935 = ORIENTED_EDGE('',*,*,#1680,.T.);
#1936 = ORIENTED_EDGE('',*,*,#168,.F.);
#1937 = ORIENTED_EDGE('',*,*,#368,.T.);
#1938 = ADVANCED_FACE('',(#1939),#238,.F.);
#1939 = FACE_BOUND('',#1940,.F.);
#1940 = EDGE_LOOP('',(#1941,#1962,#1963,#1986,#2009,#2037,#2060,#2081,
    #2082,#2083));
#1941 = ORIENTED_EDGE('',*,*,#1942,.F.);
#1942 = EDGE_CURVE('',#927,#223,#1943,.T.);
#1943 = SURFACE_CURVE('',#1944,(#1948,#1955),.PCURVE_S1.);
#1944 = LINE('',#1945,#1946);
#1945 = CARTESIAN_POINT('',(28.,-13.5,115.23));
#1946 = VECTOR('',#1947,1.);
#1947 = DIRECTION('',(0.,0.,1.));
#1948 = PCURVE('',#238,#1949);
#1949 = DEFINITIONAL_REPRESENTATION('',(#1950),#1954);
#1950 = LINE('',#1951,#1952);
#1951 = CARTESIAN_POINT('',(0.,58.));
#1952 = VECTOR('',#1953,1.);
#1953 = DIRECTION('',(1.,0.));
#1954 = ( GEOMETRIC_REPRESENTATION_CONTEXT(2) 
PARAMETRIC_REPRESENTATION_CONTEXT() REPRESENTATION_CONTEXT('2D SPACE',''
  ) );
#1955 = PCURVE('',#271,#1956);
#1956 = DEFINITIONAL_REPRESENTATION('',(#1957),#1961);
#1957 = LINE('',#1958,#1959);
#1958 = CARTESIAN_POINT('',(4.712388980385,0.));
#1959 = VECTOR('',#1960,1.);
#1960 = DIRECTION('',(-0.,1.));
#1961 = ( GEOMETRIC_REPRESENTATION_CONTEXT(2) 
PARAMETRIC_REPRESENTATION_CONTEXT() REPRESENTATION_CONTEXT('2D SPACE',''
  ) );
#1962 = ORIENTED_EDGE('',*,*,#926,.T.);
#1963 = ORIENTED_EDGE('',*,*,#1964,.T.);
#1964 = EDGE_CURVE('',#899,#1965,#1967,.T.);
#1965 = VERTEX_POINT('',#1966);
#1966 = CARTESIAN_POINT('',(10.4,-13.5,115.95));
#1967 = SURFACE_CURVE('',#1968,(#1972,#1979),.PCURVE_S1.);
#1968 = LINE('',#1969,#1970);
#1969 = CARTESIAN_POINT('',(10.4,-13.5,115.18));
#1970 = VECTOR('',#1971,1.);
#1971 = DIRECTION('',(0.,0.,1.));
#1972 = PCURVE('',#238,#1973);
#1973 = DEFINITIONAL_REPRESENTATION('',(#1974),#1978);
#1974 = LINE('',#1975,#1976);
#1975 = CARTESIAN_POINT('',(-5.E-02,40.4));
#1976 = VECTOR('',#1977,1.);
#1977 = DIRECTION('',(1.,0.));
#1978 = ( GEOMETRIC_REPRESENTATION_CONTEXT(2) 
PARAMETRIC_REPRESENTATION_CONTEXT() REPRESENTATION_CONTEXT('2D SPACE',''
  ) );
#1979 = PCURVE('',#914,#1980);
#1980 = DEFINITIONAL_REPRESENTATION('',(#1981),#1985);
#1981 = LINE('',#1982,#1983);
#1982 = CARTESIAN_POINT('',(0.,0.));
#1983 = VECTOR('',#1984,1.);
#1984 = DIRECTION('',(1.,0.));
#1985 = ( GEOMETRIC_REPRESENTATION_CONTEXT(2) 
PARAMETRIC_REPRESENTATION_CONTEXT() REPRESENTATION_CONTEXT('2D SPACE',''
  ) );
#1986 = ORIENTED_EDGE('',*,*,#1987,.T.);
#1987 = EDGE_CURVE('',#1965,#1988,#1990,.T.);
#1988 = VERTEX_POINT('',#1989);
#1989 = CARTESIAN_POINT('',(10.4,-13.5,117.45));
#1990 = SURFACE_CURVE('',#1991,(#1995,#2002),.PCURVE_S1.);
#1991 = LINE('',#1992,#1993);
#1992 = CARTESIAN_POINT('',(10.4,-13.5,115.18));
#1993 = VECTOR('',#1994,1.);
#1994 = DIRECTION('',(0.,0.,1.));
#1995 = PCURVE('',#238,#1996);
#1996 = DEFINITIONAL_REPRESENTATION('',(#1997),#2001);
#1997 = LINE('',#1998,#1999);
#1998 = CARTESIAN_POINT('',(-5.E-02,40.4));
#1999 = VECTOR('',#2000,1.);
#2000 = DIRECTION('',(1.,0.));
#2001 = ( GEOMETRIC_REPRESENTATION_CONTEXT(2) 
PARAMETRIC_REPRESENTATION_CONTEXT() REPRESENTATION_CONTEXT('2D SPACE',''
  ) );
#2002 = PCURVE('',#914,#2003);
#2003 = DEFINITIONAL_REPRESENTATION('',(#2004),#2008);
#2004 = LINE('',#2005,#2006);
#2005 = CARTESIAN_POINT('',(0.,0.));
#2006 = VECTOR('',#2007,1.);
#2007 = DIRECTION('',(1.,0.));
#2008 = ( GEOMETRIC_REPRESENTATION_CONTEXT(2) 
PARAMETRIC_REPRESENTATION_CONTEXT() REPRESENTATION_CONTEXT('2D SPACE',''
  ) );
#2009 = ORIENTED_EDGE('',*,*,#2010,.F.);
#2010 = EDGE_CURVE('',#2011,#1988,#2013,.T.);
#2011 = VERTEX_POINT('',#2012);
#2012 = CARTESIAN_POINT('',(-10.4,-13.5,117.45));
#2013 = SURFACE_CURVE('',#2014,(#2018,#2025),.PCURVE_S1.);
#2014 = LINE('',#2015,#2016);
#2015 = CARTESIAN_POINT('',(-10.4,-13.5,117.45));
#2016 = VECTOR('',#2017,1.);
#2017 = DIRECTION('',(1.,0.,-0.));
#2018 = PCURVE('',#238,#2019);
#2019 = DEFINITIONAL_REPRESENTATION('',(#2020),#2024);
#2020 = LINE('',#2021,#2022);
#2021 = CARTESIAN_POINT('',(2.22,19.6));
#2022 = VECTOR('',#2023,1.);
#2023 = DIRECTION('',(0.,1.));
#2024 = ( GEOMETRIC_REPRESENTATION_CONTEXT(2) 
PARAMETRIC_REPRESENTATION_CONTEXT() REPRESENTATION_CONTEXT('2D SPACE',''
  ) );
#2025 = PCURVE('',#2026,#2031);
#2026 = PLANE('',#2027);
#2027 = AXIS2_PLACEMENT_3D('',#2028,#2029,#2030);
#2028 = CARTESIAN_POINT('',(-10.4,-13.5,117.45));
#2029 = DIRECTION('',(0.,0.,1.));
#2030 = DIRECTION('',(1.,0.,-0.));
#2031 = DEFINITIONAL_REPRESENTATION('',(#2032),#2036);
#2032 = LINE('',#2033,#2034);
#2033 = CARTESIAN_POINT('',(0.,0.));
#2034 = VECTOR('',#2035,1.);
#2035 = DIRECTION('',(1.,0.));
#2036 = ( GEOMETRIC_REPRESENTATION_CONTEXT(2) 
PARAMETRIC_REPRESENTATION_CONTEXT() REPRESENTATION_CONTEXT('2D SPACE',''
  ) );
#2037 = ORIENTED_EDGE('',*,*,#2038,.F.);
#2038 = EDGE_CURVE('',#2039,#2011,#2041,.T.);
#2039 = VERTEX_POINT('',#2040);
#2040 = CARTESIAN_POINT('',(-10.4,-13.5,115.95));
#2041 = SURFACE_CURVE('',#2042,(#2046,#2053),.PCURVE_S1.);
#2042 = LINE('',#2043,#2044);
#2043 = CARTESIAN_POINT('',(-10.4,-13.5,115.18));
#2044 = VECTOR('',#2045,1.);
#2045 = DIRECTION('',(0.,0.,1.));
#2046 = PCURVE('',#238,#2047);
#2047 = DEFINITIONAL_REPRESENTATION('',(#2048),#2052);
#2048 = LINE('',#2049,#2050);
#2049 = CARTESIAN_POINT('',(-5.E-02,19.6));
#2050 = VECTOR('',#2051,1.);
#2051 = DIRECTION('',(1.,0.));
#2052 = ( GEOMETRIC_REPRESENTATION_CONTEXT(2) 
PARAMETRIC_REPRESENTATION_CONTEXT() REPRESENTATION_CONTEXT('2D SPACE',''
  ) );
#2053 = PCURVE('',#858,#2054);
#2054 = DEFINITIONAL_REPRESENTATION('',(#2055),#2059);
#2055 = LINE('',#2056,#2057);
#2056 = CARTESIAN_POINT('',(0.,0.));
#2057 = VECTOR('',#2058,1.);
#2058 = DIRECTION('',(1.,0.));
#2059 = ( GEOMETRIC_REPRESENTATION_CONTEXT(2) 
PARAMETRIC_REPRESENTATION_CONTEXT() REPRESENTATION_CONTEXT('2D SPACE',''
  ) );
#2060 = ORIENTED_EDGE('',*,*,#2061,.F.);
#2061 = EDGE_CURVE('',#820,#2039,#2062,.T.);
#2062 = SURFACE_CURVE('',#2063,(#2067,#2074),.PCURVE_S1.);
#2063 = LINE('',#2064,#2065);
#2064 = CARTESIAN_POINT('',(-10.4,-13.5,115.18));
#2065 = VECTOR('',#2066,1.);
#2066 = DIRECTION('',(0.,0.,1.));
#2067 = PCURVE('',#238,#2068);
#2068 = DEFINITIONAL_REPRESENTATION('',(#2069),#2073);
#2069 = LINE('',#2070,#2071);
#2070 = CARTESIAN_POINT('',(-5.E-02,19.6));
#2071 = VECTOR('',#2072,1.);
#2072 = DIRECTION('',(1.,0.));
#2073 = ( GEOMETRIC_REPRESENTATION_CONTEXT(2) 
PARAMETRIC_REPRESENTATION_CONTEXT() REPRESENTATION_CONTEXT('2D SPACE',''
  ) );
#2074 = PCURVE('',#858,#2075);
#2075 = DEFINITIONAL_REPRESENTATION('',(#2076),#2080);
#2076 = LINE('',#2077,#2078);
#2077 = CARTESIAN_POINT('',(0.,0.));
#2078 = VECTOR('',#2079,1.);
#2079 = DIRECTION('',(1.,0.));
#2080 = ( GEOMETRIC_REPRESENTATION_CONTEXT(2) 
PARAMETRIC_REPRESENTATION_CONTEXT() REPRESENTATION_CONTEXT('2D SPACE',''
  ) );
#2081 = ORIENTED_EDGE('',*,*,#819,.T.);
#2082 = ORIENTED_EDGE('',*,*,#791,.T.);
#2083 = ORIENTED_EDGE('',*,*,#222,.T.);
#2084 = ADVANCED_FACE('',(#2085),#271,.T.);
#2085 = FACE_BOUND('',#2086,.T.);
#2086 = EDGE_LOOP('',(#2087,#2108,#2109,#2110));
#2087 = ORIENTED_EDGE('',*,*,#2088,.T.);
#2088 = EDGE_CURVE('',#950,#251,#2089,.T.);
#2089 = SURFACE_CURVE('',#2090,(#2094,#2101),.PCURVE_S1.);
#2090 = LINE('',#2091,#2092);
#2091 = CARTESIAN_POINT('',(30.,-11.5,115.23));
#2092 = VECTOR('',#2093,1.);
#2093 = DIRECTION('',(0.,0.,1.));
#2094 = PCURVE('',#271,#2095);
#2095 = DEFINITIONAL_REPRESENTATION('',(#2096),#2100);
#2096 = LINE('',#2097,#2098);
#2097 = CARTESIAN_POINT('',(6.28318530718,0.));
#2098 = VECTOR('',#2099,1.);
#2099 = DIRECTION('',(-0.,1.));
#2100 = ( GEOMETRIC_REPRESENTATION_CONTEXT(2) 
PARAMETRIC_REPRESENTATION_CONTEXT() REPRESENTATION_CONTEXT('2D SPACE',''
  ) );
#2101 = PCURVE('',#299,#2102);
#2102 = DEFINITIONAL_REPRESENTATION('',(#2103),#2107);
#2103 = LINE('',#2104,#2105);
#2104 = CARTESIAN_POINT('',(0.,-2.));
#2105 = VECTOR('',#2106,1.);
#2106 = DIRECTION('',(1.,0.));
#2107 = ( GEOMETRIC_REPRESENTATION_CONTEXT(2) 
PARAMETRIC_REPRESENTATION_CONTEXT() REPRESENTATION_CONTEXT('2D SPACE',''
  ) );
#2108 = ORIENTED_EDGE('',*,*,#250,.T.);
#2109 = ORIENTED_EDGE('',*,*,#1942,.F.);
#2110 = ORIENTED_EDGE('',*,*,#949,.F.);
#2111 = ADVANCED_FACE('',(#2112),#299,.T.);
#2112 = FACE_BOUND('',#2113,.T.);
#2113 = EDGE_LOOP('',(#2114,#2115,#2116,#2117,#2138,#2139));
#2114 = ORIENTED_EDGE('',*,*,#283,.F.);
#2115 = ORIENTED_EDGE('',*,*,#2088,.F.);
#2116 = ORIENTED_EDGE('',*,*,#977,.T.);
#2117 = ORIENTED_EDGE('',*,*,#2118,.T.);
#2118 = EDGE_CURVE('',#978,#1845,#2119,.T.);
#2119 = SURFACE_CURVE('',#2120,(#2124,#2131),.PCURVE_S1.);
#2120 = LINE('',#2121,#2122);
#2121 = CARTESIAN_POINT('',(30.,-10.6,115.4775));
#2122 = VECTOR('',#2123,1.);
#2123 = DIRECTION('',(0.,0.,-1.));
#2124 = PCURVE('',#299,#2125);
#2125 = DEFINITIONAL_REPRESENTATION('',(#2126),#2130);
#2126 = LINE('',#2127,#2128);
#2127 = CARTESIAN_POINT('',(0.2475,-2.9));
#2128 = VECTOR('',#2129,1.);
#2129 = DIRECTION('',(-1.,0.));
#2130 = ( GEOMETRIC_REPRESENTATION_CONTEXT(2) 
PARAMETRIC_REPRESENTATION_CONTEXT() REPRESENTATION_CONTEXT('2D SPACE',''
  ) );
#2131 = PCURVE('',#1016,#2132);
#2132 = DEFINITIONAL_REPRESENTATION('',(#2133),#2137);
#2133 = LINE('',#2134,#2135);
#2134 = CARTESIAN_POINT('',(1.0275,62.));
#2135 = VECTOR('',#2136,1.);
#2136 = DIRECTION('',(-1.,0.));
#2137 = ( GEOMETRIC_REPRESENTATION_CONTEXT(2) 
PARAMETRIC_REPRESENTATION_CONTEXT() REPRESENTATION_CONTEXT('2D SPACE',''
  ) );
#2138 = ORIENTED_EDGE('',*,*,#1867,.F.);
#2139 = ORIENTED_EDGE('',*,*,#2140,.T.);
#2140 = EDGE_CURVE('',#1868,#284,#2141,.T.);
#2141 = SURFACE_CURVE('',#2142,(#2146,#2153),.PCURVE_S1.);
#2142 = LINE('',#2143,#2144);
#2143 = CARTESIAN_POINT('',(30.,11.5,115.185));
#2144 = VECTOR('',#2145,1.);
#2145 = DIRECTION('',(0.,0.,1.));
#2146 = PCURVE('',#299,#2147);
#2147 = DEFINITIONAL_REPRESENTATION('',(#2148),#2152);
#2148 = LINE('',#2149,#2150);
#2149 = CARTESIAN_POINT('',(-4.5E-02,-25.));
#2150 = VECTOR('',#2151,1.);
#2151 = DIRECTION('',(1.,0.));
#2152 = ( GEOMETRIC_REPRESENTATION_CONTEXT(2) 
PARAMETRIC_REPRESENTATION_CONTEXT() REPRESENTATION_CONTEXT('2D SPACE',''
  ) );
#2153 = PCURVE('',#328,#2154);
#2154 = DEFINITIONAL_REPRESENTATION('',(#2155),#2159);
#2155 = LINE('',#2156,#2157);
#2156 = CARTESIAN_POINT('',(-1.030286966852E-13,-4.500000000001E-02));
#2157 = VECTOR('',#2158,1.);
#2158 = DIRECTION('',(-0.,1.));
#2159 = ( GEOMETRIC_REPRESENTATION_CONTEXT(2) 
PARAMETRIC_REPRESENTATION_CONTEXT() REPRESENTATION_CONTEXT('2D SPACE',''
  ) );
#2160 = ADVANCED_FACE('',(#2161),#328,.T.);
#2161 = FACE_BOUND('',#2162,.T.);
#2162 = EDGE_LOOP('',(#2163,#2164,#2165,#2186));
#2163 = ORIENTED_EDGE('',*,*,#2140,.F.);
#2164 = ORIENTED_EDGE('',*,*,#1890,.T.);
#2165 = ORIENTED_EDGE('',*,*,#2166,.T.);
#2166 = EDGE_CURVE('',#1658,#312,#2167,.T.);
#2167 = SURFACE_CURVE('',#2168,(#2172,#2179),.PCURVE_S1.);
#2168 = LINE('',#2169,#2170);
#2169 = CARTESIAN_POINT('',(28.,13.5,115.185));
#2170 = VECTOR('',#2171,1.);
#2171 = DIRECTION('',(0.,0.,1.));
#2172 = PCURVE('',#328,#2173);
#2173 = DEFINITIONAL_REPRESENTATION('',(#2174),#2178);
#2174 = LINE('',#2175,#2176);
#2175 = CARTESIAN_POINT('',(1.570796326795,-4.500000000001E-02));
#2176 = VECTOR('',#2177,1.);
#2177 = DIRECTION('',(-0.,1.));
#2178 = ( GEOMETRIC_REPRESENTATION_CONTEXT(2) 
PARAMETRIC_REPRESENTATION_CONTEXT() REPRESENTATION_CONTEXT('2D SPACE',''
  ) );
#2179 = PCURVE('',#356,#2180);
#2180 = DEFINITIONAL_REPRESENTATION('',(#2181),#2185);
#2181 = LINE('',#2182,#2183);
#2182 = CARTESIAN_POINT('',(-4.5E-02,58.));
#2183 = VECTOR('',#2184,1.);
#2184 = DIRECTION('',(1.,0.));
#2185 = ( GEOMETRIC_REPRESENTATION_CONTEXT(2) 
PARAMETRIC_REPRESENTATION_CONTEXT() REPRESENTATION_CONTEXT('2D SPACE',''
  ) );
#2186 = ORIENTED_EDGE('',*,*,#311,.F.);
#2187 = ADVANCED_FACE('',(#2188),#356,.T.);
#2188 = FACE_BOUND('',#2189,.T.);
#2189 = EDGE_LOOP('',(#2190,#2191,#2192,#2193));
#2190 = ORIENTED_EDGE('',*,*,#2166,.F.);
#2191 = ORIENTED_EDGE('',*,*,#1655,.F.);
#2192 = ORIENTED_EDGE('',*,*,#1915,.F.);
#2193 = ORIENTED_EDGE('',*,*,#340,.T.);
#2194 = ADVANCED_FACE('',(#2195),#417,.F.);
#2195 = FACE_BOUND('',#2196,.F.);
#2196 = EDGE_LOOP('',(#2197,#2220,#2221,#2222));
#2197 = ORIENTED_EDGE('',*,*,#2198,.T.);
#2198 = EDGE_CURVE('',#2199,#397,#2201,.T.);
#2199 = VERTEX_POINT('',#2200);
#2200 = CARTESIAN_POINT('',(-22.25,-9.7,116.98));
#2201 = SEAM_CURVE('',#2202,(#2206,#2213),.PCURVE_S1.);
#2202 = LINE('',#2203,#2204);
#2203 = CARTESIAN_POINT('',(-22.25,-9.7,116.98));
#2204 = VECTOR('',#2205,1.);
#2205 = DIRECTION('',(0.,0.,1.));
#2206 = PCURVE('',#417,#2207);
#2207 = DEFINITIONAL_REPRESENTATION('',(#2208),#2212);
#2208 = LINE('',#2209,#2210);
#2209 = CARTESIAN_POINT('',(4.138911435803E-13,0.));
#2210 = VECTOR('',#2211,1.);
#2211 = DIRECTION('',(-0.,-1.));
#2212 = ( GEOMETRIC_REPRESENTATION_CONTEXT(2) 
PARAMETRIC_REPRESENTATION_CONTEXT() REPRESENTATION_CONTEXT('2D SPACE',''
  ) );
#2213 = PCURVE('',#417,#2214);
#2214 = DEFINITIONAL_REPRESENTATION('',(#2215),#2219);
#2215 = LINE('',#2216,#2217);
#2216 = CARTESIAN_POINT('',(6.283185307179,0.));
#2217 = VECTOR('',#2218,1.);
#2218 = DIRECTION('',(-0.,-1.));
#2219 = ( GEOMETRIC_REPRESENTATION_CONTEXT(2) 
PARAMETRIC_REPRESENTATION_CONTEXT() REPRESENTATION_CONTEXT('2D SPACE',''
  ) );
#2220 = ORIENTED_EDGE('',*,*,#396,.T.);
#2221 = ORIENTED_EDGE('',*,*,#2198,.F.);
#2222 = ORIENTED_EDGE('',*,*,#2223,.T.);
#2223 = EDGE_CURVE('',#2199,#2199,#2224,.T.);
#2224 = SURFACE_CURVE('',#2225,(#2230,#2237),.PCURVE_S1.);
#2225 = CIRCLE('',#2226,2.75);
#2226 = AXIS2_PLACEMENT_3D('',#2227,#2228,#2229);
#2227 = CARTESIAN_POINT('',(-25.,-9.7,116.98));
#2228 = DIRECTION('',(0.,0.,1.));
#2229 = DIRECTION('',(1.,0.,-0.));
#2230 = PCURVE('',#417,#2231);
#2231 = DEFINITIONAL_REPRESENTATION('',(#2232),#2236);
#2232 = LINE('',#2233,#2234);
#2233 = CARTESIAN_POINT('',(6.28318530718,0.));
#2234 = VECTOR('',#2235,1.);
#2235 = DIRECTION('',(-1.,0.));
#2236 = ( GEOMETRIC_REPRESENTATION_CONTEXT(2) 
PARAMETRIC_REPRESENTATION_CONTEXT() REPRESENTATION_CONTEXT('2D SPACE',''
  ) );
#2237 = PCURVE('',#2238,#2243);
#2238 = PLANE('',#2239);
#2239 = AXIS2_PLACEMENT_3D('',#2240,#2241,#2242);
#2240 = CARTESIAN_POINT('',(-25.,-9.7,116.98));
#2241 = DIRECTION('',(0.,0.,1.));
#2242 = DIRECTION('',(1.,0.,-0.));
#2243 = DEFINITIONAL_REPRESENTATION('',(#2244),#2248);
#2244 = CIRCLE('',#2245,2.75);
#2245 = AXIS2_PLACEMENT_2D('',#2246,#2247);
#2246 = CARTESIAN_POINT('',(0.,0.));
#2247 = DIRECTION('',(1.,0.));
#2248 = ( GEOMETRIC_REPRESENTATION_CONTEXT(2) 
PARAMETRIC_REPRESENTATION_CONTEXT() REPRESENTATION_CONTEXT('2D SPACE',''
  ) );
#2249 = ADVANCED_FACE('',(#2250),#452,.F.);
#2250 = FACE_BOUND('',#2251,.F.);
#2251 = EDGE_LOOP('',(#2252,#2275,#2276,#2277));
#2252 = ORIENTED_EDGE('',*,*,#2253,.T.);
#2253 = EDGE_CURVE('',#2254,#432,#2256,.T.);
#2254 = VERTEX_POINT('',#2255);
#2255 = CARTESIAN_POINT('',(27.75,-9.7,116.98));
#2256 = SEAM_CURVE('',#2257,(#2261,#2268),.PCURVE_S1.);
#2257 = LINE('',#2258,#2259);
#2258 = CARTESIAN_POINT('',(27.75,-9.7,116.98));
#2259 = VECTOR('',#2260,1.);
#2260 = DIRECTION('',(0.,0.,1.));
#2261 = PCURVE('',#452,#2262);
#2262 = DEFINITIONAL_REPRESENTATION('',(#2263),#2267);
#2263 = LINE('',#2264,#2265);
#2264 = CARTESIAN_POINT('',(4.138911435803E-13,0.));
#2265 = VECTOR('',#2266,1.);
#2266 = DIRECTION('',(-0.,-1.));
#2267 = ( GEOMETRIC_REPRESENTATION_CONTEXT(2) 
PARAMETRIC_REPRESENTATION_CONTEXT() REPRESENTATION_CONTEXT('2D SPACE',''
  ) );
#2268 = PCURVE('',#452,#2269);
#2269 = DEFINITIONAL_REPRESENTATION('',(#2270),#2274);
#2270 = LINE('',#2271,#2272);
#2271 = CARTESIAN_POINT('',(6.283185307179,0.));
#2272 = VECTOR('',#2273,1.);
#2273 = DIRECTION('',(-0.,-1.));
#2274 = ( GEOMETRIC_REPRESENTATION_CONTEXT(2) 
PARAMETRIC_REPRESENTATION_CONTEXT() REPRESENTATION_CONTEXT('2D SPACE',''
  ) );
#2275 = ORIENTED_EDGE('',*,*,#431,.T.);
#2276 = ORIENTED_EDGE('',*,*,#2253,.F.);
#2277 = ORIENTED_EDGE('',*,*,#2278,.T.);
#2278 = EDGE_CURVE('',#2254,#2254,#2279,.T.);
#2279 = SURFACE_CURVE('',#2280,(#2285,#2292),.PCURVE_S1.);
#2280 = CIRCLE('',#2281,2.75);
#2281 = AXIS2_PLACEMENT_3D('',#2282,#2283,#2284);
#2282 = CARTESIAN_POINT('',(25.,-9.7,116.98));
#2283 = DIRECTION('',(0.,0.,1.));
#2284 = DIRECTION('',(1.,0.,-0.));
#2285 = PCURVE('',#452,#2286);
#2286 = DEFINITIONAL_REPRESENTATION('',(#2287),#2291);
#2287 = LINE('',#2288,#2289);
#2288 = CARTESIAN_POINT('',(6.28318530718,0.));
#2289 = VECTOR('',#2290,1.);
#2290 = DIRECTION('',(-1.,0.));
#2291 = ( GEOMETRIC_REPRESENTATION_CONTEXT(2) 
PARAMETRIC_REPRESENTATION_CONTEXT() REPRESENTATION_CONTEXT('2D SPACE',''
  ) );
#2292 = PCURVE('',#2293,#2298);
#2293 = PLANE('',#2294);
#2294 = AXIS2_PLACEMENT_3D('',#2295,#2296,#2297);
#2295 = CARTESIAN_POINT('',(25.,-9.7,116.98));
#2296 = DIRECTION('',(0.,0.,1.));
#2297 = DIRECTION('',(1.,0.,-0.));
#2298 = DEFINITIONAL_REPRESENTATION('',(#2299),#2303);
#2299 = CIRCLE('',#2300,2.75);
#2300 = AXIS2_PLACEMENT_2D('',#2301,#2302);
#2301 = CARTESIAN_POINT('',(0.,0.));
#2302 = DIRECTION('',(1.,0.));
#2303 = ( GEOMETRIC_REPRESENTATION_CONTEXT(2) 
PARAMETRIC_REPRESENTATION_CONTEXT() REPRESENTATION_CONTEXT('2D SPACE',''
  ) );
#2304 = ADVANCED_FACE('',(#2305),#485,.F.);
#2305 = FACE_BOUND('',#2306,.F.);
#2306 = EDGE_LOOP('',(#2307,#2330,#2359,#2387,#2416,#2437));
#2307 = ORIENTED_EDGE('',*,*,#2308,.F.);
#2308 = EDGE_CURVE('',#2309,#467,#2311,.T.);
#2309 = VERTEX_POINT('',#2310);
#2310 = CARTESIAN_POINT('',(-15.8,-3.9,115.185));
#2311 = SURFACE_CURVE('',#2312,(#2316,#2323),.PCURVE_S1.);
#2312 = LINE('',#2313,#2314);
#2313 = CARTESIAN_POINT('',(-15.8,-3.9,115.185));
#2314 = VECTOR('',#2315,1.);
#2315 = DIRECTION('',(0.,0.,1.));
#2316 = PCURVE('',#485,#2317);
#2317 = DEFINITIONAL_REPRESENTATION('',(#2318),#2322);
#2318 = LINE('',#2319,#2320);
#2319 = CARTESIAN_POINT('',(0.,0.355));
#2320 = VECTOR('',#2321,1.);
#2321 = DIRECTION('',(-0.,1.));
#2322 = ( GEOMETRIC_REPRESENTATION_CONTEXT(2) 
PARAMETRIC_REPRESENTATION_CONTEXT() REPRESENTATION_CONTEXT('2D SPACE',''
  ) );
#2323 = PCURVE('',#513,#2324);
#2324 = DEFINITIONAL_REPRESENTATION('',(#2325),#2329);
#2325 = LINE('',#2326,#2327);
#2326 = CARTESIAN_POINT('',(0.355,-1.5));
#2327 = VECTOR('',#2328,1.);
#2328 = DIRECTION('',(1.,0.));
#2329 = ( GEOMETRIC_REPRESENTATION_CONTEXT(2) 
PARAMETRIC_REPRESENTATION_CONTEXT() REPRESENTATION_CONTEXT('2D SPACE',''
  ) );
#2330 = ORIENTED_EDGE('',*,*,#2331,.T.);
#2331 = EDGE_CURVE('',#2309,#2332,#2334,.T.);
#2332 = VERTEX_POINT('',#2333);
#2333 = CARTESIAN_POINT('',(-14.85432724827,-5.293815375803,115.185));
#2334 = SURFACE_CURVE('',#2335,(#2340,#2347),.PCURVE_S1.);
#2335 = CIRCLE('',#2336,1.5);
#2336 = AXIS2_PLACEMENT_3D('',#2337,#2338,#2339);
#2337 = CARTESIAN_POINT('',(-14.3,-3.9,115.185));
#2338 = DIRECTION('',(0.,0.,1.));
#2339 = DIRECTION('',(-1.,-0.,0.));
#2340 = PCURVE('',#485,#2341);
#2341 = DEFINITIONAL_REPRESENTATION('',(#2342),#2346);
#2342 = LINE('',#2343,#2344);
#2343 = CARTESIAN_POINT('',(0.,0.355));
#2344 = VECTOR('',#2345,1.);
#2345 = DIRECTION('',(1.,0.));
#2346 = ( GEOMETRIC_REPRESENTATION_CONTEXT(2) 
PARAMETRIC_REPRESENTATION_CONTEXT() REPRESENTATION_CONTEXT('2D SPACE',''
  ) );
#2347 = PCURVE('',#2348,#2353);
#2348 = PLANE('',#2349);
#2349 = AXIS2_PLACEMENT_3D('',#2350,#2351,#2352);
#2350 = CARTESIAN_POINT('',(-35.,-20.,115.185));
#2351 = DIRECTION('',(0.,0.,1.));
#2352 = DIRECTION('',(1.,0.,-0.));
#2353 = DEFINITIONAL_REPRESENTATION('',(#2354),#2358);
#2354 = CIRCLE('',#2355,1.5);
#2355 = AXIS2_PLACEMENT_2D('',#2356,#2357);
#2356 = CARTESIAN_POINT('',(20.7,16.1));
#2357 = DIRECTION('',(-1.,0.));
#2358 = ( GEOMETRIC_REPRESENTATION_CONTEXT(2) 
PARAMETRIC_REPRESENTATION_CONTEXT() REPRESENTATION_CONTEXT('2D SPACE',''
  ) );
#2359 = ORIENTED_EDGE('',*,*,#2360,.F.);
#2360 = EDGE_CURVE('',#2361,#2332,#2363,.T.);
#2361 = VERTEX_POINT('',#2362);
#2362 = CARTESIAN_POINT('',(-14.85432724827,-5.293815375803,116.63));
#2363 = SURFACE_CURVE('',#2364,(#2368,#2375),.PCURVE_S1.);
#2364 = LINE('',#2365,#2366);
#2365 = CARTESIAN_POINT('',(-14.85432724827,-5.293815375803,116.63));
#2366 = VECTOR('',#2367,1.);
#2367 = DIRECTION('',(0.,0.,-1.));
#2368 = PCURVE('',#485,#2369);
#2369 = DEFINITIONAL_REPRESENTATION('',(#2370),#2374);
#2370 = LINE('',#2371,#2372);
#2371 = CARTESIAN_POINT('',(1.192270021636,1.8));
#2372 = VECTOR('',#2373,1.);
#2373 = DIRECTION('',(-0.,-1.));
#2374 = ( GEOMETRIC_REPRESENTATION_CONTEXT(2) 
PARAMETRIC_REPRESENTATION_CONTEXT() REPRESENTATION_CONTEXT('2D SPACE',''
  ) );
#2375 = PCURVE('',#2376,#2381);
#2376 = CYLINDRICAL_SURFACE('',#2377,6.65);
#2377 = AXIS2_PLACEMENT_3D('',#2378,#2379,#2380);
#2378 = CARTESIAN_POINT('',(-9.5,-1.35,115.08));
#2379 = DIRECTION('',(-0.,-0.,-1.));
#2380 = DIRECTION('',(1.,0.,0.));
#2381 = DEFINITIONAL_REPRESENTATION('',(#2382),#2386);
#2382 = LINE('',#2383,#2384);
#2383 = CARTESIAN_POINT('',(2.50674489314,-1.55));
#2384 = VECTOR('',#2385,1.);
#2385 = DIRECTION('',(-0.,1.));
#2386 = ( GEOMETRIC_REPRESENTATION_CONTEXT(2) 
PARAMETRIC_REPRESENTATION_CONTEXT() REPRESENTATION_CONTEXT('2D SPACE',''
  ) );
#2387 = ORIENTED_EDGE('',*,*,#2388,.T.);
#2388 = EDGE_CURVE('',#2361,#2389,#2391,.T.);
#2389 = VERTEX_POINT('',#2390);
#2390 = CARTESIAN_POINT('',(-14.3,-5.4,116.63));
#2391 = SURFACE_CURVE('',#2392,(#2397,#2404),.PCURVE_S1.);
#2392 = CIRCLE('',#2393,1.5);
#2393 = AXIS2_PLACEMENT_3D('',#2394,#2395,#2396);
#2394 = CARTESIAN_POINT('',(-14.3,-3.9,116.63));
#2395 = DIRECTION('',(0.,0.,1.));
#2396 = DIRECTION('',(-1.,-0.,0.));
#2397 = PCURVE('',#485,#2398);
#2398 = DEFINITIONAL_REPRESENTATION('',(#2399),#2403);
#2399 = LINE('',#2400,#2401);
#2400 = CARTESIAN_POINT('',(0.,1.8));
#2401 = VECTOR('',#2402,1.);
#2402 = DIRECTION('',(1.,0.));
#2403 = ( GEOMETRIC_REPRESENTATION_CONTEXT(2) 
PARAMETRIC_REPRESENTATION_CONTEXT() REPRESENTATION_CONTEXT('2D SPACE',''
  ) );
#2404 = PCURVE('',#2405,#2410);
#2405 = PLANE('',#2406);
#2406 = AXIS2_PLACEMENT_3D('',#2407,#2408,#2409);
#2407 = CARTESIAN_POINT('',(-9.5,-1.35,116.63));
#2408 = DIRECTION('',(0.,0.,1.));
#2409 = DIRECTION('',(1.,0.,-0.));
#2410 = DEFINITIONAL_REPRESENTATION('',(#2411),#2415);
#2411 = CIRCLE('',#2412,1.5);
#2412 = AXIS2_PLACEMENT_2D('',#2413,#2414);
#2413 = CARTESIAN_POINT('',(-4.8,-2.55));
#2414 = DIRECTION('',(-1.,0.));
#2415 = ( GEOMETRIC_REPRESENTATION_CONTEXT(2) 
PARAMETRIC_REPRESENTATION_CONTEXT() REPRESENTATION_CONTEXT('2D SPACE',''
  ) );
#2416 = ORIENTED_EDGE('',*,*,#2417,.T.);
#2417 = EDGE_CURVE('',#2389,#469,#2418,.T.);
#2418 = SURFACE_CURVE('',#2419,(#2423,#2430),.PCURVE_S1.);
#2419 = LINE('',#2420,#2421);
#2420 = CARTESIAN_POINT('',(-14.3,-5.4,114.83));
#2421 = VECTOR('',#2422,1.);
#2422 = DIRECTION('',(0.,0.,1.));
#2423 = PCURVE('',#485,#2424);
#2424 = DEFINITIONAL_REPRESENTATION('',(#2425),#2429);
#2425 = LINE('',#2426,#2427);
#2426 = CARTESIAN_POINT('',(1.570796326795,0.));
#2427 = VECTOR('',#2428,1.);
#2428 = DIRECTION('',(0.,1.));
#2429 = ( GEOMETRIC_REPRESENTATION_CONTEXT(2) 
PARAMETRIC_REPRESENTATION_CONTEXT() REPRESENTATION_CONTEXT('2D SPACE',''
  ) );
#2430 = PCURVE('',#682,#2431);
#2431 = DEFINITIONAL_REPRESENTATION('',(#2432),#2436);
#2432 = LINE('',#2433,#2434);
#2433 = CARTESIAN_POINT('',(0.,1.5));
#2434 = VECTOR('',#2435,1.);
#2435 = DIRECTION('',(1.,0.));
#2436 = ( GEOMETRIC_REPRESENTATION_CONTEXT(2) 
PARAMETRIC_REPRESENTATION_CONTEXT() REPRESENTATION_CONTEXT('2D SPACE',''
  ) );
#2437 = ORIENTED_EDGE('',*,*,#466,.F.);
#2438 = ADVANCED_FACE('',(#2439),#513,.T.);
#2439 = FACE_BOUND('',#2440,.T.);
#2440 = EDGE_LOOP('',(#2441,#2442,#2443,#2466,#2494,#2522,#2545,#2568));
#2441 = ORIENTED_EDGE('',*,*,#497,.F.);
#2442 = ORIENTED_EDGE('',*,*,#2308,.F.);
#2443 = ORIENTED_EDGE('',*,*,#2444,.F.);
#2444 = EDGE_CURVE('',#2445,#2309,#2447,.T.);
#2445 = VERTEX_POINT('',#2446);
#2446 = CARTESIAN_POINT('',(-15.8,-3.478966885604,115.185));
#2447 = SURFACE_CURVE('',#2448,(#2452,#2459),.PCURVE_S1.);
#2448 = LINE('',#2449,#2450);
#2449 = CARTESIAN_POINT('',(-15.8,-12.7,115.185));
#2450 = VECTOR('',#2451,1.);
#2451 = DIRECTION('',(0.,-1.,0.));
#2452 = PCURVE('',#513,#2453);
#2453 = DEFINITIONAL_REPRESENTATION('',(#2454),#2458);
#2454 = LINE('',#2455,#2456);
#2455 = CARTESIAN_POINT('',(0.355,7.3));
#2456 = VECTOR('',#2457,1.);
#2457 = DIRECTION('',(0.,1.));
#2458 = ( GEOMETRIC_REPRESENTATION_CONTEXT(2) 
PARAMETRIC_REPRESENTATION_CONTEXT() REPRESENTATION_CONTEXT('2D SPACE',''
  ) );
#2459 = PCURVE('',#2348,#2460);
#2460 = DEFINITIONAL_REPRESENTATION('',(#2461),#2465);
#2461 = LINE('',#2462,#2463);
#2462 = CARTESIAN_POINT('',(19.2,7.3));
#2463 = VECTOR('',#2464,1.);
#2464 = DIRECTION('',(0.,-1.));
#2465 = ( GEOMETRIC_REPRESENTATION_CONTEXT(2) 
PARAMETRIC_REPRESENTATION_CONTEXT() REPRESENTATION_CONTEXT('2D SPACE',''
  ) );
#2466 = ORIENTED_EDGE('',*,*,#2467,.T.);
#2467 = EDGE_CURVE('',#2445,#2468,#2470,.T.);
#2468 = VERTEX_POINT('',#2469);
#2469 = CARTESIAN_POINT('',(-15.8,-3.478966885604,116.63));
#2470 = SURFACE_CURVE('',#2471,(#2475,#2482),.PCURVE_S1.);
#2471 = LINE('',#2472,#2473);
#2472 = CARTESIAN_POINT('',(-15.8,-3.478966885604,115.185));
#2473 = VECTOR('',#2474,1.);
#2474 = DIRECTION('',(0.,0.,1.));
#2475 = PCURVE('',#513,#2476);
#2476 = DEFINITIONAL_REPRESENTATION('',(#2477),#2481);
#2477 = LINE('',#2478,#2479);
#2478 = CARTESIAN_POINT('',(0.355,-1.921033114396));
#2479 = VECTOR('',#2480,1.);
#2480 = DIRECTION('',(1.,0.));
#2481 = ( GEOMETRIC_REPRESENTATION_CONTEXT(2) 
PARAMETRIC_REPRESENTATION_CONTEXT() REPRESENTATION_CONTEXT('2D SPACE',''
  ) );
#2482 = PCURVE('',#2483,#2488);
#2483 = CYLINDRICAL_SURFACE('',#2484,6.65);
#2484 = AXIS2_PLACEMENT_3D('',#2485,#2486,#2487);
#2485 = CARTESIAN_POINT('',(-9.5,-1.35,115.08));
#2486 = DIRECTION('',(-0.,-0.,-1.));
#2487 = DIRECTION('',(1.,0.,0.));
#2488 = DEFINITIONAL_REPRESENTATION('',(#2489),#2493);
#2489 = LINE('',#2490,#2491);
#2490 = CARTESIAN_POINT('',(2.815709696368,-0.105));
#2491 = VECTOR('',#2492,1.);
#2492 = DIRECTION('',(0.,-1.));
#2493 = ( GEOMETRIC_REPRESENTATION_CONTEXT(2) 
PARAMETRIC_REPRESENTATION_CONTEXT() REPRESENTATION_CONTEXT('2D SPACE',''
  ) );
#2494 = ORIENTED_EDGE('',*,*,#2495,.F.);
#2495 = EDGE_CURVE('',#2496,#2468,#2498,.T.);
#2496 = VERTEX_POINT('',#2497);
#2497 = CARTESIAN_POINT('',(-15.8,0.778966885604,116.63));
#2498 = SURFACE_CURVE('',#2499,(#2503,#2510),.PCURVE_S1.);
#2499 = LINE('',#2500,#2501);
#2500 = CARTESIAN_POINT('',(-15.8,-3.375,116.63));
#2501 = VECTOR('',#2502,1.);
#2502 = DIRECTION('',(0.,-1.,0.));
#2503 = PCURVE('',#513,#2504);
#2504 = DEFINITIONAL_REPRESENTATION('',(#2505),#2509);
#2505 = LINE('',#2506,#2507);
#2506 = CARTESIAN_POINT('',(1.8,-2.025));
#2507 = VECTOR('',#2508,1.);
#2508 = DIRECTION('',(0.,1.));
#2509 = ( GEOMETRIC_REPRESENTATION_CONTEXT(2) 
PARAMETRIC_REPRESENTATION_CONTEXT() REPRESENTATION_CONTEXT('2D SPACE',''
  ) );
#2510 = PCURVE('',#2511,#2516);
#2511 = PLANE('',#2512);
#2512 = AXIS2_PLACEMENT_3D('',#2513,#2514,#2515);
#2513 = CARTESIAN_POINT('',(-9.5,-1.35,116.63));
#2514 = DIRECTION('',(0.,0.,1.));
#2515 = DIRECTION('',(1.,0.,-0.));
#2516 = DEFINITIONAL_REPRESENTATION('',(#2517),#2521);
#2517 = LINE('',#2518,#2519);
#2518 = CARTESIAN_POINT('',(-6.3,-2.025));
#2519 = VECTOR('',#2520,1.);
#2520 = DIRECTION('',(0.,-1.));
#2521 = ( GEOMETRIC_REPRESENTATION_CONTEXT(2) 
PARAMETRIC_REPRESENTATION_CONTEXT() REPRESENTATION_CONTEXT('2D SPACE',''
  ) );
#2522 = ORIENTED_EDGE('',*,*,#2523,.T.);
#2523 = EDGE_CURVE('',#2496,#2524,#2526,.T.);
#2524 = VERTEX_POINT('',#2525);
#2525 = CARTESIAN_POINT('',(-15.8,0.778966885604,115.185));
#2526 = SURFACE_CURVE('',#2527,(#2531,#2538),.PCURVE_S1.);
#2527 = LINE('',#2528,#2529);
#2528 = CARTESIAN_POINT('',(-15.8,0.778966885604,116.63));
#2529 = VECTOR('',#2530,1.);
#2530 = DIRECTION('',(0.,0.,-1.));
#2531 = PCURVE('',#513,#2532);
#2532 = DEFINITIONAL_REPRESENTATION('',(#2533),#2537);
#2533 = LINE('',#2534,#2535);
#2534 = CARTESIAN_POINT('',(1.8,-6.178966885604));
#2535 = VECTOR('',#2536,1.);
#2536 = DIRECTION('',(-1.,0.));
#2537 = ( GEOMETRIC_REPRESENTATION_CONTEXT(2) 
PARAMETRIC_REPRESENTATION_CONTEXT() REPRESENTATION_CONTEXT('2D SPACE',''
  ) );
#2538 = PCURVE('',#2483,#2539);
#2539 = DEFINITIONAL_REPRESENTATION('',(#2540),#2544);
#2540 = LINE('',#2541,#2542);
#2541 = CARTESIAN_POINT('',(3.467475610811,-1.55));
#2542 = VECTOR('',#2543,1.);
#2543 = DIRECTION('',(3.552713678801E-15,1.));
#2544 = ( GEOMETRIC_REPRESENTATION_CONTEXT(2) 
PARAMETRIC_REPRESENTATION_CONTEXT() REPRESENTATION_CONTEXT('2D SPACE',''
  ) );
#2545 = ORIENTED_EDGE('',*,*,#2546,.F.);
#2546 = EDGE_CURVE('',#2547,#2524,#2549,.T.);
#2547 = VERTEX_POINT('',#2548);
#2548 = CARTESIAN_POINT('',(-15.8,1.2,115.185));
#2549 = SURFACE_CURVE('',#2550,(#2554,#2561),.PCURVE_S1.);
#2550 = LINE('',#2551,#2552);
#2551 = CARTESIAN_POINT('',(-15.8,-12.7,115.185));
#2552 = VECTOR('',#2553,1.);
#2553 = DIRECTION('',(0.,-1.,0.));
#2554 = PCURVE('',#513,#2555);
#2555 = DEFINITIONAL_REPRESENTATION('',(#2556),#2560);
#2556 = LINE('',#2557,#2558);
#2557 = CARTESIAN_POINT('',(0.355,7.3));
#2558 = VECTOR('',#2559,1.);
#2559 = DIRECTION('',(0.,1.));
#2560 = ( GEOMETRIC_REPRESENTATION_CONTEXT(2) 
PARAMETRIC_REPRESENTATION_CONTEXT() REPRESENTATION_CONTEXT('2D SPACE',''
  ) );
#2561 = PCURVE('',#2348,#2562);
#2562 = DEFINITIONAL_REPRESENTATION('',(#2563),#2567);
#2563 = LINE('',#2564,#2565);
#2564 = CARTESIAN_POINT('',(19.2,7.3));
#2565 = VECTOR('',#2566,1.);
#2566 = DIRECTION('',(0.,-1.));
#2567 = ( GEOMETRIC_REPRESENTATION_CONTEXT(2) 
PARAMETRIC_REPRESENTATION_CONTEXT() REPRESENTATION_CONTEXT('2D SPACE',''
  ) );
#2568 = ORIENTED_EDGE('',*,*,#2569,.T.);
#2569 = EDGE_CURVE('',#2547,#498,#2570,.T.);
#2570 = SURFACE_CURVE('',#2571,(#2575,#2582),.PCURVE_S1.);
#2571 = LINE('',#2572,#2573);
#2572 = CARTESIAN_POINT('',(-15.8,1.2,115.185));
#2573 = VECTOR('',#2574,1.);
#2574 = DIRECTION('',(0.,0.,1.));
#2575 = PCURVE('',#513,#2576);
#2576 = DEFINITIONAL_REPRESENTATION('',(#2577),#2581);
#2577 = LINE('',#2578,#2579);
#2578 = CARTESIAN_POINT('',(0.355,-6.6));
#2579 = VECTOR('',#2580,1.);
#2580 = DIRECTION('',(1.,0.));
#2581 = ( GEOMETRIC_REPRESENTATION_CONTEXT(2) 
PARAMETRIC_REPRESENTATION_CONTEXT() REPRESENTATION_CONTEXT('2D SPACE',''
  ) );
#2582 = PCURVE('',#542,#2583);
#2583 = DEFINITIONAL_REPRESENTATION('',(#2584),#2588);
#2584 = LINE('',#2585,#2586);
#2585 = CARTESIAN_POINT('',(6.28318530718,0.355));
#2586 = VECTOR('',#2587,1.);
#2587 = DIRECTION('',(-0.,1.));
#2588 = ( GEOMETRIC_REPRESENTATION_CONTEXT(2) 
PARAMETRIC_REPRESENTATION_CONTEXT() REPRESENTATION_CONTEXT('2D SPACE',''
  ) );
#2589 = ADVANCED_FACE('',(#2590),#542,.F.);
#2590 = FACE_BOUND('',#2591,.F.);
#2591 = EDGE_LOOP('',(#2592,#2593,#2616,#2645,#2673,#2695));
#2592 = ORIENTED_EDGE('',*,*,#525,.F.);
#2593 = ORIENTED_EDGE('',*,*,#2594,.F.);
#2594 = EDGE_CURVE('',#2595,#526,#2597,.T.);
#2595 = VERTEX_POINT('',#2596);
#2596 = CARTESIAN_POINT('',(-14.3,2.7,116.63));
#2597 = SURFACE_CURVE('',#2598,(#2602,#2609),.PCURVE_S1.);
#2598 = LINE('',#2599,#2600);
#2599 = CARTESIAN_POINT('',(-14.3,2.7,114.83));
#2600 = VECTOR('',#2601,1.);
#2601 = DIRECTION('',(0.,0.,1.));
#2602 = PCURVE('',#542,#2603);
#2603 = DEFINITIONAL_REPRESENTATION('',(#2604),#2608);
#2604 = LINE('',#2605,#2606);
#2605 = CARTESIAN_POINT('',(4.712388980385,0.));
#2606 = VECTOR('',#2607,1.);
#2607 = DIRECTION('',(-0.,1.));
#2608 = ( GEOMETRIC_REPRESENTATION_CONTEXT(2) 
PARAMETRIC_REPRESENTATION_CONTEXT() REPRESENTATION_CONTEXT('2D SPACE',''
  ) );
#2609 = PCURVE('',#570,#2610);
#2610 = DEFINITIONAL_REPRESENTATION('',(#2611),#2615);
#2611 = LINE('',#2612,#2613);
#2612 = CARTESIAN_POINT('',(0.,1.5));
#2613 = VECTOR('',#2614,1.);
#2614 = DIRECTION('',(1.,0.));
#2615 = ( GEOMETRIC_REPRESENTATION_CONTEXT(2) 
PARAMETRIC_REPRESENTATION_CONTEXT() REPRESENTATION_CONTEXT('2D SPACE',''
  ) );
#2616 = ORIENTED_EDGE('',*,*,#2617,.T.);
#2617 = EDGE_CURVE('',#2595,#2618,#2620,.T.);
#2618 = VERTEX_POINT('',#2619);
#2619 = CARTESIAN_POINT('',(-14.85432724827,2.593815375803,116.63));
#2620 = SURFACE_CURVE('',#2621,(#2626,#2633),.PCURVE_S1.);
#2621 = CIRCLE('',#2622,1.5);
#2622 = AXIS2_PLACEMENT_3D('',#2623,#2624,#2625);
#2623 = CARTESIAN_POINT('',(-14.3,1.2,116.63));
#2624 = DIRECTION('',(0.,0.,1.));
#2625 = DIRECTION('',(-1.,-0.,0.));
#2626 = PCURVE('',#542,#2627);
#2627 = DEFINITIONAL_REPRESENTATION('',(#2628),#2632);
#2628 = LINE('',#2629,#2630);
#2629 = CARTESIAN_POINT('',(-4.138911435803E-13,1.8));
#2630 = VECTOR('',#2631,1.);
#2631 = DIRECTION('',(1.,-0.));
#2632 = ( GEOMETRIC_REPRESENTATION_CONTEXT(2) 
PARAMETRIC_REPRESENTATION_CONTEXT() REPRESENTATION_CONTEXT('2D SPACE',''
  ) );
#2633 = PCURVE('',#2634,#2639);
#2634 = PLANE('',#2635);
#2635 = AXIS2_PLACEMENT_3D('',#2636,#2637,#2638);
#2636 = CARTESIAN_POINT('',(-9.5,-1.35,116.63));
#2637 = DIRECTION('',(0.,0.,1.));
#2638 = DIRECTION('',(1.,0.,-0.));
#2639 = DEFINITIONAL_REPRESENTATION('',(#2640),#2644);
#2640 = CIRCLE('',#2641,1.5);
#2641 = AXIS2_PLACEMENT_2D('',#2642,#2643);
#2642 = CARTESIAN_POINT('',(-4.8,2.55));
#2643 = DIRECTION('',(-1.,0.));
#2644 = ( GEOMETRIC_REPRESENTATION_CONTEXT(2) 
PARAMETRIC_REPRESENTATION_CONTEXT() REPRESENTATION_CONTEXT('2D SPACE',''
  ) );
#2645 = ORIENTED_EDGE('',*,*,#2646,.F.);
#2646 = EDGE_CURVE('',#2647,#2618,#2649,.T.);
#2647 = VERTEX_POINT('',#2648);
#2648 = CARTESIAN_POINT('',(-14.85432724827,2.593815375803,115.185));
#2649 = SURFACE_CURVE('',#2650,(#2654,#2661),.PCURVE_S1.);
#2650 = LINE('',#2651,#2652);
#2651 = CARTESIAN_POINT('',(-14.85432724827,2.593815375803,115.185));
#2652 = VECTOR('',#2653,1.);
#2653 = DIRECTION('',(0.,0.,1.));
#2654 = PCURVE('',#542,#2655);
#2655 = DEFINITIONAL_REPRESENTATION('',(#2656),#2660);
#2656 = LINE('',#2657,#2658);
#2657 = CARTESIAN_POINT('',(5.090915285543,0.355));
#2658 = VECTOR('',#2659,1.);
#2659 = DIRECTION('',(-0.,1.));
#2660 = ( GEOMETRIC_REPRESENTATION_CONTEXT(2) 
PARAMETRIC_REPRESENTATION_CONTEXT() REPRESENTATION_CONTEXT('2D SPACE',''
  ) );
#2661 = PCURVE('',#2662,#2667);
#2662 = CYLINDRICAL_SURFACE('',#2663,6.65);
#2663 = AXIS2_PLACEMENT_3D('',#2664,#2665,#2666);
#2664 = CARTESIAN_POINT('',(-9.5,-1.35,115.08));
#2665 = DIRECTION('',(-0.,-0.,-1.));
#2666 = DIRECTION('',(1.,0.,0.));
#2667 = DEFINITIONAL_REPRESENTATION('',(#2668),#2672);
#2668 = LINE('',#2669,#2670);
#2669 = CARTESIAN_POINT('',(3.77644041404,-0.105));
#2670 = VECTOR('',#2671,1.);
#2671 = DIRECTION('',(0.,-1.));
#2672 = ( GEOMETRIC_REPRESENTATION_CONTEXT(2) 
PARAMETRIC_REPRESENTATION_CONTEXT() REPRESENTATION_CONTEXT('2D SPACE',''
  ) );
#2673 = ORIENTED_EDGE('',*,*,#2674,.T.);
#2674 = EDGE_CURVE('',#2647,#2547,#2675,.T.);
#2675 = SURFACE_CURVE('',#2676,(#2681,#2688),.PCURVE_S1.);
#2676 = CIRCLE('',#2677,1.5);
#2677 = AXIS2_PLACEMENT_3D('',#2678,#2679,#2680);
#2678 = CARTESIAN_POINT('',(-14.3,1.2,115.185));
#2679 = DIRECTION('',(0.,0.,1.));
#2680 = DIRECTION('',(-1.,-0.,0.));
#2681 = PCURVE('',#542,#2682);
#2682 = DEFINITIONAL_REPRESENTATION('',(#2683),#2687);
#2683 = LINE('',#2684,#2685);
#2684 = CARTESIAN_POINT('',(0.,0.355));
#2685 = VECTOR('',#2686,1.);
#2686 = DIRECTION('',(1.,0.));
#2687 = ( GEOMETRIC_REPRESENTATION_CONTEXT(2) 
PARAMETRIC_REPRESENTATION_CONTEXT() REPRESENTATION_CONTEXT('2D SPACE',''
  ) );
#2688 = PCURVE('',#2348,#2689);
#2689 = DEFINITIONAL_REPRESENTATION('',(#2690),#2694);
#2690 = CIRCLE('',#2691,1.5);
#2691 = AXIS2_PLACEMENT_2D('',#2692,#2693);
#2692 = CARTESIAN_POINT('',(20.7,21.2));
#2693 = DIRECTION('',(-1.,0.));
#2694 = ( GEOMETRIC_REPRESENTATION_CONTEXT(2) 
PARAMETRIC_REPRESENTATION_CONTEXT() REPRESENTATION_CONTEXT('2D SPACE',''
  ) );
#2695 = ORIENTED_EDGE('',*,*,#2569,.T.);
#2696 = ADVANCED_FACE('',(#2697),#570,.F.);
#2697 = FACE_BOUND('',#2698,.F.);
#2698 = EDGE_LOOP('',(#2699,#2722,#2750,#2778,#2801,#2824,#2845,#2846));
#2699 = ORIENTED_EDGE('',*,*,#2700,.F.);
#2700 = EDGE_CURVE('',#2701,#555,#2703,.T.);
#2701 = VERTEX_POINT('',#2702);
#2702 = CARTESIAN_POINT('',(14.3,2.7,116.63));
#2703 = SURFACE_CURVE('',#2704,(#2708,#2715),.PCURVE_S1.);
#2704 = LINE('',#2705,#2706);
#2705 = CARTESIAN_POINT('',(14.3,2.7,114.83));
#2706 = VECTOR('',#2707,1.);
#2707 = DIRECTION('',(0.,0.,1.));
#2708 = PCURVE('',#570,#2709);
#2709 = DEFINITIONAL_REPRESENTATION('',(#2710),#2714);
#2710 = LINE('',#2711,#2712);
#2711 = CARTESIAN_POINT('',(0.,30.1));
#2712 = VECTOR('',#2713,1.);
#2713 = DIRECTION('',(1.,0.));
#2714 = ( GEOMETRIC_REPRESENTATION_CONTEXT(2) 
PARAMETRIC_REPRESENTATION_CONTEXT() REPRESENTATION_CONTEXT('2D SPACE',''
  ) );
#2715 = PCURVE('',#599,#2716);
#2716 = DEFINITIONAL_REPRESENTATION('',(#2717),#2721);
#2717 = LINE('',#2718,#2719);
#2718 = CARTESIAN_POINT('',(1.570796326795,0.));
#2719 = VECTOR('',#2720,1.);
#2720 = DIRECTION('',(0.,1.));
#2721 = ( GEOMETRIC_REPRESENTATION_CONTEXT(2) 
PARAMETRIC_REPRESENTATION_CONTEXT() REPRESENTATION_CONTEXT('2D SPACE',''
  ) );
#2722 = ORIENTED_EDGE('',*,*,#2723,.F.);
#2723 = EDGE_CURVE('',#2724,#2701,#2726,.T.);
#2724 = VERTEX_POINT('',#2725);
#2725 = CARTESIAN_POINT('',(4.225533202304,2.7,116.63));
#2726 = SURFACE_CURVE('',#2727,(#2731,#2738),.PCURVE_S1.);
#2727 = LINE('',#2728,#2729);
#2728 = CARTESIAN_POINT('',(-3.15,2.7,116.63));
#2729 = VECTOR('',#2730,1.);
#2730 = DIRECTION('',(1.,0.,0.));
#2731 = PCURVE('',#570,#2732);
#2732 = DEFINITIONAL_REPRESENTATION('',(#2733),#2737);
#2733 = LINE('',#2734,#2735);
#2734 = CARTESIAN_POINT('',(1.8,12.65));
#2735 = VECTOR('',#2736,1.);
#2736 = DIRECTION('',(0.,1.));
#2737 = ( GEOMETRIC_REPRESENTATION_CONTEXT(2) 
PARAMETRIC_REPRESENTATION_CONTEXT() REPRESENTATION_CONTEXT('2D SPACE',''
  ) );
#2738 = PCURVE('',#2739,#2744);
#2739 = PLANE('',#2740);
#2740 = AXIS2_PLACEMENT_3D('',#2741,#2742,#2743);
#2741 = CARTESIAN_POINT('',(9.5,-1.35,116.63));
#2742 = DIRECTION('',(0.,0.,1.));
#2743 = DIRECTION('',(1.,0.,-0.));
#2744 = DEFINITIONAL_REPRESENTATION('',(#2745),#2749);
#2745 = LINE('',#2746,#2747);
#2746 = CARTESIAN_POINT('',(-12.65,4.05));
#2747 = VECTOR('',#2748,1.);
#2748 = DIRECTION('',(1.,0.));
#2749 = ( GEOMETRIC_REPRESENTATION_CONTEXT(2) 
PARAMETRIC_REPRESENTATION_CONTEXT() REPRESENTATION_CONTEXT('2D SPACE',''
  ) );
#2750 = ORIENTED_EDGE('',*,*,#2751,.F.);
#2751 = EDGE_CURVE('',#2752,#2724,#2754,.T.);
#2752 = VERTEX_POINT('',#2753);
#2753 = CARTESIAN_POINT('',(4.225533202304,2.7,115.185));
#2754 = SURFACE_CURVE('',#2755,(#2759,#2766),.PCURVE_S1.);
#2755 = LINE('',#2756,#2757);
#2756 = CARTESIAN_POINT('',(4.225533202304,2.7,115.185));
#2757 = VECTOR('',#2758,1.);
#2758 = DIRECTION('',(0.,0.,1.));
#2759 = PCURVE('',#570,#2760);
#2760 = DEFINITIONAL_REPRESENTATION('',(#2761),#2765);
#2761 = LINE('',#2762,#2763);
#2762 = CARTESIAN_POINT('',(0.355,20.025533202304));
#2763 = VECTOR('',#2764,1.);
#2764 = DIRECTION('',(1.,0.));
#2765 = ( GEOMETRIC_REPRESENTATION_CONTEXT(2) 
PARAMETRIC_REPRESENTATION_CONTEXT() REPRESENTATION_CONTEXT('2D SPACE',''
  ) );
#2766 = PCURVE('',#2767,#2772);
#2767 = CYLINDRICAL_SURFACE('',#2768,6.65);
#2768 = AXIS2_PLACEMENT_3D('',#2769,#2770,#2771);
#2769 = CARTESIAN_POINT('',(9.5,-1.35,115.08));
#2770 = DIRECTION('',(-0.,-0.,-1.));
#2771 = DIRECTION('',(1.,0.,0.));
#2772 = DEFINITIONAL_REPRESENTATION('',(#2773),#2777);
#2773 = LINE('',#2774,#2775);
#2774 = CARTESIAN_POINT('',(3.79642030853,-0.105));
#2775 = VECTOR('',#2776,1.);
#2776 = DIRECTION('',(0.,-1.));
#2777 = ( GEOMETRIC_REPRESENTATION_CONTEXT(2) 
PARAMETRIC_REPRESENTATION_CONTEXT() REPRESENTATION_CONTEXT('2D SPACE',''
  ) );
#2778 = ORIENTED_EDGE('',*,*,#2779,.F.);
#2779 = EDGE_CURVE('',#2780,#2752,#2782,.T.);
#2780 = VERTEX_POINT('',#2781);
#2781 = CARTESIAN_POINT('',(-4.225533202304,2.7,115.185));
#2782 = SURFACE_CURVE('',#2783,(#2787,#2794),.PCURVE_S1.);
#2783 = LINE('',#2784,#2785);
#2784 = CARTESIAN_POINT('',(-25.4,2.7,115.185));
#2785 = VECTOR('',#2786,1.);
#2786 = DIRECTION('',(1.,0.,0.));
#2787 = PCURVE('',#570,#2788);
#2788 = DEFINITIONAL_REPRESENTATION('',(#2789),#2793);
#2789 = LINE('',#2790,#2791);
#2790 = CARTESIAN_POINT('',(0.355,-9.6));
#2791 = VECTOR('',#2792,1.);
#2792 = DIRECTION('',(0.,1.));
#2793 = ( GEOMETRIC_REPRESENTATION_CONTEXT(2) 
PARAMETRIC_REPRESENTATION_CONTEXT() REPRESENTATION_CONTEXT('2D SPACE',''
  ) );
#2794 = PCURVE('',#2348,#2795);
#2795 = DEFINITIONAL_REPRESENTATION('',(#2796),#2800);
#2796 = LINE('',#2797,#2798);
#2797 = CARTESIAN_POINT('',(9.6,22.7));
#2798 = VECTOR('',#2799,1.);
#2799 = DIRECTION('',(1.,0.));
#2800 = ( GEOMETRIC_REPRESENTATION_CONTEXT(2) 
PARAMETRIC_REPRESENTATION_CONTEXT() REPRESENTATION_CONTEXT('2D SPACE',''
  ) );
#2801 = ORIENTED_EDGE('',*,*,#2802,.F.);
#2802 = EDGE_CURVE('',#2803,#2780,#2805,.T.);
#2803 = VERTEX_POINT('',#2804);
#2804 = CARTESIAN_POINT('',(-4.225533202304,2.7,116.63));
#2805 = SURFACE_CURVE('',#2806,(#2810,#2817),.PCURVE_S1.);
#2806 = LINE('',#2807,#2808);
#2807 = CARTESIAN_POINT('',(-4.225533202304,2.7,116.63));
#2808 = VECTOR('',#2809,1.);
#2809 = DIRECTION('',(0.,0.,-1.));
#2810 = PCURVE('',#570,#2811);
#2811 = DEFINITIONAL_REPRESENTATION('',(#2812),#2816);
#2812 = LINE('',#2813,#2814);
#2813 = CARTESIAN_POINT('',(1.8,11.574466797696));
#2814 = VECTOR('',#2815,1.);
#2815 = DIRECTION('',(-1.,0.));
#2816 = ( GEOMETRIC_REPRESENTATION_CONTEXT(2) 
PARAMETRIC_REPRESENTATION_CONTEXT() REPRESENTATION_CONTEXT('2D SPACE',''
  ) );
#2817 = PCURVE('',#2662,#2818);
#2818 = DEFINITIONAL_REPRESENTATION('',(#2819),#2823);
#2819 = LINE('',#2820,#2821);
#2820 = CARTESIAN_POINT('',(5.628357652239,-1.55));
#2821 = VECTOR('',#2822,1.);
#2822 = DIRECTION('',(0.,1.));
#2823 = ( GEOMETRIC_REPRESENTATION_CONTEXT(2) 
PARAMETRIC_REPRESENTATION_CONTEXT() REPRESENTATION_CONTEXT('2D SPACE',''
  ) );
#2824 = ORIENTED_EDGE('',*,*,#2825,.F.);
#2825 = EDGE_CURVE('',#2595,#2803,#2826,.T.);
#2826 = SURFACE_CURVE('',#2827,(#2831,#2838),.PCURVE_S1.);
#2827 = LINE('',#2828,#2829);
#2828 = CARTESIAN_POINT('',(-12.65,2.7,116.63));
#2829 = VECTOR('',#2830,1.);
#2830 = DIRECTION('',(1.,0.,0.));
#2831 = PCURVE('',#570,#2832);
#2832 = DEFINITIONAL_REPRESENTATION('',(#2833),#2837);
#2833 = LINE('',#2834,#2835);
#2834 = CARTESIAN_POINT('',(1.8,3.15));
#2835 = VECTOR('',#2836,1.);
#2836 = DIRECTION('',(0.,1.));
#2837 = ( GEOMETRIC_REPRESENTATION_CONTEXT(2) 
PARAMETRIC_REPRESENTATION_CONTEXT() REPRESENTATION_CONTEXT('2D SPACE',''
  ) );
#2838 = PCURVE('',#2634,#2839);
#2839 = DEFINITIONAL_REPRESENTATION('',(#2840),#2844);
#2840 = LINE('',#2841,#2842);
#2841 = CARTESIAN_POINT('',(-3.15,4.05));
#2842 = VECTOR('',#2843,1.);
#2843 = DIRECTION('',(1.,0.));
#2844 = ( GEOMETRIC_REPRESENTATION_CONTEXT(2) 
PARAMETRIC_REPRESENTATION_CONTEXT() REPRESENTATION_CONTEXT('2D SPACE',''
  ) );
#2845 = ORIENTED_EDGE('',*,*,#2594,.T.);
#2846 = ORIENTED_EDGE('',*,*,#554,.F.);
#2847 = ADVANCED_FACE('',(#2848),#599,.F.);
#2848 = FACE_BOUND('',#2849,.F.);
#2849 = EDGE_LOOP('',(#2850,#2873,#2897,#2920,#2942,#2943));
#2850 = ORIENTED_EDGE('',*,*,#2851,.F.);
#2851 = EDGE_CURVE('',#2852,#583,#2854,.T.);
#2852 = VERTEX_POINT('',#2853);
#2853 = CARTESIAN_POINT('',(15.8,1.2,115.185));
#2854 = SURFACE_CURVE('',#2855,(#2859,#2866),.PCURVE_S1.);
#2855 = LINE('',#2856,#2857);
#2856 = CARTESIAN_POINT('',(15.8,1.2,115.185));
#2857 = VECTOR('',#2858,1.);
#2858 = DIRECTION('',(0.,0.,1.));
#2859 = PCURVE('',#599,#2860);
#2860 = DEFINITIONAL_REPRESENTATION('',(#2861),#2865);
#2861 = LINE('',#2862,#2863);
#2862 = CARTESIAN_POINT('',(0.,0.355));
#2863 = VECTOR('',#2864,1.);
#2864 = DIRECTION('',(-0.,1.));
#2865 = ( GEOMETRIC_REPRESENTATION_CONTEXT(2) 
PARAMETRIC_REPRESENTATION_CONTEXT() REPRESENTATION_CONTEXT('2D SPACE',''
  ) );
#2866 = PCURVE('',#627,#2867);
#2867 = DEFINITIONAL_REPRESENTATION('',(#2868),#2872);
#2868 = LINE('',#2869,#2870);
#2869 = CARTESIAN_POINT('',(0.355,-6.6));
#2870 = VECTOR('',#2871,1.);
#2871 = DIRECTION('',(1.,0.));
#2872 = ( GEOMETRIC_REPRESENTATION_CONTEXT(2) 
PARAMETRIC_REPRESENTATION_CONTEXT() REPRESENTATION_CONTEXT('2D SPACE',''
  ) );
#2873 = ORIENTED_EDGE('',*,*,#2874,.T.);
#2874 = EDGE_CURVE('',#2852,#2875,#2877,.T.);
#2875 = VERTEX_POINT('',#2876);
#2876 = CARTESIAN_POINT('',(14.854327248272,2.593815375803,115.185));
#2877 = SURFACE_CURVE('',#2878,(#2883,#2890),.PCURVE_S1.);
#2878 = CIRCLE('',#2879,1.5);
#2879 = AXIS2_PLACEMENT_3D('',#2880,#2881,#2882);
#2880 = CARTESIAN_POINT('',(14.3,1.2,115.185));
#2881 = DIRECTION('',(0.,0.,1.));
#2882 = DIRECTION('',(1.,0.,-0.));
#2883 = PCURVE('',#599,#2884);
#2884 = DEFINITIONAL_REPRESENTATION('',(#2885),#2889);
#2885 = LINE('',#2886,#2887);
#2886 = CARTESIAN_POINT('',(0.,0.355));
#2887 = VECTOR('',#2888,1.);
#2888 = DIRECTION('',(1.,0.));
#2889 = ( GEOMETRIC_REPRESENTATION_CONTEXT(2) 
PARAMETRIC_REPRESENTATION_CONTEXT() REPRESENTATION_CONTEXT('2D SPACE',''
  ) );
#2890 = PCURVE('',#2348,#2891);
#2891 = DEFINITIONAL_REPRESENTATION('',(#2892),#2896);
#2892 = CIRCLE('',#2893,1.5);
#2893 = AXIS2_PLACEMENT_2D('',#2894,#2895);
#2894 = CARTESIAN_POINT('',(49.3,21.2));
#2895 = DIRECTION('',(1.,0.));
#2896 = ( GEOMETRIC_REPRESENTATION_CONTEXT(2) 
PARAMETRIC_REPRESENTATION_CONTEXT() REPRESENTATION_CONTEXT('2D SPACE',''
  ) );
#2897 = ORIENTED_EDGE('',*,*,#2898,.F.);
#2898 = EDGE_CURVE('',#2899,#2875,#2901,.T.);
#2899 = VERTEX_POINT('',#2900);
#2900 = CARTESIAN_POINT('',(14.854327248272,2.593815375803,116.63));
#2901 = SURFACE_CURVE('',#2902,(#2906,#2913),.PCURVE_S1.);
#2902 = LINE('',#2903,#2904);
#2903 = CARTESIAN_POINT('',(14.854327248272,2.593815375803,116.63));
#2904 = VECTOR('',#2905,1.);
#2905 = DIRECTION('',(0.,0.,-1.));
#2906 = PCURVE('',#599,#2907);
#2907 = DEFINITIONAL_REPRESENTATION('',(#2908),#2912);
#2908 = LINE('',#2909,#2910);
#2909 = CARTESIAN_POINT('',(1.192270021636,1.8));
#2910 = VECTOR('',#2911,1.);
#2911 = DIRECTION('',(-0.,-1.));
#2912 = ( GEOMETRIC_REPRESENTATION_CONTEXT(2) 
PARAMETRIC_REPRESENTATION_CONTEXT() REPRESENTATION_CONTEXT('2D SPACE',''
  ) );
#2913 = PCURVE('',#2767,#2914);
#2914 = DEFINITIONAL_REPRESENTATION('',(#2915),#2919);
#2915 = LINE('',#2916,#2917);
#2916 = CARTESIAN_POINT('',(5.64833754673,-1.55));
#2917 = VECTOR('',#2918,1.);
#2918 = DIRECTION('',(-0.,1.));
#2919 = ( GEOMETRIC_REPRESENTATION_CONTEXT(2) 
PARAMETRIC_REPRESENTATION_CONTEXT() REPRESENTATION_CONTEXT('2D SPACE',''
  ) );
#2920 = ORIENTED_EDGE('',*,*,#2921,.T.);
#2921 = EDGE_CURVE('',#2899,#2701,#2922,.T.);
#2922 = SURFACE_CURVE('',#2923,(#2928,#2935),.PCURVE_S1.);
#2923 = CIRCLE('',#2924,1.5);
#2924 = AXIS2_PLACEMENT_3D('',#2925,#2926,#2927);
#2925 = CARTESIAN_POINT('',(14.3,1.2,116.63));
#2926 = DIRECTION('',(0.,0.,1.));
#2927 = DIRECTION('',(1.,0.,-0.));
#2928 = PCURVE('',#599,#2929);
#2929 = DEFINITIONAL_REPRESENTATION('',(#2930),#2934);
#2930 = LINE('',#2931,#2932);
#2931 = CARTESIAN_POINT('',(0.,1.8));
#2932 = VECTOR('',#2933,1.);
#2933 = DIRECTION('',(1.,0.));
#2934 = ( GEOMETRIC_REPRESENTATION_CONTEXT(2) 
PARAMETRIC_REPRESENTATION_CONTEXT() REPRESENTATION_CONTEXT('2D SPACE',''
  ) );
#2935 = PCURVE('',#2739,#2936);
#2936 = DEFINITIONAL_REPRESENTATION('',(#2937),#2941);
#2937 = CIRCLE('',#2938,1.5);
#2938 = AXIS2_PLACEMENT_2D('',#2939,#2940);
#2939 = CARTESIAN_POINT('',(4.8,2.55));
#2940 = DIRECTION('',(1.,0.));
#2941 = ( GEOMETRIC_REPRESENTATION_CONTEXT(2) 
PARAMETRIC_REPRESENTATION_CONTEXT() REPRESENTATION_CONTEXT('2D SPACE',''
  ) );
#2942 = ORIENTED_EDGE('',*,*,#2700,.T.);
#2943 = ORIENTED_EDGE('',*,*,#582,.F.);
#2944 = ADVANCED_FACE('',(#2945),#627,.F.);
#2945 = FACE_BOUND('',#2946,.F.);
#2946 = EDGE_LOOP('',(#2947,#2948,#2971,#2994,#3022,#3050,#3073,#3094));
#2947 = ORIENTED_EDGE('',*,*,#611,.F.);
#2948 = ORIENTED_EDGE('',*,*,#2949,.F.);
#2949 = EDGE_CURVE('',#2950,#612,#2952,.T.);
#2950 = VERTEX_POINT('',#2951);
#2951 = CARTESIAN_POINT('',(15.8,-3.9,115.185));
#2952 = SURFACE_CURVE('',#2953,(#2957,#2964),.PCURVE_S1.);
#2953 = LINE('',#2954,#2955);
#2954 = CARTESIAN_POINT('',(15.8,-3.9,115.185));
#2955 = VECTOR('',#2956,1.);
#2956 = DIRECTION('',(0.,0.,1.));
#2957 = PCURVE('',#627,#2958);
#2958 = DEFINITIONAL_REPRESENTATION('',(#2959),#2963);
#2959 = LINE('',#2960,#2961);
#2960 = CARTESIAN_POINT('',(0.355,-1.5));
#2961 = VECTOR('',#2962,1.);
#2962 = DIRECTION('',(1.,0.));
#2963 = ( GEOMETRIC_REPRESENTATION_CONTEXT(2) 
PARAMETRIC_REPRESENTATION_CONTEXT() REPRESENTATION_CONTEXT('2D SPACE',''
  ) );
#2964 = PCURVE('',#656,#2965);
#2965 = DEFINITIONAL_REPRESENTATION('',(#2966),#2970);
#2966 = LINE('',#2967,#2968);
#2967 = CARTESIAN_POINT('',(6.28318530718,0.355));
#2968 = VECTOR('',#2969,1.);
#2969 = DIRECTION('',(-0.,1.));
#2970 = ( GEOMETRIC_REPRESENTATION_CONTEXT(2) 
PARAMETRIC_REPRESENTATION_CONTEXT() REPRESENTATION_CONTEXT('2D SPACE',''
  ) );
#2971 = ORIENTED_EDGE('',*,*,#2972,.F.);
#2972 = EDGE_CURVE('',#2973,#2950,#2975,.T.);
#2973 = VERTEX_POINT('',#2974);
#2974 = CARTESIAN_POINT('',(15.8,-3.478966885604,115.185));
#2975 = SURFACE_CURVE('',#2976,(#2980,#2987),.PCURVE_S1.);
#2976 = LINE('',#2977,#2978);
#2977 = CARTESIAN_POINT('',(15.8,-12.7,115.185));
#2978 = VECTOR('',#2979,1.);
#2979 = DIRECTION('',(0.,-1.,0.));
#2980 = PCURVE('',#627,#2981);
#2981 = DEFINITIONAL_REPRESENTATION('',(#2982),#2986);
#2982 = LINE('',#2983,#2984);
#2983 = CARTESIAN_POINT('',(0.355,7.3));
#2984 = VECTOR('',#2985,1.);
#2985 = DIRECTION('',(0.,1.));
#2986 = ( GEOMETRIC_REPRESENTATION_CONTEXT(2) 
PARAMETRIC_REPRESENTATION_CONTEXT() REPRESENTATION_CONTEXT('2D SPACE',''
  ) );
#2987 = PCURVE('',#2348,#2988);
#2988 = DEFINITIONAL_REPRESENTATION('',(#2989),#2993);
#2989 = LINE('',#2990,#2991);
#2990 = CARTESIAN_POINT('',(50.8,7.3));
#2991 = VECTOR('',#2992,1.);
#2992 = DIRECTION('',(0.,-1.));
#2993 = ( GEOMETRIC_REPRESENTATION_CONTEXT(2) 
PARAMETRIC_REPRESENTATION_CONTEXT() REPRESENTATION_CONTEXT('2D SPACE',''
  ) );
#2994 = ORIENTED_EDGE('',*,*,#2995,.F.);
#2995 = EDGE_CURVE('',#2996,#2973,#2998,.T.);
#2996 = VERTEX_POINT('',#2997);
#2997 = CARTESIAN_POINT('',(15.8,-3.478966885604,116.63));
#2998 = SURFACE_CURVE('',#2999,(#3003,#3010),.PCURVE_S1.);
#2999 = LINE('',#3000,#3001);
#3000 = CARTESIAN_POINT('',(15.8,-3.478966885604,116.63));
#3001 = VECTOR('',#3002,1.);
#3002 = DIRECTION('',(0.,0.,-1.));
#3003 = PCURVE('',#627,#3004);
#3004 = DEFINITIONAL_REPRESENTATION('',(#3005),#3009);
#3005 = LINE('',#3006,#3007);
#3006 = CARTESIAN_POINT('',(1.8,-1.921033114396));
#3007 = VECTOR('',#3008,1.);
#3008 = DIRECTION('',(-1.,0.));
#3009 = ( GEOMETRIC_REPRESENTATION_CONTEXT(2) 
PARAMETRIC_REPRESENTATION_CONTEXT() REPRESENTATION_CONTEXT('2D SPACE',''
  ) );
#3010 = PCURVE('',#3011,#3016);
#3011 = CYLINDRICAL_SURFACE('',#3012,6.65);
#3012 = AXIS2_PLACEMENT_3D('',#3013,#3014,#3015);
#3013 = CARTESIAN_POINT('',(9.5,-1.35,115.08));
#3014 = DIRECTION('',(-0.,-0.,-1.));
#3015 = DIRECTION('',(1.,0.,0.));
#3016 = DEFINITIONAL_REPRESENTATION('',(#3017),#3021);
#3017 = LINE('',#3018,#3019);
#3018 = CARTESIAN_POINT('',(6.6090682644,-1.55));
#3019 = VECTOR('',#3020,1.);
#3020 = DIRECTION('',(0.,1.));
#3021 = ( GEOMETRIC_REPRESENTATION_CONTEXT(2) 
PARAMETRIC_REPRESENTATION_CONTEXT() REPRESENTATION_CONTEXT('2D SPACE',''
  ) );
#3022 = ORIENTED_EDGE('',*,*,#3023,.F.);
#3023 = EDGE_CURVE('',#3024,#2996,#3026,.T.);
#3024 = VERTEX_POINT('',#3025);
#3025 = CARTESIAN_POINT('',(15.8,0.778966885604,116.63));
#3026 = SURFACE_CURVE('',#3027,(#3031,#3038),.PCURVE_S1.);
#3027 = LINE('',#3028,#3029);
#3028 = CARTESIAN_POINT('',(15.8,-3.375,116.63));
#3029 = VECTOR('',#3030,1.);
#3030 = DIRECTION('',(0.,-1.,0.));
#3031 = PCURVE('',#627,#3032);
#3032 = DEFINITIONAL_REPRESENTATION('',(#3033),#3037);
#3033 = LINE('',#3034,#3035);
#3034 = CARTESIAN_POINT('',(1.8,-2.025));
#3035 = VECTOR('',#3036,1.);
#3036 = DIRECTION('',(0.,1.));
#3037 = ( GEOMETRIC_REPRESENTATION_CONTEXT(2) 
PARAMETRIC_REPRESENTATION_CONTEXT() REPRESENTATION_CONTEXT('2D SPACE',''
  ) );
#3038 = PCURVE('',#3039,#3044);
#3039 = PLANE('',#3040);
#3040 = AXIS2_PLACEMENT_3D('',#3041,#3042,#3043);
#3041 = CARTESIAN_POINT('',(9.5,-1.35,116.63));
#3042 = DIRECTION('',(0.,0.,1.));
#3043 = DIRECTION('',(1.,0.,-0.));
#3044 = DEFINITIONAL_REPRESENTATION('',(#3045),#3049);
#3045 = LINE('',#3046,#3047);
#3046 = CARTESIAN_POINT('',(6.3,-2.025));
#3047 = VECTOR('',#3048,1.);
#3048 = DIRECTION('',(0.,-1.));
#3049 = ( GEOMETRIC_REPRESENTATION_CONTEXT(2) 
PARAMETRIC_REPRESENTATION_CONTEXT() REPRESENTATION_CONTEXT('2D SPACE',''
  ) );
#3050 = ORIENTED_EDGE('',*,*,#3051,.F.);
#3051 = EDGE_CURVE('',#3052,#3024,#3054,.T.);
#3052 = VERTEX_POINT('',#3053);
#3053 = CARTESIAN_POINT('',(15.8,0.778966885604,115.185));
#3054 = SURFACE_CURVE('',#3055,(#3059,#3066),.PCURVE_S1.);
#3055 = LINE('',#3056,#3057);
#3056 = CARTESIAN_POINT('',(15.8,0.778966885604,115.185));
#3057 = VECTOR('',#3058,1.);
#3058 = DIRECTION('',(0.,0.,1.));
#3059 = PCURVE('',#627,#3060);
#3060 = DEFINITIONAL_REPRESENTATION('',(#3061),#3065);
#3061 = LINE('',#3062,#3063);
#3062 = CARTESIAN_POINT('',(0.355,-6.178966885604));
#3063 = VECTOR('',#3064,1.);
#3064 = DIRECTION('',(1.,0.));
#3065 = ( GEOMETRIC_REPRESENTATION_CONTEXT(2) 
PARAMETRIC_REPRESENTATION_CONTEXT() REPRESENTATION_CONTEXT('2D SPACE',''
  ) );
#3066 = PCURVE('',#3011,#3067);
#3067 = DEFINITIONAL_REPRESENTATION('',(#3068),#3072);
#3068 = LINE('',#3069,#3070);
#3069 = CARTESIAN_POINT('',(5.957302349958,-0.105));
#3070 = VECTOR('',#3071,1.);
#3071 = DIRECTION('',(0.,-1.));
#3072 = ( GEOMETRIC_REPRESENTATION_CONTEXT(2) 
PARAMETRIC_REPRESENTATION_CONTEXT() REPRESENTATION_CONTEXT('2D SPACE',''
  ) );
#3073 = ORIENTED_EDGE('',*,*,#3074,.F.);
#3074 = EDGE_CURVE('',#2852,#3052,#3075,.T.);
#3075 = SURFACE_CURVE('',#3076,(#3080,#3087),.PCURVE_S1.);
#3076 = LINE('',#3077,#3078);
#3077 = CARTESIAN_POINT('',(15.8,-12.7,115.185));
#3078 = VECTOR('',#3079,1.);
#3079 = DIRECTION('',(0.,-1.,0.));
#3080 = PCURVE('',#627,#3081);
#3081 = DEFINITIONAL_REPRESENTATION('',(#3082),#3086);
#3082 = LINE('',#3083,#3084);
#3083 = CARTESIAN_POINT('',(0.355,7.3));
#3084 = VECTOR('',#3085,1.);
#3085 = DIRECTION('',(0.,1.));
#3086 = ( GEOMETRIC_REPRESENTATION_CONTEXT(2) 
PARAMETRIC_REPRESENTATION_CONTEXT() REPRESENTATION_CONTEXT('2D SPACE',''
  ) );
#3087 = PCURVE('',#2348,#3088);
#3088 = DEFINITIONAL_REPRESENTATION('',(#3089),#3093);
#3089 = LINE('',#3090,#3091);
#3090 = CARTESIAN_POINT('',(50.8,7.3));
#3091 = VECTOR('',#3092,1.);
#3092 = DIRECTION('',(0.,-1.));
#3093 = ( GEOMETRIC_REPRESENTATION_CONTEXT(2) 
PARAMETRIC_REPRESENTATION_CONTEXT() REPRESENTATION_CONTEXT('2D SPACE',''
  ) );
#3094 = ORIENTED_EDGE('',*,*,#2851,.T.);
#3095 = ADVANCED_FACE('',(#3096),#656,.F.);
#3096 = FACE_BOUND('',#3097,.F.);
#3097 = EDGE_LOOP('',(#3098,#3099,#3122,#3151,#3179,#3201));
#3098 = ORIENTED_EDGE('',*,*,#639,.F.);
#3099 = ORIENTED_EDGE('',*,*,#3100,.F.);
#3100 = EDGE_CURVE('',#3101,#640,#3103,.T.);
#3101 = VERTEX_POINT('',#3102);
#3102 = CARTESIAN_POINT('',(14.3,-5.4,116.63));
#3103 = SURFACE_CURVE('',#3104,(#3108,#3115),.PCURVE_S1.);
#3104 = LINE('',#3105,#3106);
#3105 = CARTESIAN_POINT('',(14.3,-5.4,114.83));
#3106 = VECTOR('',#3107,1.);
#3107 = DIRECTION('',(0.,0.,1.));
#3108 = PCURVE('',#656,#3109);
#3109 = DEFINITIONAL_REPRESENTATION('',(#3110),#3114);
#3110 = LINE('',#3111,#3112);
#3111 = CARTESIAN_POINT('',(4.712388980385,0.));
#3112 = VECTOR('',#3113,1.);
#3113 = DIRECTION('',(-0.,1.));
#3114 = ( GEOMETRIC_REPRESENTATION_CONTEXT(2) 
PARAMETRIC_REPRESENTATION_CONTEXT() REPRESENTATION_CONTEXT('2D SPACE',''
  ) );
#3115 = PCURVE('',#682,#3116);
#3116 = DEFINITIONAL_REPRESENTATION('',(#3117),#3121);
#3117 = LINE('',#3118,#3119);
#3118 = CARTESIAN_POINT('',(0.,30.1));
#3119 = VECTOR('',#3120,1.);
#3120 = DIRECTION('',(1.,0.));
#3121 = ( GEOMETRIC_REPRESENTATION_CONTEXT(2) 
PARAMETRIC_REPRESENTATION_CONTEXT() REPRESENTATION_CONTEXT('2D SPACE',''
  ) );
#3122 = ORIENTED_EDGE('',*,*,#3123,.T.);
#3123 = EDGE_CURVE('',#3101,#3124,#3126,.T.);
#3124 = VERTEX_POINT('',#3125);
#3125 = CARTESIAN_POINT('',(14.854327248272,-5.293815375803,116.63));
#3126 = SURFACE_CURVE('',#3127,(#3132,#3139),.PCURVE_S1.);
#3127 = CIRCLE('',#3128,1.5);
#3128 = AXIS2_PLACEMENT_3D('',#3129,#3130,#3131);
#3129 = CARTESIAN_POINT('',(14.3,-3.9,116.63));
#3130 = DIRECTION('',(0.,0.,1.));
#3131 = DIRECTION('',(1.,0.,-0.));
#3132 = PCURVE('',#656,#3133);
#3133 = DEFINITIONAL_REPRESENTATION('',(#3134),#3138);
#3134 = LINE('',#3135,#3136);
#3135 = CARTESIAN_POINT('',(-4.138911435803E-13,1.8));
#3136 = VECTOR('',#3137,1.);
#3137 = DIRECTION('',(1.,-0.));
#3138 = ( GEOMETRIC_REPRESENTATION_CONTEXT(2) 
PARAMETRIC_REPRESENTATION_CONTEXT() REPRESENTATION_CONTEXT('2D SPACE',''
  ) );
#3139 = PCURVE('',#3140,#3145);
#3140 = PLANE('',#3141);
#3141 = AXIS2_PLACEMENT_3D('',#3142,#3143,#3144);
#3142 = CARTESIAN_POINT('',(9.5,-1.35,116.63));
#3143 = DIRECTION('',(0.,0.,1.));
#3144 = DIRECTION('',(1.,0.,-0.));
#3145 = DEFINITIONAL_REPRESENTATION('',(#3146),#3150);
#3146 = CIRCLE('',#3147,1.5);
#3147 = AXIS2_PLACEMENT_2D('',#3148,#3149);
#3148 = CARTESIAN_POINT('',(4.8,-2.55));
#3149 = DIRECTION('',(1.,0.));
#3150 = ( GEOMETRIC_REPRESENTATION_CONTEXT(2) 
PARAMETRIC_REPRESENTATION_CONTEXT() REPRESENTATION_CONTEXT('2D SPACE',''
  ) );
#3151 = ORIENTED_EDGE('',*,*,#3152,.F.);
#3152 = EDGE_CURVE('',#3153,#3124,#3155,.T.);
#3153 = VERTEX_POINT('',#3154);
#3154 = CARTESIAN_POINT('',(14.854327248272,-5.293815375803,115.185));
#3155 = SURFACE_CURVE('',#3156,(#3160,#3167),.PCURVE_S1.);
#3156 = LINE('',#3157,#3158);
#3157 = CARTESIAN_POINT('',(14.854327248272,-5.293815375803,115.185));
#3158 = VECTOR('',#3159,1.);
#3159 = DIRECTION('',(0.,0.,1.));
#3160 = PCURVE('',#656,#3161);
#3161 = DEFINITIONAL_REPRESENTATION('',(#3162),#3166);
#3162 = LINE('',#3163,#3164);
#3163 = CARTESIAN_POINT('',(5.090915285544,0.355));
#3164 = VECTOR('',#3165,1.);
#3165 = DIRECTION('',(-0.,1.));
#3166 = ( GEOMETRIC_REPRESENTATION_CONTEXT(2) 
PARAMETRIC_REPRESENTATION_CONTEXT() REPRESENTATION_CONTEXT('2D SPACE',''
  ) );
#3167 = PCURVE('',#3168,#3173);
#3168 = CYLINDRICAL_SURFACE('',#3169,6.65);
#3169 = AXIS2_PLACEMENT_3D('',#3170,#3171,#3172);
#3170 = CARTESIAN_POINT('',(9.5,-1.35,115.08));
#3171 = DIRECTION('',(-0.,-0.,-1.));
#3172 = DIRECTION('',(1.,0.,0.));
#3173 = DEFINITIONAL_REPRESENTATION('',(#3174),#3178);
#3174 = LINE('',#3175,#3176);
#3175 = CARTESIAN_POINT('',(0.63484776045,-0.105));
#3176 = VECTOR('',#3177,1.);
#3177 = DIRECTION('',(0.,-1.));
#3178 = ( GEOMETRIC_REPRESENTATION_CONTEXT(2) 
PARAMETRIC_REPRESENTATION_CONTEXT() REPRESENTATION_CONTEXT('2D SPACE',''
  ) );
#3179 = ORIENTED_EDGE('',*,*,#3180,.T.);
#3180 = EDGE_CURVE('',#3153,#2950,#3181,.T.);
#3181 = SURFACE_CURVE('',#3182,(#3187,#3194),.PCURVE_S1.);
#3182 = CIRCLE('',#3183,1.5);
#3183 = AXIS2_PLACEMENT_3D('',#3184,#3185,#3186);
#3184 = CARTESIAN_POINT('',(14.3,-3.9,115.185));
#3185 = DIRECTION('',(0.,0.,1.));
#3186 = DIRECTION('',(1.,0.,-0.));
#3187 = PCURVE('',#656,#3188);
#3188 = DEFINITIONAL_REPRESENTATION('',(#3189),#3193);
#3189 = LINE('',#3190,#3191);
#3190 = CARTESIAN_POINT('',(0.,0.355));
#3191 = VECTOR('',#3192,1.);
#3192 = DIRECTION('',(1.,0.));
#3193 = ( GEOMETRIC_REPRESENTATION_CONTEXT(2) 
PARAMETRIC_REPRESENTATION_CONTEXT() REPRESENTATION_CONTEXT('2D SPACE',''
  ) );
#3194 = PCURVE('',#2348,#3195);
#3195 = DEFINITIONAL_REPRESENTATION('',(#3196),#3200);
#3196 = CIRCLE('',#3197,1.5);
#3197 = AXIS2_PLACEMENT_2D('',#3198,#3199);
#3198 = CARTESIAN_POINT('',(49.3,16.1));
#3199 = DIRECTION('',(1.,0.));
#3200 = ( GEOMETRIC_REPRESENTATION_CONTEXT(2) 
PARAMETRIC_REPRESENTATION_CONTEXT() REPRESENTATION_CONTEXT('2D SPACE',''
  ) );
#3201 = ORIENTED_EDGE('',*,*,#2949,.T.);
#3202 = ADVANCED_FACE('',(#3203),#682,.T.);
#3203 = FACE_BOUND('',#3204,.T.);
#3204 = EDGE_LOOP('',(#3205,#3206,#3229,#3257,#3280,#3308,#3329,#3330));
#3205 = ORIENTED_EDGE('',*,*,#3100,.F.);
#3206 = ORIENTED_EDGE('',*,*,#3207,.F.);
#3207 = EDGE_CURVE('',#3208,#3101,#3210,.T.);
#3208 = VERTEX_POINT('',#3209);
#3209 = CARTESIAN_POINT('',(4.225533202304,-5.4,116.63));
#3210 = SURFACE_CURVE('',#3211,(#3215,#3222),.PCURVE_S1.);
#3211 = LINE('',#3212,#3213);
#3212 = CARTESIAN_POINT('',(-3.15,-5.4,116.63));
#3213 = VECTOR('',#3214,1.);
#3214 = DIRECTION('',(1.,0.,0.));
#3215 = PCURVE('',#682,#3216);
#3216 = DEFINITIONAL_REPRESENTATION('',(#3217),#3221);
#3217 = LINE('',#3218,#3219);
#3218 = CARTESIAN_POINT('',(1.8,12.65));
#3219 = VECTOR('',#3220,1.);
#3220 = DIRECTION('',(0.,1.));
#3221 = ( GEOMETRIC_REPRESENTATION_CONTEXT(2) 
PARAMETRIC_REPRESENTATION_CONTEXT() REPRESENTATION_CONTEXT('2D SPACE',''
  ) );
#3222 = PCURVE('',#3140,#3223);
#3223 = DEFINITIONAL_REPRESENTATION('',(#3224),#3228);
#3224 = LINE('',#3225,#3226);
#3225 = CARTESIAN_POINT('',(-12.65,-4.05));
#3226 = VECTOR('',#3227,1.);
#3227 = DIRECTION('',(1.,0.));
#3228 = ( GEOMETRIC_REPRESENTATION_CONTEXT(2) 
PARAMETRIC_REPRESENTATION_CONTEXT() REPRESENTATION_CONTEXT('2D SPACE',''
  ) );
#3229 = ORIENTED_EDGE('',*,*,#3230,.T.);
#3230 = EDGE_CURVE('',#3208,#3231,#3233,.T.);
#3231 = VERTEX_POINT('',#3232);
#3232 = CARTESIAN_POINT('',(4.225533202304,-5.4,115.185));
#3233 = SURFACE_CURVE('',#3234,(#3238,#3245),.PCURVE_S1.);
#3234 = LINE('',#3235,#3236);
#3235 = CARTESIAN_POINT('',(4.225533202304,-5.4,116.63));
#3236 = VECTOR('',#3237,1.);
#3237 = DIRECTION('',(0.,0.,-1.));
#3238 = PCURVE('',#682,#3239);
#3239 = DEFINITIONAL_REPRESENTATION('',(#3240),#3244);
#3240 = LINE('',#3241,#3242);
#3241 = CARTESIAN_POINT('',(1.8,20.025533202304));
#3242 = VECTOR('',#3243,1.);
#3243 = DIRECTION('',(-1.,0.));
#3244 = ( GEOMETRIC_REPRESENTATION_CONTEXT(2) 
PARAMETRIC_REPRESENTATION_CONTEXT() REPRESENTATION_CONTEXT('2D SPACE',''
  ) );
#3245 = PCURVE('',#3246,#3251);
#3246 = CYLINDRICAL_SURFACE('',#3247,6.65);
#3247 = AXIS2_PLACEMENT_3D('',#3248,#3249,#3250);
#3248 = CARTESIAN_POINT('',(9.5,-1.35,115.08));
#3249 = DIRECTION('',(-0.,-0.,-1.));
#3250 = DIRECTION('',(1.,0.,0.));
#3251 = DEFINITIONAL_REPRESENTATION('',(#3252),#3256);
#3252 = LINE('',#3253,#3254);
#3253 = CARTESIAN_POINT('',(2.48676499865,-1.55));
#3254 = VECTOR('',#3255,1.);
#3255 = DIRECTION('',(0.,1.));
#3256 = ( GEOMETRIC_REPRESENTATION_CONTEXT(2) 
PARAMETRIC_REPRESENTATION_CONTEXT() REPRESENTATION_CONTEXT('2D SPACE',''
  ) );
#3257 = ORIENTED_EDGE('',*,*,#3258,.F.);
#3258 = EDGE_CURVE('',#3259,#3231,#3261,.T.);
#3259 = VERTEX_POINT('',#3260);
#3260 = CARTESIAN_POINT('',(-4.225533202304,-5.4,115.185));
#3261 = SURFACE_CURVE('',#3262,(#3266,#3273),.PCURVE_S1.);
#3262 = LINE('',#3263,#3264);
#3263 = CARTESIAN_POINT('',(-25.4,-5.4,115.185));
#3264 = VECTOR('',#3265,1.);
#3265 = DIRECTION('',(1.,0.,0.));
#3266 = PCURVE('',#682,#3267);
#3267 = DEFINITIONAL_REPRESENTATION('',(#3268),#3272);
#3268 = LINE('',#3269,#3270);
#3269 = CARTESIAN_POINT('',(0.355,-9.6));
#3270 = VECTOR('',#3271,1.);
#3271 = DIRECTION('',(0.,1.));
#3272 = ( GEOMETRIC_REPRESENTATION_CONTEXT(2) 
PARAMETRIC_REPRESENTATION_CONTEXT() REPRESENTATION_CONTEXT('2D SPACE',''
  ) );
#3273 = PCURVE('',#2348,#3274);
#3274 = DEFINITIONAL_REPRESENTATION('',(#3275),#3279);
#3275 = LINE('',#3276,#3277);
#3276 = CARTESIAN_POINT('',(9.6,14.6));
#3277 = VECTOR('',#3278,1.);
#3278 = DIRECTION('',(1.,0.));
#3279 = ( GEOMETRIC_REPRESENTATION_CONTEXT(2) 
PARAMETRIC_REPRESENTATION_CONTEXT() REPRESENTATION_CONTEXT('2D SPACE',''
  ) );
#3280 = ORIENTED_EDGE('',*,*,#3281,.T.);
#3281 = EDGE_CURVE('',#3259,#3282,#3284,.T.);
#3282 = VERTEX_POINT('',#3283);
#3283 = CARTESIAN_POINT('',(-4.225533202304,-5.4,116.63));
#3284 = SURFACE_CURVE('',#3285,(#3289,#3296),.PCURVE_S1.);
#3285 = LINE('',#3286,#3287);
#3286 = CARTESIAN_POINT('',(-4.225533202304,-5.4,115.185));
#3287 = VECTOR('',#3288,1.);
#3288 = DIRECTION('',(0.,0.,1.));
#3289 = PCURVE('',#682,#3290);
#3290 = DEFINITIONAL_REPRESENTATION('',(#3291),#3295);
#3291 = LINE('',#3292,#3293);
#3292 = CARTESIAN_POINT('',(0.355,11.574466797696));
#3293 = VECTOR('',#3294,1.);
#3294 = DIRECTION('',(1.,0.));
#3295 = ( GEOMETRIC_REPRESENTATION_CONTEXT(2) 
PARAMETRIC_REPRESENTATION_CONTEXT() REPRESENTATION_CONTEXT('2D SPACE',''
  ) );
#3296 = PCURVE('',#3297,#3302);
#3297 = CYLINDRICAL_SURFACE('',#3298,6.65);
#3298 = AXIS2_PLACEMENT_3D('',#3299,#3300,#3301);
#3299 = CARTESIAN_POINT('',(-9.5,-1.35,115.08));
#3300 = DIRECTION('',(-0.,-0.,-1.));
#3301 = DIRECTION('',(1.,0.,0.));
#3302 = DEFINITIONAL_REPRESENTATION('',(#3303),#3307);
#3303 = LINE('',#3304,#3305);
#3304 = CARTESIAN_POINT('',(0.65482765494,-0.105));
#3305 = VECTOR('',#3306,1.);
#3306 = DIRECTION('',(0.,-1.));
#3307 = ( GEOMETRIC_REPRESENTATION_CONTEXT(2) 
PARAMETRIC_REPRESENTATION_CONTEXT() REPRESENTATION_CONTEXT('2D SPACE',''
  ) );
#3308 = ORIENTED_EDGE('',*,*,#3309,.F.);
#3309 = EDGE_CURVE('',#2389,#3282,#3310,.T.);
#3310 = SURFACE_CURVE('',#3311,(#3315,#3322),.PCURVE_S1.);
#3311 = LINE('',#3312,#3313);
#3312 = CARTESIAN_POINT('',(-12.65,-5.4,116.63));
#3313 = VECTOR('',#3314,1.);
#3314 = DIRECTION('',(1.,0.,0.));
#3315 = PCURVE('',#682,#3316);
#3316 = DEFINITIONAL_REPRESENTATION('',(#3317),#3321);
#3317 = LINE('',#3318,#3319);
#3318 = CARTESIAN_POINT('',(1.8,3.15));
#3319 = VECTOR('',#3320,1.);
#3320 = DIRECTION('',(0.,1.));
#3321 = ( GEOMETRIC_REPRESENTATION_CONTEXT(2) 
PARAMETRIC_REPRESENTATION_CONTEXT() REPRESENTATION_CONTEXT('2D SPACE',''
  ) );
#3322 = PCURVE('',#2405,#3323);
#3323 = DEFINITIONAL_REPRESENTATION('',(#3324),#3328);
#3324 = LINE('',#3325,#3326);
#3325 = CARTESIAN_POINT('',(-3.15,-4.05));
#3326 = VECTOR('',#3327,1.);
#3327 = DIRECTION('',(1.,0.));
#3328 = ( GEOMETRIC_REPRESENTATION_CONTEXT(2) 
PARAMETRIC_REPRESENTATION_CONTEXT() REPRESENTATION_CONTEXT('2D SPACE',''
  ) );
#3329 = ORIENTED_EDGE('',*,*,#2417,.T.);
#3330 = ORIENTED_EDGE('',*,*,#668,.F.);
#3331 = ADVANCED_FACE('',(#3332),#717,.F.);
#3332 = FACE_BOUND('',#3333,.F.);
#3333 = EDGE_LOOP('',(#3334,#3357,#3358,#3359));
#3334 = ORIENTED_EDGE('',*,*,#3335,.T.);
#3335 = EDGE_CURVE('',#3336,#697,#3338,.T.);
#3336 = VERTEX_POINT('',#3337);
#3337 = CARTESIAN_POINT('',(-22.25,9.7,116.98));
#3338 = SEAM_CURVE('',#3339,(#3343,#3350),.PCURVE_S1.);
#3339 = LINE('',#3340,#3341);
#3340 = CARTESIAN_POINT('',(-22.25,9.7,116.98));
#3341 = VECTOR('',#3342,1.);
#3342 = DIRECTION('',(0.,0.,1.));
#3343 = PCURVE('',#717,#3344);
#3344 = DEFINITIONAL_REPRESENTATION('',(#3345),#3349);
#3345 = LINE('',#3346,#3347);
#3346 = CARTESIAN_POINT('',(4.138911435803E-13,0.));
#3347 = VECTOR('',#3348,1.);
#3348 = DIRECTION('',(-0.,-1.));
#3349 = ( GEOMETRIC_REPRESENTATION_CONTEXT(2) 
PARAMETRIC_REPRESENTATION_CONTEXT() REPRESENTATION_CONTEXT('2D SPACE',''
  ) );
#3350 = PCURVE('',#717,#3351);
#3351 = DEFINITIONAL_REPRESENTATION('',(#3352),#3356);
#3352 = LINE('',#3353,#3354);
#3353 = CARTESIAN_POINT('',(6.283185307179,0.));
#3354 = VECTOR('',#3355,1.);
#3355 = DIRECTION('',(-0.,-1.));
#3356 = ( GEOMETRIC_REPRESENTATION_CONTEXT(2) 
PARAMETRIC_REPRESENTATION_CONTEXT() REPRESENTATION_CONTEXT('2D SPACE',''
  ) );
#3357 = ORIENTED_EDGE('',*,*,#696,.T.);
#3358 = ORIENTED_EDGE('',*,*,#3335,.F.);
#3359 = ORIENTED_EDGE('',*,*,#3360,.T.);
#3360 = EDGE_CURVE('',#3336,#3336,#3361,.T.);
#3361 = SURFACE_CURVE('',#3362,(#3367,#3374),.PCURVE_S1.);
#3362 = CIRCLE('',#3363,2.75);
#3363 = AXIS2_PLACEMENT_3D('',#3364,#3365,#3366);
#3364 = CARTESIAN_POINT('',(-25.,9.7,116.98));
#3365 = DIRECTION('',(0.,0.,1.));
#3366 = DIRECTION('',(1.,0.,-0.));
#3367 = PCURVE('',#717,#3368);
#3368 = DEFINITIONAL_REPRESENTATION('',(#3369),#3373);
#3369 = LINE('',#3370,#3371);
#3370 = CARTESIAN_POINT('',(6.28318530718,0.));
#3371 = VECTOR('',#3372,1.);
#3372 = DIRECTION('',(-1.,0.));
#3373 = ( GEOMETRIC_REPRESENTATION_CONTEXT(2) 
PARAMETRIC_REPRESENTATION_CONTEXT() REPRESENTATION_CONTEXT('2D SPACE',''
  ) );
#3374 = PCURVE('',#3375,#3380);
#3375 = PLANE('',#3376);
#3376 = AXIS2_PLACEMENT_3D('',#3377,#3378,#3379);
#3377 = CARTESIAN_POINT('',(-25.,9.7,116.98));
#3378 = DIRECTION('',(0.,0.,1.));
#3379 = DIRECTION('',(1.,0.,-0.));
#3380 = DEFINITIONAL_REPRESENTATION('',(#3381),#3385);
#3381 = CIRCLE('',#3382,2.75);
#3382 = AXIS2_PLACEMENT_2D('',#3383,#3384);
#3383 = CARTESIAN_POINT('',(0.,0.));
#3384 = DIRECTION('',(1.,0.));
#3385 = ( GEOMETRIC_REPRESENTATION_CONTEXT(2) 
PARAMETRIC_REPRESENTATION_CONTEXT() REPRESENTATION_CONTEXT('2D SPACE',''
  ) );
#3386 = ADVANCED_FACE('',(#3387),#752,.F.);
#3387 = FACE_BOUND('',#3388,.F.);
#3388 = EDGE_LOOP('',(#3389,#3412,#3413,#3414));
#3389 = ORIENTED_EDGE('',*,*,#3390,.T.);
#3390 = EDGE_CURVE('',#3391,#732,#3393,.T.);
#3391 = VERTEX_POINT('',#3392);
#3392 = CARTESIAN_POINT('',(27.75,9.7,116.98));
#3393 = SEAM_CURVE('',#3394,(#3398,#3405),.PCURVE_S1.);
#3394 = LINE('',#3395,#3396);
#3395 = CARTESIAN_POINT('',(27.75,9.7,116.98));
#3396 = VECTOR('',#3397,1.);
#3397 = DIRECTION('',(0.,0.,1.));
#3398 = PCURVE('',#752,#3399);
#3399 = DEFINITIONAL_REPRESENTATION('',(#3400),#3404);
#3400 = LINE('',#3401,#3402);
#3401 = CARTESIAN_POINT('',(4.138911435803E-13,0.));
#3402 = VECTOR('',#3403,1.);
#3403 = DIRECTION('',(-0.,-1.));
#3404 = ( GEOMETRIC_REPRESENTATION_CONTEXT(2) 
PARAMETRIC_REPRESENTATION_CONTEXT() REPRESENTATION_CONTEXT('2D SPACE',''
  ) );
#3405 = PCURVE('',#752,#3406);
#3406 = DEFINITIONAL_REPRESENTATION('',(#3407),#3411);
#3407 = LINE('',#3408,#3409);
#3408 = CARTESIAN_POINT('',(6.283185307179,0.));
#3409 = VECTOR('',#3410,1.);
#3410 = DIRECTION('',(-0.,-1.));
#3411 = ( GEOMETRIC_REPRESENTATION_CONTEXT(2) 
PARAMETRIC_REPRESENTATION_CONTEXT() REPRESENTATION_CONTEXT('2D SPACE',''
  ) );
#3412 = ORIENTED_EDGE('',*,*,#731,.T.);
#3413 = ORIENTED_EDGE('',*,*,#3390,.F.);
#3414 = ORIENTED_EDGE('',*,*,#3415,.T.);
#3415 = EDGE_CURVE('',#3391,#3391,#3416,.T.);
#3416 = SURFACE_CURVE('',#3417,(#3422,#3429),.PCURVE_S1.);
#3417 = CIRCLE('',#3418,2.75);
#3418 = AXIS2_PLACEMENT_3D('',#3419,#3420,#3421);
#3419 = CARTESIAN_POINT('',(25.,9.7,116.98));
#3420 = DIRECTION('',(0.,0.,1.));
#3421 = DIRECTION('',(1.,0.,-0.));
#3422 = PCURVE('',#752,#3423);
#3423 = DEFINITIONAL_REPRESENTATION('',(#3424),#3428);
#3424 = LINE('',#3425,#3426);
#3425 = CARTESIAN_POINT('',(6.28318530718,0.));
#3426 = VECTOR('',#3427,1.);
#3427 = DIRECTION('',(-1.,0.));
#3428 = ( GEOMETRIC_REPRESENTATION_CONTEXT(2) 
PARAMETRIC_REPRESENTATION_CONTEXT() REPRESENTATION_CONTEXT('2D SPACE',''
  ) );
#3429 = PCURVE('',#3430,#3435);
#3430 = PLANE('',#3431);
#3431 = AXIS2_PLACEMENT_3D('',#3432,#3433,#3434);
#3432 = CARTESIAN_POINT('',(25.,9.7,116.98));
#3433 = DIRECTION('',(0.,0.,1.));
#3434 = DIRECTION('',(1.,0.,-0.));
#3435 = DEFINITIONAL_REPRESENTATION('',(#3436),#3440);
#3436 = CIRCLE('',#3437,2.75);
#3437 = AXIS2_PLACEMENT_2D('',#3438,#3439);
#3438 = CARTESIAN_POINT('',(0.,0.));
#3439 = DIRECTION('',(1.,0.));
#3440 = ( GEOMETRIC_REPRESENTATION_CONTEXT(2) 
PARAMETRIC_REPRESENTATION_CONTEXT() REPRESENTATION_CONTEXT('2D SPACE',''
  ) );
#3441 = ADVANCED_FACE('',(#3442),#1570,.F.);
#3442 = FACE_BOUND('',#3443,.F.);
#3443 = EDGE_LOOP('',(#3444,#3474,#3495,#3496,#3497,#3498));
#3444 = ORIENTED_EDGE('',*,*,#3445,.F.);
#3445 = EDGE_CURVE('',#3446,#3448,#3450,.T.);
#3446 = VERTEX_POINT('',#3447);
#3447 = CARTESIAN_POINT('',(-29.6,11.45,114.28));
#3448 = VERTEX_POINT('',#3449);
#3449 = CARTESIAN_POINT('',(-29.6,-11.45,114.28));
#3450 = SURFACE_CURVE('',#3451,(#3455,#3462),.PCURVE_S1.);
#3451 = LINE('',#3452,#3453);
#3452 = CARTESIAN_POINT('',(-29.6,11.45,114.28));
#3453 = VECTOR('',#3454,1.);
#3454 = DIRECTION('',(0.,-1.,0.));
#3455 = PCURVE('',#1570,#3456);
#3456 = DEFINITIONAL_REPRESENTATION('',(#3457),#3461);
#3457 = LINE('',#3458,#3459);
#3458 = CARTESIAN_POINT('',(0.,0.));
#3459 = VECTOR('',#3460,1.);
#3460 = DIRECTION('',(1.,0.));
#3461 = ( GEOMETRIC_REPRESENTATION_CONTEXT(2) 
PARAMETRIC_REPRESENTATION_CONTEXT() REPRESENTATION_CONTEXT('2D SPACE',''
  ) );
#3462 = PCURVE('',#3463,#3468);
#3463 = PLANE('',#3464);
#3464 = AXIS2_PLACEMENT_3D('',#3465,#3466,#3467);
#3465 = CARTESIAN_POINT('',(0.,0.,114.28));
#3466 = DIRECTION('',(0.,0.,1.));
#3467 = DIRECTION('',(1.,0.,-0.));
#3468 = DEFINITIONAL_REPRESENTATION('',(#3469),#3473);
#3469 = LINE('',#3470,#3471);
#3470 = CARTESIAN_POINT('',(-29.6,11.45));
#3471 = VECTOR('',#3472,1.);
#3472 = DIRECTION('',(0.,-1.));
#3473 = ( GEOMETRIC_REPRESENTATION_CONTEXT(2) 
PARAMETRIC_REPRESENTATION_CONTEXT() REPRESENTATION_CONTEXT('2D SPACE',''
  ) );
#3474 = ORIENTED_EDGE('',*,*,#3475,.T.);
#3475 = EDGE_CURVE('',#3446,#1705,#3476,.T.);
#3476 = SURFACE_CURVE('',#3477,(#3481,#3488),.PCURVE_S1.);
#3477 = LINE('',#3478,#3479);
#3478 = CARTESIAN_POINT('',(-29.6,11.45,114.28));
#3479 = VECTOR('',#3480,1.);
#3480 = DIRECTION('',(0.,0.,1.));
#3481 = PCURVE('',#1570,#3482);
#3482 = DEFINITIONAL_REPRESENTATION('',(#3483),#3487);
#3483 = LINE('',#3484,#3485);
#3484 = CARTESIAN_POINT('',(0.,0.));
#3485 = VECTOR('',#3486,1.);
#3486 = DIRECTION('',(0.,-1.));
#3487 = ( GEOMETRIC_REPRESENTATION_CONTEXT(2) 
PARAMETRIC_REPRESENTATION_CONTEXT() REPRESENTATION_CONTEXT('2D SPACE',''
  ) );
#3488 = PCURVE('',#1748,#3489);
#3489 = DEFINITIONAL_REPRESENTATION('',(#3490),#3494);
#3490 = LINE('',#3491,#3492);
#3491 = CARTESIAN_POINT('',(3.14159265359,0.));
#3492 = VECTOR('',#3493,1.);
#3493 = DIRECTION('',(-0.,-1.));
#3494 = ( GEOMETRIC_REPRESENTATION_CONTEXT(2) 
PARAMETRIC_REPRESENTATION_CONTEXT() REPRESENTATION_CONTEXT('2D SPACE',''
  ) );
#3495 = ORIENTED_EDGE('',*,*,#1704,.T.);
#3496 = ORIENTED_EDGE('',*,*,#1608,.T.);
#3497 = ORIENTED_EDGE('',*,*,#1554,.T.);
#3498 = ORIENTED_EDGE('',*,*,#3499,.F.);
#3499 = EDGE_CURVE('',#3448,#1526,#3500,.T.);
#3500 = SURFACE_CURVE('',#3501,(#3505,#3512),.PCURVE_S1.);
#3501 = LINE('',#3502,#3503);
#3502 = CARTESIAN_POINT('',(-29.6,-11.45,114.28));
#3503 = VECTOR('',#3504,1.);
#3504 = DIRECTION('',(0.,0.,1.));
#3505 = PCURVE('',#1570,#3506);
#3506 = DEFINITIONAL_REPRESENTATION('',(#3507),#3511);
#3507 = LINE('',#3508,#3509);
#3508 = CARTESIAN_POINT('',(22.9,0.));
#3509 = VECTOR('',#3510,1.);
#3510 = DIRECTION('',(0.,-1.));
#3511 = ( GEOMETRIC_REPRESENTATION_CONTEXT(2) 
PARAMETRIC_REPRESENTATION_CONTEXT() REPRESENTATION_CONTEXT('2D SPACE',''
  ) );
#3512 = PCURVE('',#1542,#3513);
#3513 = DEFINITIONAL_REPRESENTATION('',(#3514),#3518);
#3514 = LINE('',#3515,#3516);
#3515 = CARTESIAN_POINT('',(3.14159265359,0.));
#3516 = VECTOR('',#3517,1.);
#3517 = DIRECTION('',(-0.,-1.));
#3518 = ( GEOMETRIC_REPRESENTATION_CONTEXT(2) 
PARAMETRIC_REPRESENTATION_CONTEXT() REPRESENTATION_CONTEXT('2D SPACE',''
  ) );
#3519 = ADVANCED_FACE('',(#3520),#1542,.T.);
#3520 = FACE_BOUND('',#3521,.T.);
#3521 = EDGE_LOOP('',(#3522,#3545,#3546,#3547));
#3522 = ORIENTED_EDGE('',*,*,#3523,.T.);
#3523 = EDGE_CURVE('',#3524,#1498,#3526,.T.);
#3524 = VERTEX_POINT('',#3525);
#3525 = CARTESIAN_POINT('',(-27.95,-13.1,114.28));
#3526 = SURFACE_CURVE('',#3527,(#3531,#3538),.PCURVE_S1.);
#3527 = LINE('',#3528,#3529);
#3528 = CARTESIAN_POINT('',(-27.95,-13.1,114.28));
#3529 = VECTOR('',#3530,1.);
#3530 = DIRECTION('',(0.,0.,1.));
#3531 = PCURVE('',#1542,#3532);
#3532 = DEFINITIONAL_REPRESENTATION('',(#3533),#3537);
#3533 = LINE('',#3534,#3535);
#3534 = CARTESIAN_POINT('',(1.570796326795,0.));
#3535 = VECTOR('',#3536,1.);
#3536 = DIRECTION('',(-0.,-1.));
#3537 = ( GEOMETRIC_REPRESENTATION_CONTEXT(2) 
PARAMETRIC_REPRESENTATION_CONTEXT() REPRESENTATION_CONTEXT('2D SPACE',''
  ) );
#3538 = PCURVE('',#1513,#3539);
#3539 = DEFINITIONAL_REPRESENTATION('',(#3540),#3544);
#3540 = LINE('',#3541,#3542);
#3541 = CARTESIAN_POINT('',(0.,0.));
#3542 = VECTOR('',#3543,1.);
#3543 = DIRECTION('',(0.,-1.));
#3544 = ( GEOMETRIC_REPRESENTATION_CONTEXT(2) 
PARAMETRIC_REPRESENTATION_CONTEXT() REPRESENTATION_CONTEXT('2D SPACE',''
  ) );
#3545 = ORIENTED_EDGE('',*,*,#1525,.F.);
#3546 = ORIENTED_EDGE('',*,*,#3499,.F.);
#3547 = ORIENTED_EDGE('',*,*,#3548,.T.);
#3548 = EDGE_CURVE('',#3448,#3524,#3549,.T.);
#3549 = SURFACE_CURVE('',#3550,(#3555,#3562),.PCURVE_S1.);
#3550 = CIRCLE('',#3551,1.65);
#3551 = AXIS2_PLACEMENT_3D('',#3552,#3553,#3554);
#3552 = CARTESIAN_POINT('',(-27.95,-11.45,114.28));
#3553 = DIRECTION('',(0.,0.,1.));
#3554 = DIRECTION('',(1.,0.,-0.));
#3555 = PCURVE('',#1542,#3556);
#3556 = DEFINITIONAL_REPRESENTATION('',(#3557),#3561);
#3557 = LINE('',#3558,#3559);
#3558 = CARTESIAN_POINT('',(6.28318530718,0.));
#3559 = VECTOR('',#3560,1.);
#3560 = DIRECTION('',(-1.,0.));
#3561 = ( GEOMETRIC_REPRESENTATION_CONTEXT(2) 
PARAMETRIC_REPRESENTATION_CONTEXT() REPRESENTATION_CONTEXT('2D SPACE',''
  ) );
#3562 = PCURVE('',#3463,#3563);
#3563 = DEFINITIONAL_REPRESENTATION('',(#3564),#3568);
#3564 = CIRCLE('',#3565,1.65);
#3565 = AXIS2_PLACEMENT_2D('',#3566,#3567);
#3566 = CARTESIAN_POINT('',(-27.95,-11.45));
#3567 = DIRECTION('',(1.,0.));
#3568 = ( GEOMETRIC_REPRESENTATION_CONTEXT(2) 
PARAMETRIC_REPRESENTATION_CONTEXT() REPRESENTATION_CONTEXT('2D SPACE',''
  ) );
#3569 = ADVANCED_FACE('',(#3570),#1513,.F.);
#3570 = FACE_BOUND('',#3571,.F.);
#3571 = EDGE_LOOP('',(#3572,#3595,#3596,#3597));
#3572 = ORIENTED_EDGE('',*,*,#3573,.F.);
#3573 = EDGE_CURVE('',#3524,#3574,#3576,.T.);
#3574 = VERTEX_POINT('',#3575);
#3575 = CARTESIAN_POINT('',(-12.25,-13.1,114.28));
#3576 = SURFACE_CURVE('',#3577,(#3581,#3588),.PCURVE_S1.);
#3577 = LINE('',#3578,#3579);
#3578 = CARTESIAN_POINT('',(-27.95,-13.1,114.28));
#3579 = VECTOR('',#3580,1.);
#3580 = DIRECTION('',(1.,0.,0.));
#3581 = PCURVE('',#1513,#3582);
#3582 = DEFINITIONAL_REPRESENTATION('',(#3583),#3587);
#3583 = LINE('',#3584,#3585);
#3584 = CARTESIAN_POINT('',(0.,0.));
#3585 = VECTOR('',#3586,1.);
#3586 = DIRECTION('',(1.,0.));
#3587 = ( GEOMETRIC_REPRESENTATION_CONTEXT(2) 
PARAMETRIC_REPRESENTATION_CONTEXT() REPRESENTATION_CONTEXT('2D SPACE',''
  ) );
#3588 = PCURVE('',#3463,#3589);
#3589 = DEFINITIONAL_REPRESENTATION('',(#3590),#3594);
#3590 = LINE('',#3591,#3592);
#3591 = CARTESIAN_POINT('',(-27.95,-13.1));
#3592 = VECTOR('',#3593,1.);
#3593 = DIRECTION('',(1.,0.));
#3594 = ( GEOMETRIC_REPRESENTATION_CONTEXT(2) 
PARAMETRIC_REPRESENTATION_CONTEXT() REPRESENTATION_CONTEXT('2D SPACE',''
  ) );
#3595 = ORIENTED_EDGE('',*,*,#3523,.T.);
#3596 = ORIENTED_EDGE('',*,*,#1497,.T.);
#3597 = ORIENTED_EDGE('',*,*,#3598,.T.);
#3598 = EDGE_CURVE('',#1470,#3574,#3599,.T.);
#3599 = SURFACE_CURVE('',#3600,(#3604,#3611),.PCURVE_S1.);
#3600 = LINE('',#3601,#3602);
#3601 = CARTESIAN_POINT('',(-12.25,-13.1,114.155));
#3602 = VECTOR('',#3603,1.);
#3603 = DIRECTION('',(0.,0.,-1.));
#3604 = PCURVE('',#1513,#3605);
#3605 = DEFINITIONAL_REPRESENTATION('',(#3606),#3610);
#3606 = LINE('',#3607,#3608);
#3607 = CARTESIAN_POINT('',(15.7,0.125));
#3608 = VECTOR('',#3609,1.);
#3609 = DIRECTION('',(0.,1.));
#3610 = ( GEOMETRIC_REPRESENTATION_CONTEXT(2) 
PARAMETRIC_REPRESENTATION_CONTEXT() REPRESENTATION_CONTEXT('2D SPACE',''
  ) );
#3611 = PCURVE('',#1485,#3612);
#3612 = DEFINITIONAL_REPRESENTATION('',(#3613),#3617);
#3613 = LINE('',#3614,#3615);
#3614 = CARTESIAN_POINT('',(0.125,-1.65));
#3615 = VECTOR('',#3616,1.);
#3616 = DIRECTION('',(-1.,0.));
#3617 = ( GEOMETRIC_REPRESENTATION_CONTEXT(2) 
PARAMETRIC_REPRESENTATION_CONTEXT() REPRESENTATION_CONTEXT('2D SPACE',''
  ) );
#3618 = ADVANCED_FACE('',(#3619),#1485,.T.);
#3619 = FACE_BOUND('',#3620,.T.);
#3620 = EDGE_LOOP('',(#3621,#3622,#3623,#3646));
#3621 = ORIENTED_EDGE('',*,*,#1469,.F.);
#3622 = ORIENTED_EDGE('',*,*,#3598,.T.);
#3623 = ORIENTED_EDGE('',*,*,#3624,.T.);
#3624 = EDGE_CURVE('',#3574,#3625,#3627,.T.);
#3625 = VERTEX_POINT('',#3626);
#3626 = CARTESIAN_POINT('',(-12.25,-12.25,114.28));
#3627 = SURFACE_CURVE('',#3628,(#3632,#3639),.PCURVE_S1.);
#3628 = LINE('',#3629,#3630);
#3629 = CARTESIAN_POINT('',(-12.25,-7.375,114.28));
#3630 = VECTOR('',#3631,1.);
#3631 = DIRECTION('',(0.,1.,0.));
#3632 = PCURVE('',#1485,#3633);
#3633 = DEFINITIONAL_REPRESENTATION('',(#3634),#3638);
#3634 = LINE('',#3635,#3636);
#3635 = CARTESIAN_POINT('',(0.25,-7.375));
#3636 = VECTOR('',#3637,1.);
#3637 = DIRECTION('',(0.,-1.));
#3638 = ( GEOMETRIC_REPRESENTATION_CONTEXT(2) 
PARAMETRIC_REPRESENTATION_CONTEXT() REPRESENTATION_CONTEXT('2D SPACE',''
  ) );
#3639 = PCURVE('',#3463,#3640);
#3640 = DEFINITIONAL_REPRESENTATION('',(#3641),#3645);
#3641 = LINE('',#3642,#3643);
#3642 = CARTESIAN_POINT('',(-12.25,-7.375));
#3643 = VECTOR('',#3644,1.);
#3644 = DIRECTION('',(0.,1.));
#3645 = ( GEOMETRIC_REPRESENTATION_CONTEXT(2) 
PARAMETRIC_REPRESENTATION_CONTEXT() REPRESENTATION_CONTEXT('2D SPACE',''
  ) );
#3646 = ORIENTED_EDGE('',*,*,#3647,.F.);
#3647 = EDGE_CURVE('',#1442,#3625,#3648,.T.);
#3648 = SURFACE_CURVE('',#3649,(#3653,#3660),.PCURVE_S1.);
#3649 = LINE('',#3650,#3651);
#3650 = CARTESIAN_POINT('',(-12.25,-12.25,114.105));
#3651 = VECTOR('',#3652,1.);
#3652 = DIRECTION('',(0.,0.,-1.));
#3653 = PCURVE('',#1485,#3654);
#3654 = DEFINITIONAL_REPRESENTATION('',(#3655),#3659);
#3655 = LINE('',#3656,#3657);
#3656 = CARTESIAN_POINT('',(7.5E-02,-2.5));
#3657 = VECTOR('',#3658,1.);
#3658 = DIRECTION('',(-1.,0.));
#3659 = ( GEOMETRIC_REPRESENTATION_CONTEXT(2) 
PARAMETRIC_REPRESENTATION_CONTEXT() REPRESENTATION_CONTEXT('2D SPACE',''
  ) );
#3660 = PCURVE('',#1457,#3661);
#3661 = DEFINITIONAL_REPRESENTATION('',(#3662),#3666);
#3662 = LINE('',#3663,#3664);
#3663 = CARTESIAN_POINT('',(15.5,7.5E-02));
#3664 = VECTOR('',#3665,1.);
#3665 = DIRECTION('',(0.,1.));
#3666 = ( GEOMETRIC_REPRESENTATION_CONTEXT(2) 
PARAMETRIC_REPRESENTATION_CONTEXT() REPRESENTATION_CONTEXT('2D SPACE',''
  ) );
#3667 = ADVANCED_FACE('',(#3668),#1457,.T.);
#3668 = FACE_BOUND('',#3669,.T.);
#3669 = EDGE_LOOP('',(#3670,#3671,#3694,#3715));
#3670 = ORIENTED_EDGE('',*,*,#3647,.T.);
#3671 = ORIENTED_EDGE('',*,*,#3672,.T.);
#3672 = EDGE_CURVE('',#3625,#3673,#3675,.T.);
#3673 = VERTEX_POINT('',#3674);
#3674 = CARTESIAN_POINT('',(-27.75,-12.25,114.28));
#3675 = SURFACE_CURVE('',#3676,(#3680,#3687),.PCURVE_S1.);
#3676 = LINE('',#3677,#3678);
#3677 = CARTESIAN_POINT('',(-13.875,-12.25,114.28));
#3678 = VECTOR('',#3679,1.);
#3679 = DIRECTION('',(-1.,0.,0.));
#3680 = PCURVE('',#1457,#3681);
#3681 = DEFINITIONAL_REPRESENTATION('',(#3682),#3686);
#3682 = LINE('',#3683,#3684);
#3683 = CARTESIAN_POINT('',(13.875,-9.999999999999E-02));
#3684 = VECTOR('',#3685,1.);
#3685 = DIRECTION('',(-1.,0.));
#3686 = ( GEOMETRIC_REPRESENTATION_CONTEXT(2) 
PARAMETRIC_REPRESENTATION_CONTEXT() REPRESENTATION_CONTEXT('2D SPACE',''
  ) );
#3687 = PCURVE('',#3463,#3688);
#3688 = DEFINITIONAL_REPRESENTATION('',(#3689),#3693);
#3689 = LINE('',#3690,#3691);
#3690 = CARTESIAN_POINT('',(-13.875,-12.25));
#3691 = VECTOR('',#3692,1.);
#3692 = DIRECTION('',(-1.,0.));
#3693 = ( GEOMETRIC_REPRESENTATION_CONTEXT(2) 
PARAMETRIC_REPRESENTATION_CONTEXT() REPRESENTATION_CONTEXT('2D SPACE',''
  ) );
#3694 = ORIENTED_EDGE('',*,*,#3695,.T.);
#3695 = EDGE_CURVE('',#3673,#1409,#3696,.T.);
#3696 = SURFACE_CURVE('',#3697,(#3701,#3708),.PCURVE_S1.);
#3697 = LINE('',#3698,#3699);
#3698 = CARTESIAN_POINT('',(-27.75,-12.25,114.18));
#3699 = VECTOR('',#3700,1.);
#3700 = DIRECTION('',(0.,0.,1.));
#3701 = PCURVE('',#1457,#3702);
#3702 = DEFINITIONAL_REPRESENTATION('',(#3703),#3707);
#3703 = LINE('',#3704,#3705);
#3704 = CARTESIAN_POINT('',(0.,0.));
#3705 = VECTOR('',#3706,1.);
#3706 = DIRECTION('',(0.,-1.));
#3707 = ( GEOMETRIC_REPRESENTATION_CONTEXT(2) 
PARAMETRIC_REPRESENTATION_CONTEXT() REPRESENTATION_CONTEXT('2D SPACE',''
  ) );
#3708 = PCURVE('',#1429,#3709);
#3709 = DEFINITIONAL_REPRESENTATION('',(#3710),#3714);
#3710 = LINE('',#3711,#3712);
#3711 = CARTESIAN_POINT('',(1.570796326795,0.));
#3712 = VECTOR('',#3713,1.);
#3713 = DIRECTION('',(-0.,-1.));
#3714 = ( GEOMETRIC_REPRESENTATION_CONTEXT(2) 
PARAMETRIC_REPRESENTATION_CONTEXT() REPRESENTATION_CONTEXT('2D SPACE',''
  ) );
#3715 = ORIENTED_EDGE('',*,*,#1441,.F.);
#3716 = ADVANCED_FACE('',(#3717),#1429,.F.);
#3717 = FACE_BOUND('',#3718,.F.);
#3718 = EDGE_LOOP('',(#3719,#3720,#3721,#3744));
#3719 = ORIENTED_EDGE('',*,*,#3695,.T.);
#3720 = ORIENTED_EDGE('',*,*,#1408,.T.);
#3721 = ORIENTED_EDGE('',*,*,#3722,.F.);
#3722 = EDGE_CURVE('',#3723,#1381,#3725,.T.);
#3723 = VERTEX_POINT('',#3724);
#3724 = CARTESIAN_POINT('',(-28.75,-11.25,114.28));
#3725 = SURFACE_CURVE('',#3726,(#3730,#3737),.PCURVE_S1.);
#3726 = LINE('',#3727,#3728);
#3727 = CARTESIAN_POINT('',(-28.75,-11.25,114.18));
#3728 = VECTOR('',#3729,1.);
#3729 = DIRECTION('',(0.,0.,1.));
#3730 = PCURVE('',#1429,#3731);
#3731 = DEFINITIONAL_REPRESENTATION('',(#3732),#3736);
#3732 = LINE('',#3733,#3734);
#3733 = CARTESIAN_POINT('',(3.14159265359,0.));
#3734 = VECTOR('',#3735,1.);
#3735 = DIRECTION('',(-0.,-1.));
#3736 = ( GEOMETRIC_REPRESENTATION_CONTEXT(2) 
PARAMETRIC_REPRESENTATION_CONTEXT() REPRESENTATION_CONTEXT('2D SPACE',''
  ) );
#3737 = PCURVE('',#1396,#3738);
#3738 = DEFINITIONAL_REPRESENTATION('',(#3739),#3743);
#3739 = LINE('',#3740,#3741);
#3740 = CARTESIAN_POINT('',(22.5,0.));
#3741 = VECTOR('',#3742,1.);
#3742 = DIRECTION('',(0.,-1.));
#3743 = ( GEOMETRIC_REPRESENTATION_CONTEXT(2) 
PARAMETRIC_REPRESENTATION_CONTEXT() REPRESENTATION_CONTEXT('2D SPACE',''
  ) );
#3744 = ORIENTED_EDGE('',*,*,#3745,.F.);
#3745 = EDGE_CURVE('',#3673,#3723,#3746,.T.);
#3746 = SURFACE_CURVE('',#3747,(#3752,#3759),.PCURVE_S1.);
#3747 = CIRCLE('',#3748,1.);
#3748 = AXIS2_PLACEMENT_3D('',#3749,#3750,#3751);
#3749 = CARTESIAN_POINT('',(-27.75,-11.25,114.28));
#3750 = DIRECTION('',(0.,0.,-1.));
#3751 = DIRECTION('',(1.,0.,0.));
#3752 = PCURVE('',#1429,#3753);
#3753 = DEFINITIONAL_REPRESENTATION('',(#3754),#3758);
#3754 = LINE('',#3755,#3756);
#3755 = CARTESIAN_POINT('',(-4.138911435803E-13,-0.1));
#3756 = VECTOR('',#3757,1.);
#3757 = DIRECTION('',(1.,-0.));
#3758 = ( GEOMETRIC_REPRESENTATION_CONTEXT(2) 
PARAMETRIC_REPRESENTATION_CONTEXT() REPRESENTATION_CONTEXT('2D SPACE',''
  ) );
#3759 = PCURVE('',#3463,#3760);
#3760 = DEFINITIONAL_REPRESENTATION('',(#3761),#3769);
#3761 = ( BOUNDED_CURVE() B_SPLINE_CURVE(2,(#3762,#3763,#3764,#3765,
#3766,#3767,#3768),.UNSPECIFIED.,.T.,.F.) B_SPLINE_CURVE_WITH_KNOTS((1,2
    ,2,2,2,1),(-2.094395102393,0.,2.094395102393,4.188790204786,
6.28318530718,8.377580409573),.UNSPECIFIED.) CURVE() 
GEOMETRIC_REPRESENTATION_ITEM() RATIONAL_B_SPLINE_CURVE((1.,0.5,1.,0.5,
1.,0.5,1.)) REPRESENTATION_ITEM('') );
#3762 = CARTESIAN_POINT('',(-26.75,-11.25));
#3763 = CARTESIAN_POINT('',(-26.75,-12.98205080756));
#3764 = CARTESIAN_POINT('',(-28.25,-12.11602540378));
#3765 = CARTESIAN_POINT('',(-29.75,-11.25));
#3766 = CARTESIAN_POINT('',(-28.25,-10.38397459621));
#3767 = CARTESIAN_POINT('',(-26.75,-9.517949192431));
#3768 = CARTESIAN_POINT('',(-26.75,-11.25));
#3769 = ( GEOMETRIC_REPRESENTATION_CONTEXT(2) 
PARAMETRIC_REPRESENTATION_CONTEXT() REPRESENTATION_CONTEXT('2D SPACE',''
  ) );
#3770 = ADVANCED_FACE('',(#3771),#1396,.T.);
#3771 = FACE_BOUND('',#3772,.T.);
#3772 = EDGE_LOOP('',(#3773,#3774,#3797,#3825,#3853,#3881,#3904,#3932,
    #3955,#3976));
#3773 = ORIENTED_EDGE('',*,*,#3722,.F.);
#3774 = ORIENTED_EDGE('',*,*,#3775,.T.);
#3775 = EDGE_CURVE('',#3723,#3776,#3778,.T.);
#3776 = VERTEX_POINT('',#3777);
#3777 = CARTESIAN_POINT('',(-28.75,-8.37,114.28));
#3778 = SURFACE_CURVE('',#3779,(#3783,#3790),.PCURVE_S1.);
#3779 = LINE('',#3780,#3781);
#3780 = CARTESIAN_POINT('',(-28.75,5.625,114.28));
#3781 = VECTOR('',#3782,1.);
#3782 = DIRECTION('',(-0.,1.,0.));
#3783 = PCURVE('',#1396,#3784);
#3784 = DEFINITIONAL_REPRESENTATION('',(#3785),#3789);
#3785 = LINE('',#3786,#3787);
#3786 = CARTESIAN_POINT('',(5.625,-9.999999999999E-02));
#3787 = VECTOR('',#3788,1.);
#3788 = DIRECTION('',(-1.,-0.));
#3789 = ( GEOMETRIC_REPRESENTATION_CONTEXT(2) 
PARAMETRIC_REPRESENTATION_CONTEXT() REPRESENTATION_CONTEXT('2D SPACE',''
  ) );
#3790 = PCURVE('',#3463,#3791);
#3791 = DEFINITIONAL_REPRESENTATION('',(#3792),#3796);
#3792 = LINE('',#3793,#3794);
#3793 = CARTESIAN_POINT('',(-28.75,5.625));
#3794 = VECTOR('',#3795,1.);
#3795 = DIRECTION('',(0.,1.));
#3796 = ( GEOMETRIC_REPRESENTATION_CONTEXT(2) 
PARAMETRIC_REPRESENTATION_CONTEXT() REPRESENTATION_CONTEXT('2D SPACE',''
  ) );
#3797 = ORIENTED_EDGE('',*,*,#3798,.T.);
#3798 = EDGE_CURVE('',#3776,#3799,#3801,.T.);
#3799 = VERTEX_POINT('',#3800);
#3800 = CARTESIAN_POINT('',(-28.75,-8.37,114.88));
#3801 = SURFACE_CURVE('',#3802,(#3806,#3813),.PCURVE_S1.);
#3802 = LINE('',#3803,#3804);
#3803 = CARTESIAN_POINT('',(-28.75,-8.37,107.88));
#3804 = VECTOR('',#3805,1.);
#3805 = DIRECTION('',(0.,0.,1.));
#3806 = PCURVE('',#1396,#3807);
#3807 = DEFINITIONAL_REPRESENTATION('',(#3808),#3812);
#3808 = LINE('',#3809,#3810);
#3809 = CARTESIAN_POINT('',(19.62,6.3));
#3810 = VECTOR('',#3811,1.);
#3811 = DIRECTION('',(0.,-1.));
#3812 = ( GEOMETRIC_REPRESENTATION_CONTEXT(2) 
PARAMETRIC_REPRESENTATION_CONTEXT() REPRESENTATION_CONTEXT('2D SPACE',''
  ) );
#3813 = PCURVE('',#3814,#3819);
#3814 = CYLINDRICAL_SURFACE('',#3815,0.75);
#3815 = AXIS2_PLACEMENT_3D('',#3816,#3817,#3818);
#3816 = CARTESIAN_POINT('',(-28.75,-7.62,107.88));
#3817 = DIRECTION('',(0.,0.,1.));
#3818 = DIRECTION('',(-1.,-0.,0.));
#3819 = DEFINITIONAL_REPRESENTATION('',(#3820),#3824);
#3820 = LINE('',#3821,#3822);
#3821 = CARTESIAN_POINT('',(1.570796326795,0.));
#3822 = VECTOR('',#3823,1.);
#3823 = DIRECTION('',(0.,1.));
#3824 = ( GEOMETRIC_REPRESENTATION_CONTEXT(2) 
PARAMETRIC_REPRESENTATION_CONTEXT() REPRESENTATION_CONTEXT('2D SPACE',''
  ) );
#3825 = ORIENTED_EDGE('',*,*,#3826,.T.);
#3826 = EDGE_CURVE('',#3799,#3827,#3829,.T.);
#3827 = VERTEX_POINT('',#3828);
#3828 = CARTESIAN_POINT('',(-28.75,5.67,114.88));
#3829 = SURFACE_CURVE('',#3830,(#3834,#3841),.PCURVE_S1.);
#3830 = LINE('',#3831,#3832);
#3831 = CARTESIAN_POINT('',(-28.75,-8.37,114.88));
#3832 = VECTOR('',#3833,1.);
#3833 = DIRECTION('',(0.,1.,0.));
#3834 = PCURVE('',#1396,#3835);
#3835 = DEFINITIONAL_REPRESENTATION('',(#3836),#3840);
#3836 = LINE('',#3837,#3838);
#3837 = CARTESIAN_POINT('',(19.62,-0.7));
#3838 = VECTOR('',#3839,1.);
#3839 = DIRECTION('',(-1.,0.));
#3840 = ( GEOMETRIC_REPRESENTATION_CONTEXT(2) 
PARAMETRIC_REPRESENTATION_CONTEXT() REPRESENTATION_CONTEXT('2D SPACE',''
  ) );
#3841 = PCURVE('',#3842,#3847);
#3842 = PLANE('',#3843);
#3843 = AXIS2_PLACEMENT_3D('',#3844,#3845,#3846);
#3844 = CARTESIAN_POINT('',(-29.5,-8.13,114.88));
#3845 = DIRECTION('',(0.,0.,1.));
#3846 = DIRECTION('',(1.,0.,-0.));
#3847 = DEFINITIONAL_REPRESENTATION('',(#3848),#3852);
#3848 = LINE('',#3849,#3850);
#3849 = CARTESIAN_POINT('',(0.75,-0.24));
#3850 = VECTOR('',#3851,1.);
#3851 = DIRECTION('',(0.,1.));
#3852 = ( GEOMETRIC_REPRESENTATION_CONTEXT(2) 
PARAMETRIC_REPRESENTATION_CONTEXT() REPRESENTATION_CONTEXT('2D SPACE',''
  ) );
#3853 = ORIENTED_EDGE('',*,*,#3854,.T.);
#3854 = EDGE_CURVE('',#3827,#3855,#3857,.T.);
#3855 = VERTEX_POINT('',#3856);
#3856 = CARTESIAN_POINT('',(-28.75,5.67,114.28));
#3857 = SURFACE_CURVE('',#3858,(#3862,#3869),.PCURVE_S1.);
#3858 = LINE('',#3859,#3860);
#3859 = CARTESIAN_POINT('',(-28.75,5.67,114.88));
#3860 = VECTOR('',#3861,1.);
#3861 = DIRECTION('',(0.,0.,-1.));
#3862 = PCURVE('',#1396,#3863);
#3863 = DEFINITIONAL_REPRESENTATION('',(#3864),#3868);
#3864 = LINE('',#3865,#3866);
#3865 = CARTESIAN_POINT('',(5.58,-0.7));
#3866 = VECTOR('',#3867,1.);
#3867 = DIRECTION('',(0.,1.));
#3868 = ( GEOMETRIC_REPRESENTATION_CONTEXT(2) 
PARAMETRIC_REPRESENTATION_CONTEXT() REPRESENTATION_CONTEXT('2D SPACE',''
  ) );
#3869 = PCURVE('',#3870,#3875);
#3870 = CYLINDRICAL_SURFACE('',#3871,0.75);
#3871 = AXIS2_PLACEMENT_3D('',#3872,#3873,#3874);
#3872 = CARTESIAN_POINT('',(-28.75,4.92,107.88));
#3873 = DIRECTION('',(0.,0.,1.));
#3874 = DIRECTION('',(-1.,-0.,0.));
#3875 = DEFINITIONAL_REPRESENTATION('',(#3876),#3880);
#3876 = LINE('',#3877,#3878);
#3877 = CARTESIAN_POINT('',(4.712388980385,7.));
#3878 = VECTOR('',#3879,1.);
#3879 = DIRECTION('',(-0.,-1.));
#3880 = ( GEOMETRIC_REPRESENTATION_CONTEXT(2) 
PARAMETRIC_REPRESENTATION_CONTEXT() REPRESENTATION_CONTEXT('2D SPACE',''
  ) );
#3881 = ORIENTED_EDGE('',*,*,#3882,.T.);
#3882 = EDGE_CURVE('',#3855,#3883,#3885,.T.);
#3883 = VERTEX_POINT('',#3884);
#3884 = CARTESIAN_POINT('',(-28.75,11.25,114.28));
#3885 = SURFACE_CURVE('',#3886,(#3890,#3897),.PCURVE_S1.);
#3886 = LINE('',#3887,#3888);
#3887 = CARTESIAN_POINT('',(-28.75,5.625,114.28));
#3888 = VECTOR('',#3889,1.);
#3889 = DIRECTION('',(-0.,1.,0.));
#3890 = PCURVE('',#1396,#3891);
#3891 = DEFINITIONAL_REPRESENTATION('',(#3892),#3896);
#3892 = LINE('',#3893,#3894);
#3893 = CARTESIAN_POINT('',(5.625,-9.999999999999E-02));
#3894 = VECTOR('',#3895,1.);
#3895 = DIRECTION('',(-1.,-0.));
#3896 = ( GEOMETRIC_REPRESENTATION_CONTEXT(2) 
PARAMETRIC_REPRESENTATION_CONTEXT() REPRESENTATION_CONTEXT('2D SPACE',''
  ) );
#3897 = PCURVE('',#3463,#3898);
#3898 = DEFINITIONAL_REPRESENTATION('',(#3899),#3903);
#3899 = LINE('',#3900,#3901);
#3900 = CARTESIAN_POINT('',(-28.75,5.625));
#3901 = VECTOR('',#3902,1.);
#3902 = DIRECTION('',(0.,1.));
#3903 = ( GEOMETRIC_REPRESENTATION_CONTEXT(2) 
PARAMETRIC_REPRESENTATION_CONTEXT() REPRESENTATION_CONTEXT('2D SPACE',''
  ) );
#3904 = ORIENTED_EDGE('',*,*,#3905,.T.);
#3905 = EDGE_CURVE('',#3883,#3906,#3908,.T.);
#3906 = VERTEX_POINT('',#3907);
#3907 = CARTESIAN_POINT('',(-28.75,11.25,115.185));
#3908 = SURFACE_CURVE('',#3909,(#3913,#3920),.PCURVE_S1.);
#3909 = LINE('',#3910,#3911);
#3910 = CARTESIAN_POINT('',(-28.75,11.25,114.18));
#3911 = VECTOR('',#3912,1.);
#3912 = DIRECTION('',(0.,0.,1.));
#3913 = PCURVE('',#1396,#3914);
#3914 = DEFINITIONAL_REPRESENTATION('',(#3915),#3919);
#3915 = LINE('',#3916,#3917);
#3916 = CARTESIAN_POINT('',(0.,0.));
#3917 = VECTOR('',#3918,1.);
#3918 = DIRECTION('',(0.,-1.));
#3919 = ( GEOMETRIC_REPRESENTATION_CONTEXT(2) 
PARAMETRIC_REPRESENTATION_CONTEXT() REPRESENTATION_CONTEXT('2D SPACE',''
  ) );
#3920 = PCURVE('',#3921,#3926);
#3921 = CYLINDRICAL_SURFACE('',#3922,1.);
#3922 = AXIS2_PLACEMENT_3D('',#3923,#3924,#3925);
#3923 = CARTESIAN_POINT('',(-27.75,11.25,114.18));
#3924 = DIRECTION('',(-0.,-0.,-1.));
#3925 = DIRECTION('',(1.,0.,0.));
#3926 = DEFINITIONAL_REPRESENTATION('',(#3927),#3931);
#3927 = LINE('',#3928,#3929);
#3928 = CARTESIAN_POINT('',(3.14159265359,0.));
#3929 = VECTOR('',#3930,1.);
#3930 = DIRECTION('',(-0.,-1.));
#3931 = ( GEOMETRIC_REPRESENTATION_CONTEXT(2) 
PARAMETRIC_REPRESENTATION_CONTEXT() REPRESENTATION_CONTEXT('2D SPACE',''
  ) );
#3932 = ORIENTED_EDGE('',*,*,#3933,.T.);
#3933 = EDGE_CURVE('',#3906,#3934,#3936,.T.);
#3934 = VERTEX_POINT('',#3935);
#3935 = CARTESIAN_POINT('',(-28.75,-10.6,115.185));
#3936 = SURFACE_CURVE('',#3937,(#3941,#3948),.PCURVE_S1.);
#3937 = LINE('',#3938,#3939);
#3938 = CARTESIAN_POINT('',(-28.75,-4.375,115.185));
#3939 = VECTOR('',#3940,1.);
#3940 = DIRECTION('',(0.,-1.,0.));
#3941 = PCURVE('',#1396,#3942);
#3942 = DEFINITIONAL_REPRESENTATION('',(#3943),#3947);
#3943 = LINE('',#3944,#3945);
#3944 = CARTESIAN_POINT('',(15.625,-1.005));
#3945 = VECTOR('',#3946,1.);
#3946 = DIRECTION('',(1.,0.));
#3947 = ( GEOMETRIC_REPRESENTATION_CONTEXT(2) 
PARAMETRIC_REPRESENTATION_CONTEXT() REPRESENTATION_CONTEXT('2D SPACE',''
  ) );
#3948 = PCURVE('',#2348,#3949);
#3949 = DEFINITIONAL_REPRESENTATION('',(#3950),#3954);
#3950 = LINE('',#3951,#3952);
#3951 = CARTESIAN_POINT('',(6.25,15.625));
#3952 = VECTOR('',#3953,1.);
#3953 = DIRECTION('',(0.,-1.));
#3954 = ( GEOMETRIC_REPRESENTATION_CONTEXT(2) 
PARAMETRIC_REPRESENTATION_CONTEXT() REPRESENTATION_CONTEXT('2D SPACE',''
  ) );
#3955 = ORIENTED_EDGE('',*,*,#3956,.T.);
#3956 = EDGE_CURVE('',#3934,#1353,#3957,.T.);
#3957 = SURFACE_CURVE('',#3958,(#3962,#3969),.PCURVE_S1.);
#3958 = LINE('',#3959,#3960);
#3959 = CARTESIAN_POINT('',(-28.75,-10.6,114.315));
#3960 = VECTOR('',#3961,1.);
#3961 = DIRECTION('',(0.,-0.,1.));
#3962 = PCURVE('',#1396,#3963);
#3963 = DEFINITIONAL_REPRESENTATION('',(#3964),#3968);
#3964 = LINE('',#3965,#3966);
#3965 = CARTESIAN_POINT('',(21.85,-0.135));
#3966 = VECTOR('',#3967,1.);
#3967 = DIRECTION('',(0.,-1.));
#3968 = ( GEOMETRIC_REPRESENTATION_CONTEXT(2) 
PARAMETRIC_REPRESENTATION_CONTEXT() REPRESENTATION_CONTEXT('2D SPACE',''
  ) );
#3969 = PCURVE('',#1368,#3970);
#3970 = DEFINITIONAL_REPRESENTATION('',(#3971),#3975);
#3971 = LINE('',#3972,#3973);
#3972 = CARTESIAN_POINT('',(-0.135,3.25));
#3973 = VECTOR('',#3974,1.);
#3974 = DIRECTION('',(1.,0.));
#3975 = ( GEOMETRIC_REPRESENTATION_CONTEXT(2) 
PARAMETRIC_REPRESENTATION_CONTEXT() REPRESENTATION_CONTEXT('2D SPACE',''
  ) );
#3976 = ORIENTED_EDGE('',*,*,#1380,.F.);
#3977 = ADVANCED_FACE('',(#3978),#1368,.F.);
#3978 = FACE_BOUND('',#3979,.F.);
#3979 = EDGE_LOOP('',(#3980,#4002,#4023,#4024));
#3980 = ORIENTED_EDGE('',*,*,#3981,.T.);
#3981 = EDGE_CURVE('',#1320,#3982,#3984,.T.);
#3982 = VERTEX_POINT('',#3983);
#3983 = CARTESIAN_POINT('',(-26.32287565553,-10.6,115.185));
#3984 = SURFACE_CURVE('',#3985,(#3989,#3996),.PCURVE_S1.);
#3985 = LINE('',#3986,#3987);
#3986 = CARTESIAN_POINT('',(-26.32287565553,-10.6,112.5));
#3987 = VECTOR('',#3988,1.);
#3988 = DIRECTION('',(-0.,-0.,-1.));
#3989 = PCURVE('',#1368,#3990);
#3990 = DEFINITIONAL_REPRESENTATION('',(#3991),#3995);
#3991 = LINE('',#3992,#3993);
#3992 = CARTESIAN_POINT('',(-1.95,5.67712434447));
#3993 = VECTOR('',#3994,1.);
#3994 = DIRECTION('',(-1.,0.));
#3995 = ( GEOMETRIC_REPRESENTATION_CONTEXT(2) 
PARAMETRIC_REPRESENTATION_CONTEXT() REPRESENTATION_CONTEXT('2D SPACE',''
  ) );
#3996 = PCURVE('',#1340,#3997);
#3997 = DEFINITIONAL_REPRESENTATION('',(#3998),#4001);
#3998 = B_SPLINE_CURVE_WITH_KNOTS('',1,(#3999,#4000),.UNSPECIFIED.,.F.,
  .F.,(2,2),(-2.7345,-2.6805),.PIECEWISE_BEZIER_KNOTS.);
#3999 = CARTESIAN_POINT('',(2.544186236945,-2.7345));
#4000 = CARTESIAN_POINT('',(2.544186236945,-2.6805));
#4001 = ( GEOMETRIC_REPRESENTATION_CONTEXT(2) 
PARAMETRIC_REPRESENTATION_CONTEXT() REPRESENTATION_CONTEXT('2D SPACE',''
  ) );
#4002 = ORIENTED_EDGE('',*,*,#4003,.T.);
#4003 = EDGE_CURVE('',#3982,#3934,#4004,.T.);
#4004 = SURFACE_CURVE('',#4005,(#4009,#4016),.PCURVE_S1.);
#4005 = LINE('',#4006,#4007);
#4006 = CARTESIAN_POINT('',(-33.5,-10.6,115.185));
#4007 = VECTOR('',#4008,1.);
#4008 = DIRECTION('',(-1.,0.,0.));
#4009 = PCURVE('',#1368,#4010);
#4010 = DEFINITIONAL_REPRESENTATION('',(#4011),#4015);
#4011 = LINE('',#4012,#4013);
#4012 = CARTESIAN_POINT('',(0.735,-1.5));
#4013 = VECTOR('',#4014,1.);
#4014 = DIRECTION('',(0.,-1.));
#4015 = ( GEOMETRIC_REPRESENTATION_CONTEXT(2) 
PARAMETRIC_REPRESENTATION_CONTEXT() REPRESENTATION_CONTEXT('2D SPACE',''
  ) );
#4016 = PCURVE('',#2348,#4017);
#4017 = DEFINITIONAL_REPRESENTATION('',(#4018),#4022);
#4018 = LINE('',#4019,#4020);
#4019 = CARTESIAN_POINT('',(1.5,9.4));
#4020 = VECTOR('',#4021,1.);
#4021 = DIRECTION('',(-1.,0.));
#4022 = ( GEOMETRIC_REPRESENTATION_CONTEXT(2) 
PARAMETRIC_REPRESENTATION_CONTEXT() REPRESENTATION_CONTEXT('2D SPACE',''
  ) );
#4023 = ORIENTED_EDGE('',*,*,#3956,.T.);
#4024 = ORIENTED_EDGE('',*,*,#1352,.F.);
#4025 = ADVANCED_FACE('',(#4026,#4156,#4278),#1340,.F.);
#4026 = FACE_BOUND('',#4027,.F.);
#4027 = EDGE_LOOP('',(#4028,#4029,#4030,#4052,#4080,#4103,#4129,#4130));
#4028 = ORIENTED_EDGE('',*,*,#3981,.F.);
#4029 = ORIENTED_EDGE('',*,*,#1319,.F.);
#4030 = ORIENTED_EDGE('',*,*,#4031,.T.);
#4031 = EDGE_CURVE('',#1292,#4032,#4034,.T.);
#4032 = VERTEX_POINT('',#4033);
#4033 = CARTESIAN_POINT('',(-23.67712434446,-10.6,115.185));
#4034 = SURFACE_CURVE('',#4035,(#4039,#4045),.PCURVE_S1.);
#4035 = LINE('',#4036,#4037);
#4036 = CARTESIAN_POINT('',(-23.67712434446,-10.6,112.5));
#4037 = VECTOR('',#4038,1.);
#4038 = DIRECTION('',(-0.,-0.,-1.));
#4039 = PCURVE('',#1340,#4040);
#4040 = DEFINITIONAL_REPRESENTATION('',(#4041),#4044);
#4041 = B_SPLINE_CURVE_WITH_KNOTS('',1,(#4042,#4043),.UNSPECIFIED.,.F.,
  .F.,(2,2),(-2.7345,-2.6805),.PIECEWISE_BEZIER_KNOTS.);
#4042 = CARTESIAN_POINT('',(0.597406416646,-2.7345));
#4043 = CARTESIAN_POINT('',(0.597406416646,-2.6805));
#4044 = ( GEOMETRIC_REPRESENTATION_CONTEXT(2) 
PARAMETRIC_REPRESENTATION_CONTEXT() REPRESENTATION_CONTEXT('2D SPACE',''
  ) );
#4045 = PCURVE('',#1307,#4046);
#4046 = DEFINITIONAL_REPRESENTATION('',(#4047),#4051);
#4047 = LINE('',#4048,#4049);
#4048 = CARTESIAN_POINT('',(-1.95,8.32287565554));
#4049 = VECTOR('',#4050,1.);
#4050 = DIRECTION('',(-1.,0.));
#4051 = ( GEOMETRIC_REPRESENTATION_CONTEXT(2) 
PARAMETRIC_REPRESENTATION_CONTEXT() REPRESENTATION_CONTEXT('2D SPACE',''
  ) );
#4052 = ORIENTED_EDGE('',*,*,#4053,.F.);
#4053 = EDGE_CURVE('',#4054,#4032,#4056,.T.);
#4054 = VERTEX_POINT('',#4055);
#4055 = CARTESIAN_POINT('',(-23.4,-9.7,115.185));
#4056 = SURFACE_CURVE('',#4057,(#4062,#4069),.PCURVE_S1.);
#4057 = CIRCLE('',#4058,1.6);
#4058 = AXIS2_PLACEMENT_3D('',#4059,#4060,#4061);
#4059 = CARTESIAN_POINT('',(-25.,-9.7,115.185));
#4060 = DIRECTION('',(0.,0.,-1.));
#4061 = DIRECTION('',(1.,0.,0.));
#4062 = PCURVE('',#1340,#4063);
#4063 = DEFINITIONAL_REPRESENTATION('',(#4064),#4068);
#4064 = LINE('',#4065,#4066);
#4065 = CARTESIAN_POINT('',(-4.138911435803E-13,-2.685));
#4066 = VECTOR('',#4067,1.);
#4067 = DIRECTION('',(1.,-0.));
#4068 = ( GEOMETRIC_REPRESENTATION_CONTEXT(2) 
PARAMETRIC_REPRESENTATION_CONTEXT() REPRESENTATION_CONTEXT('2D SPACE',''
  ) );
#4069 = PCURVE('',#2348,#4070);
#4070 = DEFINITIONAL_REPRESENTATION('',(#4071),#4079);
#4071 = ( BOUNDED_CURVE() B_SPLINE_CURVE(2,(#4072,#4073,#4074,#4075,
#4076,#4077,#4078),.UNSPECIFIED.,.T.,.F.) B_SPLINE_CURVE_WITH_KNOTS((1,2
    ,2,2,2,1),(-2.094395102393,0.,2.094395102393,4.188790204786,
6.28318530718,8.377580409573),.UNSPECIFIED.) CURVE() 
GEOMETRIC_REPRESENTATION_ITEM() RATIONAL_B_SPLINE_CURVE((1.,0.5,1.,0.5,
1.,0.5,1.)) REPRESENTATION_ITEM('') );
#4072 = CARTESIAN_POINT('',(11.6,10.3));
#4073 = CARTESIAN_POINT('',(11.6,7.52871870789));
#4074 = CARTESIAN_POINT('',(9.2,8.914359353945));
#4075 = CARTESIAN_POINT('',(6.8,10.3));
#4076 = CARTESIAN_POINT('',(9.2,11.685640646055));
#4077 = CARTESIAN_POINT('',(11.6,13.07128129211));
#4078 = CARTESIAN_POINT('',(11.6,10.3));
#4079 = ( GEOMETRIC_REPRESENTATION_CONTEXT(2) 
PARAMETRIC_REPRESENTATION_CONTEXT() REPRESENTATION_CONTEXT('2D SPACE',''
  ) );
#4080 = ORIENTED_EDGE('',*,*,#4081,.T.);
#4081 = EDGE_CURVE('',#4054,#4082,#4084,.T.);
#4082 = VERTEX_POINT('',#4083);
#4083 = CARTESIAN_POINT('',(-23.4,-9.7,116.98));
#4084 = SEAM_CURVE('',#4085,(#4089,#4096),.PCURVE_S1.);
#4085 = LINE('',#4086,#4087);
#4086 = CARTESIAN_POINT('',(-23.4,-9.7,112.5));
#4087 = VECTOR('',#4088,1.);
#4088 = DIRECTION('',(0.,0.,1.));
#4089 = PCURVE('',#1340,#4090);
#4090 = DEFINITIONAL_REPRESENTATION('',(#4091),#4095);
#4091 = LINE('',#4092,#4093);
#4092 = CARTESIAN_POINT('',(-4.138911435803E-13,0.));
#4093 = VECTOR('',#4094,1.);
#4094 = DIRECTION('',(-0.,-1.));
#4095 = ( GEOMETRIC_REPRESENTATION_CONTEXT(2) 
PARAMETRIC_REPRESENTATION_CONTEXT() REPRESENTATION_CONTEXT('2D SPACE',''
  ) );
#4096 = PCURVE('',#1340,#4097);
#4097 = DEFINITIONAL_REPRESENTATION('',(#4098),#4102);
#4098 = LINE('',#4099,#4100);
#4099 = CARTESIAN_POINT('',(6.28318530718,0.));
#4100 = VECTOR('',#4101,1.);
#4101 = DIRECTION('',(-0.,-1.));
#4102 = ( GEOMETRIC_REPRESENTATION_CONTEXT(2) 
PARAMETRIC_REPRESENTATION_CONTEXT() REPRESENTATION_CONTEXT('2D SPACE',''
  ) );
#4103 = ORIENTED_EDGE('',*,*,#4104,.T.);
#4104 = EDGE_CURVE('',#4082,#4082,#4105,.T.);
#4105 = SURFACE_CURVE('',#4106,(#4111,#4118),.PCURVE_S1.);
#4106 = CIRCLE('',#4107,1.6);
#4107 = AXIS2_PLACEMENT_3D('',#4108,#4109,#4110);
#4108 = CARTESIAN_POINT('',(-25.,-9.7,116.98));
#4109 = DIRECTION('',(0.,0.,-1.));
#4110 = DIRECTION('',(1.,0.,0.));
#4111 = PCURVE('',#1340,#4112);
#4112 = DEFINITIONAL_REPRESENTATION('',(#4113),#4117);
#4113 = LINE('',#4114,#4115);
#4114 = CARTESIAN_POINT('',(-4.138911435803E-13,-4.48));
#4115 = VECTOR('',#4116,1.);
#4116 = DIRECTION('',(1.,-0.));
#4117 = ( GEOMETRIC_REPRESENTATION_CONTEXT(2) 
PARAMETRIC_REPRESENTATION_CONTEXT() REPRESENTATION_CONTEXT('2D SPACE',''
  ) );
#4118 = PCURVE('',#2238,#4119);
#4119 = DEFINITIONAL_REPRESENTATION('',(#4120),#4128);
#4120 = ( BOUNDED_CURVE() B_SPLINE_CURVE(2,(#4121,#4122,#4123,#4124,
#4125,#4126,#4127),.UNSPECIFIED.,.T.,.F.) B_SPLINE_CURVE_WITH_KNOTS((1,2
    ,2,2,2,1),(-2.094395102393,0.,2.094395102393,4.188790204786,
6.28318530718,8.377580409573),.UNSPECIFIED.) CURVE() 
GEOMETRIC_REPRESENTATION_ITEM() RATIONAL_B_SPLINE_CURVE((1.,0.5,1.,0.5,
1.,0.5,1.)) REPRESENTATION_ITEM('') );
#4121 = CARTESIAN_POINT('',(1.6,0.));
#4122 = CARTESIAN_POINT('',(1.6,-2.77128129211));
#4123 = CARTESIAN_POINT('',(-0.8,-1.385640646055));
#4124 = CARTESIAN_POINT('',(-3.2,-3.918869757272E-16));
#4125 = CARTESIAN_POINT('',(-0.8,1.385640646055));
#4126 = CARTESIAN_POINT('',(1.6,2.77128129211));
#4127 = CARTESIAN_POINT('',(1.6,0.));
#4128 = ( GEOMETRIC_REPRESENTATION_CONTEXT(2) 
PARAMETRIC_REPRESENTATION_CONTEXT() REPRESENTATION_CONTEXT('2D SPACE',''
  ) );
#4129 = ORIENTED_EDGE('',*,*,#4081,.F.);
#4130 = ORIENTED_EDGE('',*,*,#4131,.F.);
#4131 = EDGE_CURVE('',#3982,#4054,#4132,.T.);
#4132 = SURFACE_CURVE('',#4133,(#4138,#4145),.PCURVE_S1.);
#4133 = CIRCLE('',#4134,1.6);
#4134 = AXIS2_PLACEMENT_3D('',#4135,#4136,#4137);
#4135 = CARTESIAN_POINT('',(-25.,-9.7,115.185));
#4136 = DIRECTION('',(0.,0.,-1.));
#4137 = DIRECTION('',(1.,0.,0.));
#4138 = PCURVE('',#1340,#4139);
#4139 = DEFINITIONAL_REPRESENTATION('',(#4140),#4144);
#4140 = LINE('',#4141,#4142);
#4141 = CARTESIAN_POINT('',(-4.138911435803E-13,-2.685));
#4142 = VECTOR('',#4143,1.);
#4143 = DIRECTION('',(1.,-0.));
#4144 = ( GEOMETRIC_REPRESENTATION_CONTEXT(2) 
PARAMETRIC_REPRESENTATION_CONTEXT() REPRESENTATION_CONTEXT('2D SPACE',''
  ) );
#4145 = PCURVE('',#2348,#4146);
#4146 = DEFINITIONAL_REPRESENTATION('',(#4147),#4155);
#4147 = ( BOUNDED_CURVE() B_SPLINE_CURVE(2,(#4148,#4149,#4150,#4151,
#4152,#4153,#4154),.UNSPECIFIED.,.T.,.F.) B_SPLINE_CURVE_WITH_KNOTS((1,2
    ,2,2,2,1),(-2.094395102393,0.,2.094395102393,4.188790204786,
6.28318530718,8.377580409573),.UNSPECIFIED.) CURVE() 
GEOMETRIC_REPRESENTATION_ITEM() RATIONAL_B_SPLINE_CURVE((1.,0.5,1.,0.5,
1.,0.5,1.)) REPRESENTATION_ITEM('') );
#4148 = CARTESIAN_POINT('',(11.6,10.3));
#4149 = CARTESIAN_POINT('',(11.6,7.52871870789));
#4150 = CARTESIAN_POINT('',(9.2,8.914359353945));
#4151 = CARTESIAN_POINT('',(6.8,10.3));
#4152 = CARTESIAN_POINT('',(9.2,11.685640646055));
#4153 = CARTESIAN_POINT('',(11.6,13.07128129211));
#4154 = CARTESIAN_POINT('',(11.6,10.3));
#4155 = ( GEOMETRIC_REPRESENTATION_CONTEXT(2) 
PARAMETRIC_REPRESENTATION_CONTEXT() REPRESENTATION_CONTEXT('2D SPACE',''
  ) );
#4156 = FACE_BOUND('',#4157,.F.);
#4157 = EDGE_LOOP('',(#4158,#4193,#4220,#4253));
#4158 = ORIENTED_EDGE('',*,*,#4159,.T.);
#4159 = EDGE_CURVE('',#4160,#4162,#4164,.T.);
#4160 = VERTEX_POINT('',#4161);
#4161 = CARTESIAN_POINT('',(-26.11242977306,-10.85,115.235));
#4162 = VERTEX_POINT('',#4163);
#4163 = CARTESIAN_POINT('',(-26.32287565553,-10.6,115.235));
#4164 = SURFACE_CURVE('',#4165,(#4170,#4177),.PCURVE_S1.);
#4165 = CIRCLE('',#4166,1.6);
#4166 = AXIS2_PLACEMENT_3D('',#4167,#4168,#4169);
#4167 = CARTESIAN_POINT('',(-25.,-9.7,115.235));
#4168 = DIRECTION('',(0.,0.,-1.));
#4169 = DIRECTION('',(1.,0.,0.));
#4170 = PCURVE('',#1340,#4171);
#4171 = DEFINITIONAL_REPRESENTATION('',(#4172),#4176);
#4172 = LINE('',#4173,#4174);
#4173 = CARTESIAN_POINT('',(-4.138911435803E-13,-2.735));
#4174 = VECTOR('',#4175,1.);
#4175 = DIRECTION('',(1.,-0.));
#4176 = ( GEOMETRIC_REPRESENTATION_CONTEXT(2) 
PARAMETRIC_REPRESENTATION_CONTEXT() REPRESENTATION_CONTEXT('2D SPACE',''
  ) );
#4177 = PCURVE('',#4178,#4183);
#4178 = PLANE('',#4179);
#4179 = AXIS2_PLACEMENT_3D('',#4180,#4181,#4182);
#4180 = CARTESIAN_POINT('',(-27.6,-10.85,115.235));
#4181 = DIRECTION('',(0.,0.,1.));
#4182 = DIRECTION('',(1.,0.,-0.));
#4183 = DEFINITIONAL_REPRESENTATION('',(#4184),#4192);
#4184 = ( BOUNDED_CURVE() B_SPLINE_CURVE(2,(#4185,#4186,#4187,#4188,
#4189,#4190,#4191),.UNSPECIFIED.,.T.,.F.) B_SPLINE_CURVE_WITH_KNOTS((1,2
    ,2,2,2,1),(-2.094395102393,0.,2.094395102393,4.188790204786,
6.28318530718,8.377580409573),.UNSPECIFIED.) CURVE() 
GEOMETRIC_REPRESENTATION_ITEM() RATIONAL_B_SPLINE_CURVE((1.,0.5,1.,0.5,
1.,0.5,1.)) REPRESENTATION_ITEM('') );
#4185 = CARTESIAN_POINT('',(4.2,1.15));
#4186 = CARTESIAN_POINT('',(4.2,-1.62128129211));
#4187 = CARTESIAN_POINT('',(1.8,-0.235640646055));
#4188 = CARTESIAN_POINT('',(-0.6,1.15));
#4189 = CARTESIAN_POINT('',(1.8,2.535640646055));
#4190 = CARTESIAN_POINT('',(4.2,3.92128129211));
#4191 = CARTESIAN_POINT('',(4.2,1.15));
#4192 = ( GEOMETRIC_REPRESENTATION_CONTEXT(2) 
PARAMETRIC_REPRESENTATION_CONTEXT() REPRESENTATION_CONTEXT('2D SPACE',''
  ) );
#4193 = ORIENTED_EDGE('',*,*,#4194,.F.);
#4194 = EDGE_CURVE('',#4195,#4162,#4197,.T.);
#4195 = VERTEX_POINT('',#4196);
#4196 = CARTESIAN_POINT('',(-26.32287565553,-10.6,116.385));
#4197 = SURFACE_CURVE('',#4198,(#4202,#4208),.PCURVE_S1.);
#4198 = LINE('',#4199,#4200);
#4199 = CARTESIAN_POINT('',(-26.32287565553,-10.6,112.5));
#4200 = VECTOR('',#4201,1.);
#4201 = DIRECTION('',(-0.,-0.,-1.));
#4202 = PCURVE('',#1340,#4203);
#4203 = DEFINITIONAL_REPRESENTATION('',(#4204),#4207);
#4204 = B_SPLINE_CURVE_WITH_KNOTS('',1,(#4205,#4206),.UNSPECIFIED.,.F.,
  .F.,(2,2),(-4.,-2.62),.PIECEWISE_BEZIER_KNOTS.);
#4205 = CARTESIAN_POINT('',(2.544186236945,-4.));
#4206 = CARTESIAN_POINT('',(2.544186236945,-2.62));
#4207 = ( GEOMETRIC_REPRESENTATION_CONTEXT(2) 
PARAMETRIC_REPRESENTATION_CONTEXT() REPRESENTATION_CONTEXT('2D SPACE',''
  ) );
#4208 = PCURVE('',#4209,#4214);
#4209 = PLANE('',#4210);
#4210 = AXIS2_PLACEMENT_3D('',#4211,#4212,#4213);
#4211 = CARTESIAN_POINT('',(-32.,-10.6,114.45));
#4212 = DIRECTION('',(0.,1.,0.));
#4213 = DIRECTION('',(0.,-0.,1.));
#4214 = DEFINITIONAL_REPRESENTATION('',(#4215),#4219);
#4215 = LINE('',#4216,#4217);
#4216 = CARTESIAN_POINT('',(-1.95,5.67712434447));
#4217 = VECTOR('',#4218,1.);
#4218 = DIRECTION('',(-1.,0.));
#4219 = ( GEOMETRIC_REPRESENTATION_CONTEXT(2) 
PARAMETRIC_REPRESENTATION_CONTEXT() REPRESENTATION_CONTEXT('2D SPACE',''
  ) );
#4220 = ORIENTED_EDGE('',*,*,#4221,.F.);
#4221 = EDGE_CURVE('',#4222,#4195,#4224,.T.);
#4222 = VERTEX_POINT('',#4223);
#4223 = CARTESIAN_POINT('',(-26.11242977306,-10.85,116.385));
#4224 = SURFACE_CURVE('',#4225,(#4230,#4237),.PCURVE_S1.);
#4225 = CIRCLE('',#4226,1.6);
#4226 = AXIS2_PLACEMENT_3D('',#4227,#4228,#4229);
#4227 = CARTESIAN_POINT('',(-25.,-9.7,116.385));
#4228 = DIRECTION('',(0.,0.,-1.));
#4229 = DIRECTION('',(1.,0.,0.));
#4230 = PCURVE('',#1340,#4231);
#4231 = DEFINITIONAL_REPRESENTATION('',(#4232),#4236);
#4232 = LINE('',#4233,#4234);
#4233 = CARTESIAN_POINT('',(-4.138911435803E-13,-3.885));
#4234 = VECTOR('',#4235,1.);
#4235 = DIRECTION('',(1.,-0.));
#4236 = ( GEOMETRIC_REPRESENTATION_CONTEXT(2) 
PARAMETRIC_REPRESENTATION_CONTEXT() REPRESENTATION_CONTEXT('2D SPACE',''
  ) );
#4237 = PCURVE('',#4238,#4243);
#4238 = PLANE('',#4239);
#4239 = AXIS2_PLACEMENT_3D('',#4240,#4241,#4242);
#4240 = CARTESIAN_POINT('',(-27.6,-10.85,116.385));
#4241 = DIRECTION('',(0.,0.,1.));
#4242 = DIRECTION('',(1.,0.,-0.));
#4243 = DEFINITIONAL_REPRESENTATION('',(#4244),#4252);
#4244 = ( BOUNDED_CURVE() B_SPLINE_CURVE(2,(#4245,#4246,#4247,#4248,
#4249,#4250,#4251),.UNSPECIFIED.,.T.,.F.) B_SPLINE_CURVE_WITH_KNOTS((1,2
    ,2,2,2,1),(-2.094395102393,0.,2.094395102393,4.188790204786,
6.28318530718,8.377580409573),.UNSPECIFIED.) CURVE() 
GEOMETRIC_REPRESENTATION_ITEM() RATIONAL_B_SPLINE_CURVE((1.,0.5,1.,0.5,
1.,0.5,1.)) REPRESENTATION_ITEM('') );
#4245 = CARTESIAN_POINT('',(4.2,1.15));
#4246 = CARTESIAN_POINT('',(4.2,-1.62128129211));
#4247 = CARTESIAN_POINT('',(1.8,-0.235640646055));
#4248 = CARTESIAN_POINT('',(-0.6,1.15));
#4249 = CARTESIAN_POINT('',(1.8,2.535640646055));
#4250 = CARTESIAN_POINT('',(4.2,3.92128129211));
#4251 = CARTESIAN_POINT('',(4.2,1.15));
#4252 = ( GEOMETRIC_REPRESENTATION_CONTEXT(2) 
PARAMETRIC_REPRESENTATION_CONTEXT() REPRESENTATION_CONTEXT('2D SPACE',''
  ) );
#4253 = ORIENTED_EDGE('',*,*,#4254,.T.);
#4254 = EDGE_CURVE('',#4222,#4160,#4255,.T.);
#4255 = SURFACE_CURVE('',#4256,(#4260,#4266),.PCURVE_S1.);
#4256 = LINE('',#4257,#4258);
#4257 = CARTESIAN_POINT('',(-26.11242977306,-10.85,112.5));
#4258 = VECTOR('',#4259,1.);
#4259 = DIRECTION('',(-0.,-0.,-1.));
#4260 = PCURVE('',#1340,#4261);
#4261 = DEFINITIONAL_REPRESENTATION('',(#4262),#4265);
#4262 = B_SPLINE_CURVE_WITH_KNOTS('',1,(#4263,#4264),.UNSPECIFIED.,.F.,
  .F.,(2,2),(-4.,-2.62),.PIECEWISE_BEZIER_KNOTS.);
#4263 = CARTESIAN_POINT('',(2.339589875787,-4.));
#4264 = CARTESIAN_POINT('',(2.339589875787,-2.62));
#4265 = ( GEOMETRIC_REPRESENTATION_CONTEXT(2) 
PARAMETRIC_REPRESENTATION_CONTEXT() REPRESENTATION_CONTEXT('2D SPACE',''
  ) );
#4266 = PCURVE('',#4267,#4272);
#4267 = PLANE('',#4268);
#4268 = AXIS2_PLACEMENT_3D('',#4269,#4270,#4271);
#4269 = CARTESIAN_POINT('',(-27.6,-10.85,115.235));
#4270 = DIRECTION('',(0.,1.,0.));
#4271 = DIRECTION('',(0.,-0.,1.));
#4272 = DEFINITIONAL_REPRESENTATION('',(#4273),#4277);
#4273 = LINE('',#4274,#4275);
#4274 = CARTESIAN_POINT('',(-2.735,1.48757022694));
#4275 = VECTOR('',#4276,1.);
#4276 = DIRECTION('',(-1.,0.));
#4277 = ( GEOMETRIC_REPRESENTATION_CONTEXT(2) 
PARAMETRIC_REPRESENTATION_CONTEXT() REPRESENTATION_CONTEXT('2D SPACE',''
  ) );
#4278 = FACE_BOUND('',#4279,.F.);
#4279 = EDGE_LOOP('',(#4280,#4309,#4342,#4369));
#4280 = ORIENTED_EDGE('',*,*,#4281,.T.);
#4281 = EDGE_CURVE('',#4282,#4284,#4286,.T.);
#4282 = VERTEX_POINT('',#4283);
#4283 = CARTESIAN_POINT('',(-23.67712434446,-10.6,116.385));
#4284 = VERTEX_POINT('',#4285);
#4285 = CARTESIAN_POINT('',(-23.67712434446,-10.6,115.235));
#4286 = SURFACE_CURVE('',#4287,(#4291,#4297),.PCURVE_S1.);
#4287 = LINE('',#4288,#4289);
#4288 = CARTESIAN_POINT('',(-23.67712434446,-10.6,112.5));
#4289 = VECTOR('',#4290,1.);
#4290 = DIRECTION('',(-0.,-0.,-1.));
#4291 = PCURVE('',#1340,#4292);
#4292 = DEFINITIONAL_REPRESENTATION('',(#4293),#4296);
#4293 = B_SPLINE_CURVE_WITH_KNOTS('',1,(#4294,#4295),.UNSPECIFIED.,.F.,
  .F.,(2,2),(-4.,-2.62),.PIECEWISE_BEZIER_KNOTS.);
#4294 = CARTESIAN_POINT('',(0.597406416646,-4.));
#4295 = CARTESIAN_POINT('',(0.597406416646,-2.62));
#4296 = ( GEOMETRIC_REPRESENTATION_CONTEXT(2) 
PARAMETRIC_REPRESENTATION_CONTEXT() REPRESENTATION_CONTEXT('2D SPACE',''
  ) );
#4297 = PCURVE('',#4298,#4303);
#4298 = PLANE('',#4299);
#4299 = AXIS2_PLACEMENT_3D('',#4300,#4301,#4302);
#4300 = CARTESIAN_POINT('',(-32.,-10.6,114.45));
#4301 = DIRECTION('',(0.,1.,0.));
#4302 = DIRECTION('',(0.,-0.,1.));
#4303 = DEFINITIONAL_REPRESENTATION('',(#4304),#4308);
#4304 = LINE('',#4305,#4306);
#4305 = CARTESIAN_POINT('',(-1.95,8.32287565554));
#4306 = VECTOR('',#4307,1.);
#4307 = DIRECTION('',(-1.,0.));
#4308 = ( GEOMETRIC_REPRESENTATION_CONTEXT(2) 
PARAMETRIC_REPRESENTATION_CONTEXT() REPRESENTATION_CONTEXT('2D SPACE',''
  ) );
#4309 = ORIENTED_EDGE('',*,*,#4310,.T.);
#4310 = EDGE_CURVE('',#4284,#4311,#4313,.T.);
#4311 = VERTEX_POINT('',#4312);
#4312 = CARTESIAN_POINT('',(-23.88757022693,-10.85,115.235));
#4313 = SURFACE_CURVE('',#4314,(#4319,#4326),.PCURVE_S1.);
#4314 = CIRCLE('',#4315,1.6);
#4315 = AXIS2_PLACEMENT_3D('',#4316,#4317,#4318);
#4316 = CARTESIAN_POINT('',(-25.,-9.7,115.235));
#4317 = DIRECTION('',(0.,0.,-1.));
#4318 = DIRECTION('',(1.,0.,0.));
#4319 = PCURVE('',#1340,#4320);
#4320 = DEFINITIONAL_REPRESENTATION('',(#4321),#4325);
#4321 = LINE('',#4322,#4323);
#4322 = CARTESIAN_POINT('',(-4.138911435803E-13,-2.735));
#4323 = VECTOR('',#4324,1.);
#4324 = DIRECTION('',(1.,-0.));
#4325 = ( GEOMETRIC_REPRESENTATION_CONTEXT(2) 
PARAMETRIC_REPRESENTATION_CONTEXT() REPRESENTATION_CONTEXT('2D SPACE',''
  ) );
#4326 = PCURVE('',#4327,#4332);
#4327 = PLANE('',#4328);
#4328 = AXIS2_PLACEMENT_3D('',#4329,#4330,#4331);
#4329 = CARTESIAN_POINT('',(-27.6,-10.85,115.235));
#4330 = DIRECTION('',(0.,0.,1.));
#4331 = DIRECTION('',(1.,0.,-0.));
#4332 = DEFINITIONAL_REPRESENTATION('',(#4333),#4341);
#4333 = ( BOUNDED_CURVE() B_SPLINE_CURVE(2,(#4334,#4335,#4336,#4337,
#4338,#4339,#4340),.UNSPECIFIED.,.T.,.F.) B_SPLINE_CURVE_WITH_KNOTS((1,2
    ,2,2,2,1),(-2.094395102393,0.,2.094395102393,4.188790204786,
6.28318530718,8.377580409573),.UNSPECIFIED.) CURVE() 
GEOMETRIC_REPRESENTATION_ITEM() RATIONAL_B_SPLINE_CURVE((1.,0.5,1.,0.5,
1.,0.5,1.)) REPRESENTATION_ITEM('') );
#4334 = CARTESIAN_POINT('',(4.2,1.15));
#4335 = CARTESIAN_POINT('',(4.2,-1.62128129211));
#4336 = CARTESIAN_POINT('',(1.8,-0.235640646055));
#4337 = CARTESIAN_POINT('',(-0.6,1.15));
#4338 = CARTESIAN_POINT('',(1.8,2.535640646055));
#4339 = CARTESIAN_POINT('',(4.2,3.92128129211));
#4340 = CARTESIAN_POINT('',(4.2,1.15));
#4341 = ( GEOMETRIC_REPRESENTATION_CONTEXT(2) 
PARAMETRIC_REPRESENTATION_CONTEXT() REPRESENTATION_CONTEXT('2D SPACE',''
  ) );
#4342 = ORIENTED_EDGE('',*,*,#4343,.F.);
#4343 = EDGE_CURVE('',#4344,#4311,#4346,.T.);
#4344 = VERTEX_POINT('',#4345);
#4345 = CARTESIAN_POINT('',(-23.88757022693,-10.85,116.385));
#4346 = SURFACE_CURVE('',#4347,(#4351,#4357),.PCURVE_S1.);
#4347 = LINE('',#4348,#4349);
#4348 = CARTESIAN_POINT('',(-23.88757022693,-10.85,112.5));
#4349 = VECTOR('',#4350,1.);
#4350 = DIRECTION('',(-0.,-0.,-1.));
#4351 = PCURVE('',#1340,#4352);
#4352 = DEFINITIONAL_REPRESENTATION('',(#4353),#4356);
#4353 = B_SPLINE_CURVE_WITH_KNOTS('',1,(#4354,#4355),.UNSPECIFIED.,.F.,
  .F.,(2,2),(-4.,-2.62),.PIECEWISE_BEZIER_KNOTS.);
#4354 = CARTESIAN_POINT('',(0.802002777804,-4.));
#4355 = CARTESIAN_POINT('',(0.802002777804,-2.62));
#4356 = ( GEOMETRIC_REPRESENTATION_CONTEXT(2) 
PARAMETRIC_REPRESENTATION_CONTEXT() REPRESENTATION_CONTEXT('2D SPACE',''
  ) );
#4357 = PCURVE('',#4358,#4363);
#4358 = PLANE('',#4359);
#4359 = AXIS2_PLACEMENT_3D('',#4360,#4361,#4362);
#4360 = CARTESIAN_POINT('',(-27.6,-10.85,115.235));
#4361 = DIRECTION('',(0.,1.,0.));
#4362 = DIRECTION('',(0.,-0.,1.));
#4363 = DEFINITIONAL_REPRESENTATION('',(#4364),#4368);
#4364 = LINE('',#4365,#4366);
#4365 = CARTESIAN_POINT('',(-2.735,3.71242977307));
#4366 = VECTOR('',#4367,1.);
#4367 = DIRECTION('',(-1.,0.));
#4368 = ( GEOMETRIC_REPRESENTATION_CONTEXT(2) 
PARAMETRIC_REPRESENTATION_CONTEXT() REPRESENTATION_CONTEXT('2D SPACE',''
  ) );
#4369 = ORIENTED_EDGE('',*,*,#4370,.F.);
#4370 = EDGE_CURVE('',#4282,#4344,#4371,.T.);
#4371 = SURFACE_CURVE('',#4372,(#4377,#4384),.PCURVE_S1.);
#4372 = CIRCLE('',#4373,1.6);
#4373 = AXIS2_PLACEMENT_3D('',#4374,#4375,#4376);
#4374 = CARTESIAN_POINT('',(-25.,-9.7,116.385));
#4375 = DIRECTION('',(0.,0.,-1.));
#4376 = DIRECTION('',(1.,0.,0.));
#4377 = PCURVE('',#1340,#4378);
#4378 = DEFINITIONAL_REPRESENTATION('',(#4379),#4383);
#4379 = LINE('',#4380,#4381);
#4380 = CARTESIAN_POINT('',(-4.138911435803E-13,-3.885));
#4381 = VECTOR('',#4382,1.);
#4382 = DIRECTION('',(1.,-0.));
#4383 = ( GEOMETRIC_REPRESENTATION_CONTEXT(2) 
PARAMETRIC_REPRESENTATION_CONTEXT() REPRESENTATION_CONTEXT('2D SPACE',''
  ) );
#4384 = PCURVE('',#4385,#4390);
#4385 = PLANE('',#4386);
#4386 = AXIS2_PLACEMENT_3D('',#4387,#4388,#4389);
#4387 = CARTESIAN_POINT('',(-27.6,-10.85,116.385));
#4388 = DIRECTION('',(0.,0.,1.));
#4389 = DIRECTION('',(1.,0.,-0.));
#4390 = DEFINITIONAL_REPRESENTATION('',(#4391),#4399);
#4391 = ( BOUNDED_CURVE() B_SPLINE_CURVE(2,(#4392,#4393,#4394,#4395,
#4396,#4397,#4398),.UNSPECIFIED.,.T.,.F.) B_SPLINE_CURVE_WITH_KNOTS((1,2
    ,2,2,2,1),(-2.094395102393,0.,2.094395102393,4.188790204786,
6.28318530718,8.377580409573),.UNSPECIFIED.) CURVE() 
GEOMETRIC_REPRESENTATION_ITEM() RATIONAL_B_SPLINE_CURVE((1.,0.5,1.,0.5,
1.,0.5,1.)) REPRESENTATION_ITEM('') );
#4392 = CARTESIAN_POINT('',(4.2,1.15));
#4393 = CARTESIAN_POINT('',(4.2,-1.62128129211));
#4394 = CARTESIAN_POINT('',(1.8,-0.235640646055));
#4395 = CARTESIAN_POINT('',(-0.6,1.15));
#4396 = CARTESIAN_POINT('',(1.8,2.535640646055));
#4397 = CARTESIAN_POINT('',(4.2,3.92128129211));
#4398 = CARTESIAN_POINT('',(4.2,1.15));
#4399 = ( GEOMETRIC_REPRESENTATION_CONTEXT(2) 
PARAMETRIC_REPRESENTATION_CONTEXT() REPRESENTATION_CONTEXT('2D SPACE',''
  ) );
#4400 = ADVANCED_FACE('',(#4401),#1307,.F.);
#4401 = FACE_BOUND('',#4402,.F.);
#4402 = EDGE_LOOP('',(#4403,#4425,#4446,#4447));
#4403 = ORIENTED_EDGE('',*,*,#4404,.T.);
#4404 = EDGE_CURVE('',#1259,#4405,#4407,.T.);
#4405 = VERTEX_POINT('',#4406);
#4406 = CARTESIAN_POINT('',(23.677124344468,-10.6,115.185));
#4407 = SURFACE_CURVE('',#4408,(#4412,#4419),.PCURVE_S1.);
#4408 = LINE('',#4409,#4410);
#4409 = CARTESIAN_POINT('',(23.677124344468,-10.6,112.5));
#4410 = VECTOR('',#4411,1.);
#4411 = DIRECTION('',(-0.,-0.,-1.));
#4412 = PCURVE('',#1307,#4413);
#4413 = DEFINITIONAL_REPRESENTATION('',(#4414),#4418);
#4414 = LINE('',#4415,#4416);
#4415 = CARTESIAN_POINT('',(-1.95,55.677124344468));
#4416 = VECTOR('',#4417,1.);
#4417 = DIRECTION('',(-1.,0.));
#4418 = ( GEOMETRIC_REPRESENTATION_CONTEXT(2) 
PARAMETRIC_REPRESENTATION_CONTEXT() REPRESENTATION_CONTEXT('2D SPACE',''
  ) );
#4419 = PCURVE('',#1279,#4420);
#4420 = DEFINITIONAL_REPRESENTATION('',(#4421),#4424);
#4421 = B_SPLINE_CURVE_WITH_KNOTS('',1,(#4422,#4423),.UNSPECIFIED.,.F.,
  .F.,(2,2),(-2.7345,-2.6805),.PIECEWISE_BEZIER_KNOTS.);
#4422 = CARTESIAN_POINT('',(2.544186236945,-2.7345));
#4423 = CARTESIAN_POINT('',(2.544186236945,-2.6805));
#4424 = ( GEOMETRIC_REPRESENTATION_CONTEXT(2) 
PARAMETRIC_REPRESENTATION_CONTEXT() REPRESENTATION_CONTEXT('2D SPACE',''
  ) );
#4425 = ORIENTED_EDGE('',*,*,#4426,.T.);
#4426 = EDGE_CURVE('',#4405,#4032,#4427,.T.);
#4427 = SURFACE_CURVE('',#4428,(#4432,#4439),.PCURVE_S1.);
#4428 = LINE('',#4429,#4430);
#4429 = CARTESIAN_POINT('',(-33.5,-10.6,115.185));
#4430 = VECTOR('',#4431,1.);
#4431 = DIRECTION('',(-1.,0.,0.));
#4432 = PCURVE('',#1307,#4433);
#4433 = DEFINITIONAL_REPRESENTATION('',(#4434),#4438);
#4434 = LINE('',#4435,#4436);
#4435 = CARTESIAN_POINT('',(0.735,-1.5));
#4436 = VECTOR('',#4437,1.);
#4437 = DIRECTION('',(0.,-1.));
#4438 = ( GEOMETRIC_REPRESENTATION_CONTEXT(2) 
PARAMETRIC_REPRESENTATION_CONTEXT() REPRESENTATION_CONTEXT('2D SPACE',''
  ) );
#4439 = PCURVE('',#2348,#4440);
#4440 = DEFINITIONAL_REPRESENTATION('',(#4441),#4445);
#4441 = LINE('',#4442,#4443);
#4442 = CARTESIAN_POINT('',(1.5,9.4));
#4443 = VECTOR('',#4444,1.);
#4444 = DIRECTION('',(-1.,0.));
#4445 = ( GEOMETRIC_REPRESENTATION_CONTEXT(2) 
PARAMETRIC_REPRESENTATION_CONTEXT() REPRESENTATION_CONTEXT('2D SPACE',''
  ) );
#4446 = ORIENTED_EDGE('',*,*,#4031,.F.);
#4447 = ORIENTED_EDGE('',*,*,#1291,.F.);
#4448 = ADVANCED_FACE('',(#4449,#4579,#4701),#1279,.F.);
#4449 = FACE_BOUND('',#4450,.F.);
#4450 = EDGE_LOOP('',(#4451,#4452,#4453,#4475,#4503,#4526,#4552,#4553));
#4451 = ORIENTED_EDGE('',*,*,#4404,.F.);
#4452 = ORIENTED_EDGE('',*,*,#1258,.F.);
#4453 = ORIENTED_EDGE('',*,*,#4454,.T.);
#4454 = EDGE_CURVE('',#1231,#4455,#4457,.T.);
#4455 = VERTEX_POINT('',#4456);
#4456 = CARTESIAN_POINT('',(26.322875655532,-10.6,115.185));
#4457 = SURFACE_CURVE('',#4458,(#4462,#4468),.PCURVE_S1.);
#4458 = LINE('',#4459,#4460);
#4459 = CARTESIAN_POINT('',(26.322875655532,-10.6,112.5));
#4460 = VECTOR('',#4461,1.);
#4461 = DIRECTION('',(-0.,-0.,-1.));
#4462 = PCURVE('',#1279,#4463);
#4463 = DEFINITIONAL_REPRESENTATION('',(#4464),#4467);
#4464 = B_SPLINE_CURVE_WITH_KNOTS('',1,(#4465,#4466),.UNSPECIFIED.,.F.,
  .F.,(2,2),(-2.7345,-2.6805),.PIECEWISE_BEZIER_KNOTS.);
#4465 = CARTESIAN_POINT('',(0.597406416646,-2.7345));
#4466 = CARTESIAN_POINT('',(0.597406416646,-2.6805));
#4467 = ( GEOMETRIC_REPRESENTATION_CONTEXT(2) 
PARAMETRIC_REPRESENTATION_CONTEXT() REPRESENTATION_CONTEXT('2D SPACE',''
  ) );
#4468 = PCURVE('',#1246,#4469);
#4469 = DEFINITIONAL_REPRESENTATION('',(#4470),#4474);
#4470 = LINE('',#4471,#4472);
#4471 = CARTESIAN_POINT('',(-1.95,58.322875655532));
#4472 = VECTOR('',#4473,1.);
#4473 = DIRECTION('',(-1.,0.));
#4474 = ( GEOMETRIC_REPRESENTATION_CONTEXT(2) 
PARAMETRIC_REPRESENTATION_CONTEXT() REPRESENTATION_CONTEXT('2D SPACE',''
  ) );
#4475 = ORIENTED_EDGE('',*,*,#4476,.F.);
#4476 = EDGE_CURVE('',#4477,#4455,#4479,.T.);
#4477 = VERTEX_POINT('',#4478);
#4478 = CARTESIAN_POINT('',(26.6,-9.7,115.185));
#4479 = SURFACE_CURVE('',#4480,(#4485,#4492),.PCURVE_S1.);
#4480 = CIRCLE('',#4481,1.6);
#4481 = AXIS2_PLACEMENT_3D('',#4482,#4483,#4484);
#4482 = CARTESIAN_POINT('',(25.,-9.7,115.185));
#4483 = DIRECTION('',(0.,0.,-1.));
#4484 = DIRECTION('',(1.,0.,0.));
#4485 = PCURVE('',#1279,#4486);
#4486 = DEFINITIONAL_REPRESENTATION('',(#4487),#4491);
#4487 = LINE('',#4488,#4489);
#4488 = CARTESIAN_POINT('',(-4.138911435803E-13,-2.685));
#4489 = VECTOR('',#4490,1.);
#4490 = DIRECTION('',(1.,-0.));
#4491 = ( GEOMETRIC_REPRESENTATION_CONTEXT(2) 
PARAMETRIC_REPRESENTATION_CONTEXT() REPRESENTATION_CONTEXT('2D SPACE',''
  ) );
#4492 = PCURVE('',#2348,#4493);
#4493 = DEFINITIONAL_REPRESENTATION('',(#4494),#4502);
#4494 = ( BOUNDED_CURVE() B_SPLINE_CURVE(2,(#4495,#4496,#4497,#4498,
#4499,#4500,#4501),.UNSPECIFIED.,.T.,.F.) B_SPLINE_CURVE_WITH_KNOTS((1,2
    ,2,2,2,1),(-2.094395102393,0.,2.094395102393,4.188790204786,
6.28318530718,8.377580409573),.UNSPECIFIED.) CURVE() 
GEOMETRIC_REPRESENTATION_ITEM() RATIONAL_B_SPLINE_CURVE((1.,0.5,1.,0.5,
1.,0.5,1.)) REPRESENTATION_ITEM('') );
#4495 = CARTESIAN_POINT('',(61.6,10.3));
#4496 = CARTESIAN_POINT('',(61.6,7.52871870789));
#4497 = CARTESIAN_POINT('',(59.2,8.914359353945));
#4498 = CARTESIAN_POINT('',(56.8,10.3));
#4499 = CARTESIAN_POINT('',(59.2,11.685640646055));
#4500 = CARTESIAN_POINT('',(61.6,13.07128129211));
#4501 = CARTESIAN_POINT('',(61.6,10.3));
#4502 = ( GEOMETRIC_REPRESENTATION_CONTEXT(2) 
PARAMETRIC_REPRESENTATION_CONTEXT() REPRESENTATION_CONTEXT('2D SPACE',''
  ) );
#4503 = ORIENTED_EDGE('',*,*,#4504,.T.);
#4504 = EDGE_CURVE('',#4477,#4505,#4507,.T.);
#4505 = VERTEX_POINT('',#4506);
#4506 = CARTESIAN_POINT('',(26.6,-9.7,116.98));
#4507 = SEAM_CURVE('',#4508,(#4512,#4519),.PCURVE_S1.);
#4508 = LINE('',#4509,#4510);
#4509 = CARTESIAN_POINT('',(26.6,-9.7,112.5));
#4510 = VECTOR('',#4511,1.);
#4511 = DIRECTION('',(0.,0.,1.));
#4512 = PCURVE('',#1279,#4513);
#4513 = DEFINITIONAL_REPRESENTATION('',(#4514),#4518);
#4514 = LINE('',#4515,#4516);
#4515 = CARTESIAN_POINT('',(-4.138911435803E-13,0.));
#4516 = VECTOR('',#4517,1.);
#4517 = DIRECTION('',(-0.,-1.));
#4518 = ( GEOMETRIC_REPRESENTATION_CONTEXT(2) 
PARAMETRIC_REPRESENTATION_CONTEXT() REPRESENTATION_CONTEXT('2D SPACE',''
  ) );
#4519 = PCURVE('',#1279,#4520);
#4520 = DEFINITIONAL_REPRESENTATION('',(#4521),#4525);
#4521 = LINE('',#4522,#4523);
#4522 = CARTESIAN_POINT('',(6.28318530718,0.));
#4523 = VECTOR('',#4524,1.);
#4524 = DIRECTION('',(-0.,-1.));
#4525 = ( GEOMETRIC_REPRESENTATION_CONTEXT(2) 
PARAMETRIC_REPRESENTATION_CONTEXT() REPRESENTATION_CONTEXT('2D SPACE',''
  ) );
#4526 = ORIENTED_EDGE('',*,*,#4527,.T.);
#4527 = EDGE_CURVE('',#4505,#4505,#4528,.T.);
#4528 = SURFACE_CURVE('',#4529,(#4534,#4541),.PCURVE_S1.);
#4529 = CIRCLE('',#4530,1.6);
#4530 = AXIS2_PLACEMENT_3D('',#4531,#4532,#4533);
#4531 = CARTESIAN_POINT('',(25.,-9.7,116.98));
#4532 = DIRECTION('',(0.,0.,-1.));
#4533 = DIRECTION('',(1.,0.,0.));
#4534 = PCURVE('',#1279,#4535);
#4535 = DEFINITIONAL_REPRESENTATION('',(#4536),#4540);
#4536 = LINE('',#4537,#4538);
#4537 = CARTESIAN_POINT('',(-4.138911435803E-13,-4.48));
#4538 = VECTOR('',#4539,1.);
#4539 = DIRECTION('',(1.,-0.));
#4540 = ( GEOMETRIC_REPRESENTATION_CONTEXT(2) 
PARAMETRIC_REPRESENTATION_CONTEXT() REPRESENTATION_CONTEXT('2D SPACE',''
  ) );
#4541 = PCURVE('',#2293,#4542);
#4542 = DEFINITIONAL_REPRESENTATION('',(#4543),#4551);
#4543 = ( BOUNDED_CURVE() B_SPLINE_CURVE(2,(#4544,#4545,#4546,#4547,
#4548,#4549,#4550),.UNSPECIFIED.,.T.,.F.) B_SPLINE_CURVE_WITH_KNOTS((1,2
    ,2,2,2,1),(-2.094395102393,0.,2.094395102393,4.188790204786,
6.28318530718,8.377580409573),.UNSPECIFIED.) CURVE() 
GEOMETRIC_REPRESENTATION_ITEM() RATIONAL_B_SPLINE_CURVE((1.,0.5,1.,0.5,
1.,0.5,1.)) REPRESENTATION_ITEM('') );
#4544 = CARTESIAN_POINT('',(1.6,0.));
#4545 = CARTESIAN_POINT('',(1.6,-2.77128129211));
#4546 = CARTESIAN_POINT('',(-0.8,-1.385640646055));
#4547 = CARTESIAN_POINT('',(-3.2,-3.918869757272E-16));
#4548 = CARTESIAN_POINT('',(-0.8,1.385640646055));
#4549 = CARTESIAN_POINT('',(1.6,2.77128129211));
#4550 = CARTESIAN_POINT('',(1.6,0.));
#4551 = ( GEOMETRIC_REPRESENTATION_CONTEXT(2) 
PARAMETRIC_REPRESENTATION_CONTEXT() REPRESENTATION_CONTEXT('2D SPACE',''
  ) );
#4552 = ORIENTED_EDGE('',*,*,#4504,.F.);
#4553 = ORIENTED_EDGE('',*,*,#4554,.F.);
#4554 = EDGE_CURVE('',#4405,#4477,#4555,.T.);
#4555 = SURFACE_CURVE('',#4556,(#4561,#4568),.PCURVE_S1.);
#4556 = CIRCLE('',#4557,1.6);
#4557 = AXIS2_PLACEMENT_3D('',#4558,#4559,#4560);
#4558 = CARTESIAN_POINT('',(25.,-9.7,115.185));
#4559 = DIRECTION('',(0.,0.,-1.));
#4560 = DIRECTION('',(1.,0.,0.));
#4561 = PCURVE('',#1279,#4562);
#4562 = DEFINITIONAL_REPRESENTATION('',(#4563),#4567);
#4563 = LINE('',#4564,#4565);
#4564 = CARTESIAN_POINT('',(-4.138911435803E-13,-2.685));
#4565 = VECTOR('',#4566,1.);
#4566 = DIRECTION('',(1.,-0.));
#4567 = ( GEOMETRIC_REPRESENTATION_CONTEXT(2) 
PARAMETRIC_REPRESENTATION_CONTEXT() REPRESENTATION_CONTEXT('2D SPACE',''
  ) );
#4568 = PCURVE('',#2348,#4569);
#4569 = DEFINITIONAL_REPRESENTATION('',(#4570),#4578);
#4570 = ( BOUNDED_CURVE() B_SPLINE_CURVE(2,(#4571,#4572,#4573,#4574,
#4575,#4576,#4577),.UNSPECIFIED.,.T.,.F.) B_SPLINE_CURVE_WITH_KNOTS((1,2
    ,2,2,2,1),(-2.094395102393,0.,2.094395102393,4.188790204786,
6.28318530718,8.377580409573),.UNSPECIFIED.) CURVE() 
GEOMETRIC_REPRESENTATION_ITEM() RATIONAL_B_SPLINE_CURVE((1.,0.5,1.,0.5,
1.,0.5,1.)) REPRESENTATION_ITEM('') );
#4571 = CARTESIAN_POINT('',(61.6,10.3));
#4572 = CARTESIAN_POINT('',(61.6,7.52871870789));
#4573 = CARTESIAN_POINT('',(59.2,8.914359353945));
#4574 = CARTESIAN_POINT('',(56.8,10.3));
#4575 = CARTESIAN_POINT('',(59.2,11.685640646055));
#4576 = CARTESIAN_POINT('',(61.6,13.07128129211));
#4577 = CARTESIAN_POINT('',(61.6,10.3));
#4578 = ( GEOMETRIC_REPRESENTATION_CONTEXT(2) 
PARAMETRIC_REPRESENTATION_CONTEXT() REPRESENTATION_CONTEXT('2D SPACE',''
  ) );
#4579 = FACE_BOUND('',#4580,.F.);
#4580 = EDGE_LOOP('',(#4581,#4610,#4643,#4670));
#4581 = ORIENTED_EDGE('',*,*,#4582,.F.);
#4582 = EDGE_CURVE('',#4583,#4585,#4587,.T.);
#4583 = VERTEX_POINT('',#4584);
#4584 = CARTESIAN_POINT('',(23.677124344468,-10.6,116.385));
#4585 = VERTEX_POINT('',#4586);
#4586 = CARTESIAN_POINT('',(23.677124344468,-10.6,115.235));
#4587 = SURFACE_CURVE('',#4588,(#4592,#4598),.PCURVE_S1.);
#4588 = LINE('',#4589,#4590);
#4589 = CARTESIAN_POINT('',(23.677124344468,-10.6,112.5));
#4590 = VECTOR('',#4591,1.);
#4591 = DIRECTION('',(-0.,-0.,-1.));
#4592 = PCURVE('',#1279,#4593);
#4593 = DEFINITIONAL_REPRESENTATION('',(#4594),#4597);
#4594 = B_SPLINE_CURVE_WITH_KNOTS('',1,(#4595,#4596),.UNSPECIFIED.,.F.,
  .F.,(2,2),(-4.,-2.62),.PIECEWISE_BEZIER_KNOTS.);
#4595 = CARTESIAN_POINT('',(2.544186236945,-4.));
#4596 = CARTESIAN_POINT('',(2.544186236945,-2.62));
#4597 = ( GEOMETRIC_REPRESENTATION_CONTEXT(2) 
PARAMETRIC_REPRESENTATION_CONTEXT() REPRESENTATION_CONTEXT('2D SPACE',''
  ) );
#4598 = PCURVE('',#4599,#4604);
#4599 = PLANE('',#4600);
#4600 = AXIS2_PLACEMENT_3D('',#4601,#4602,#4603);
#4601 = CARTESIAN_POINT('',(-32.,-10.6,114.45));
#4602 = DIRECTION('',(0.,1.,0.));
#4603 = DIRECTION('',(0.,-0.,1.));
#4604 = DEFINITIONAL_REPRESENTATION('',(#4605),#4609);
#4605 = LINE('',#4606,#4607);
#4606 = CARTESIAN_POINT('',(-1.95,55.677124344468));
#4607 = VECTOR('',#4608,1.);
#4608 = DIRECTION('',(-1.,0.));
#4609 = ( GEOMETRIC_REPRESENTATION_CONTEXT(2) 
PARAMETRIC_REPRESENTATION_CONTEXT() REPRESENTATION_CONTEXT('2D SPACE',''
  ) );
#4610 = ORIENTED_EDGE('',*,*,#4611,.F.);
#4611 = EDGE_CURVE('',#4612,#4583,#4614,.T.);
#4612 = VERTEX_POINT('',#4613);
#4613 = CARTESIAN_POINT('',(23.887570226936,-10.85,116.385));
#4614 = SURFACE_CURVE('',#4615,(#4620,#4627),.PCURVE_S1.);
#4615 = CIRCLE('',#4616,1.6);
#4616 = AXIS2_PLACEMENT_3D('',#4617,#4618,#4619);
#4617 = CARTESIAN_POINT('',(25.,-9.7,116.385));
#4618 = DIRECTION('',(0.,0.,-1.));
#4619 = DIRECTION('',(1.,0.,0.));
#4620 = PCURVE('',#1279,#4621);
#4621 = DEFINITIONAL_REPRESENTATION('',(#4622),#4626);
#4622 = LINE('',#4623,#4624);
#4623 = CARTESIAN_POINT('',(-4.138911435803E-13,-3.885));
#4624 = VECTOR('',#4625,1.);
#4625 = DIRECTION('',(1.,-0.));
#4626 = ( GEOMETRIC_REPRESENTATION_CONTEXT(2) 
PARAMETRIC_REPRESENTATION_CONTEXT() REPRESENTATION_CONTEXT('2D SPACE',''
  ) );
#4627 = PCURVE('',#4628,#4633);
#4628 = PLANE('',#4629);
#4629 = AXIS2_PLACEMENT_3D('',#4630,#4631,#4632);
#4630 = CARTESIAN_POINT('',(-27.6,-10.85,116.385));
#4631 = DIRECTION('',(0.,0.,1.));
#4632 = DIRECTION('',(1.,0.,-0.));
#4633 = DEFINITIONAL_REPRESENTATION('',(#4634),#4642);
#4634 = ( BOUNDED_CURVE() B_SPLINE_CURVE(2,(#4635,#4636,#4637,#4638,
#4639,#4640,#4641),.UNSPECIFIED.,.T.,.F.) B_SPLINE_CURVE_WITH_KNOTS((1,2
    ,2,2,2,1),(-2.094395102393,0.,2.094395102393,4.188790204786,
6.28318530718,8.377580409573),.UNSPECIFIED.) CURVE() 
GEOMETRIC_REPRESENTATION_ITEM() RATIONAL_B_SPLINE_CURVE((1.,0.5,1.,0.5,
1.,0.5,1.)) REPRESENTATION_ITEM('') );
#4635 = CARTESIAN_POINT('',(54.2,1.15));
#4636 = CARTESIAN_POINT('',(54.2,-1.62128129211));
#4637 = CARTESIAN_POINT('',(51.8,-0.235640646055));
#4638 = CARTESIAN_POINT('',(49.4,1.15));
#4639 = CARTESIAN_POINT('',(51.8,2.535640646055));
#4640 = CARTESIAN_POINT('',(54.2,3.92128129211));
#4641 = CARTESIAN_POINT('',(54.2,1.15));
#4642 = ( GEOMETRIC_REPRESENTATION_CONTEXT(2) 
PARAMETRIC_REPRESENTATION_CONTEXT() REPRESENTATION_CONTEXT('2D SPACE',''
  ) );
#4643 = ORIENTED_EDGE('',*,*,#4644,.T.);
#4644 = EDGE_CURVE('',#4612,#4645,#4647,.T.);
#4645 = VERTEX_POINT('',#4646);
#4646 = CARTESIAN_POINT('',(23.887570226936,-10.85,115.235));
#4647 = SURFACE_CURVE('',#4648,(#4652,#4658),.PCURVE_S1.);
#4648 = LINE('',#4649,#4650);
#4649 = CARTESIAN_POINT('',(23.887570226936,-10.85,112.5));
#4650 = VECTOR('',#4651,1.);
#4651 = DIRECTION('',(-0.,-0.,-1.));
#4652 = PCURVE('',#1279,#4653);
#4653 = DEFINITIONAL_REPRESENTATION('',(#4654),#4657);
#4654 = B_SPLINE_CURVE_WITH_KNOTS('',1,(#4655,#4656),.UNSPECIFIED.,.F.,
  .F.,(2,2),(-4.,-2.62),.PIECEWISE_BEZIER_KNOTS.);
#4655 = CARTESIAN_POINT('',(2.339589875787,-4.));
#4656 = CARTESIAN_POINT('',(2.339589875787,-2.62));
#4657 = ( GEOMETRIC_REPRESENTATION_CONTEXT(2) 
PARAMETRIC_REPRESENTATION_CONTEXT() REPRESENTATION_CONTEXT('2D SPACE',''
  ) );
#4658 = PCURVE('',#4659,#4664);
#4659 = PLANE('',#4660);
#4660 = AXIS2_PLACEMENT_3D('',#4661,#4662,#4663);
#4661 = CARTESIAN_POINT('',(-27.6,-10.85,115.235));
#4662 = DIRECTION('',(0.,1.,0.));
#4663 = DIRECTION('',(0.,-0.,1.));
#4664 = DEFINITIONAL_REPRESENTATION('',(#4665),#4669);
#4665 = LINE('',#4666,#4667);
#4666 = CARTESIAN_POINT('',(-2.735,51.487570226936));
#4667 = VECTOR('',#4668,1.);
#4668 = DIRECTION('',(-1.,0.));
#4669 = ( GEOMETRIC_REPRESENTATION_CONTEXT(2) 
PARAMETRIC_REPRESENTATION_CONTEXT() REPRESENTATION_CONTEXT('2D SPACE',''
  ) );
#4670 = ORIENTED_EDGE('',*,*,#4671,.T.);
#4671 = EDGE_CURVE('',#4645,#4585,#4672,.T.);
#4672 = SURFACE_CURVE('',#4673,(#4678,#4685),.PCURVE_S1.);
#4673 = CIRCLE('',#4674,1.6);
#4674 = AXIS2_PLACEMENT_3D('',#4675,#4676,#4677);
#4675 = CARTESIAN_POINT('',(25.,-9.7,115.235));
#4676 = DIRECTION('',(0.,0.,-1.));
#4677 = DIRECTION('',(1.,0.,0.));
#4678 = PCURVE('',#1279,#4679);
#4679 = DEFINITIONAL_REPRESENTATION('',(#4680),#4684);
#4680 = LINE('',#4681,#4682);
#4681 = CARTESIAN_POINT('',(-4.138911435803E-13,-2.735));
#4682 = VECTOR('',#4683,1.);
#4683 = DIRECTION('',(1.,-0.));
#4684 = ( GEOMETRIC_REPRESENTATION_CONTEXT(2) 
PARAMETRIC_REPRESENTATION_CONTEXT() REPRESENTATION_CONTEXT('2D SPACE',''
  ) );
#4685 = PCURVE('',#4686,#4691);
#4686 = PLANE('',#4687);
#4687 = AXIS2_PLACEMENT_3D('',#4688,#4689,#4690);
#4688 = CARTESIAN_POINT('',(-27.6,-10.85,115.235));
#4689 = DIRECTION('',(0.,0.,1.));
#4690 = DIRECTION('',(1.,0.,-0.));
#4691 = DEFINITIONAL_REPRESENTATION('',(#4692),#4700);
#4692 = ( BOUNDED_CURVE() B_SPLINE_CURVE(2,(#4693,#4694,#4695,#4696,
#4697,#4698,#4699),.UNSPECIFIED.,.T.,.F.) B_SPLINE_CURVE_WITH_KNOTS((1,2
    ,2,2,2,1),(-2.094395102393,0.,2.094395102393,4.188790204786,
6.28318530718,8.377580409573),.UNSPECIFIED.) CURVE() 
GEOMETRIC_REPRESENTATION_ITEM() RATIONAL_B_SPLINE_CURVE((1.,0.5,1.,0.5,
1.,0.5,1.)) REPRESENTATION_ITEM('') );
#4693 = CARTESIAN_POINT('',(54.2,1.15));
#4694 = CARTESIAN_POINT('',(54.2,-1.62128129211));
#4695 = CARTESIAN_POINT('',(51.8,-0.235640646055));
#4696 = CARTESIAN_POINT('',(49.4,1.15));
#4697 = CARTESIAN_POINT('',(51.8,2.535640646055));
#4698 = CARTESIAN_POINT('',(54.2,3.92128129211));
#4699 = CARTESIAN_POINT('',(54.2,1.15));
#4700 = ( GEOMETRIC_REPRESENTATION_CONTEXT(2) 
PARAMETRIC_REPRESENTATION_CONTEXT() REPRESENTATION_CONTEXT('2D SPACE',''
  ) );
#4701 = FACE_BOUND('',#4702,.F.);
#4702 = EDGE_LOOP('',(#4703,#4738,#4765,#4798));
#4703 = ORIENTED_EDGE('',*,*,#4704,.T.);
#4704 = EDGE_CURVE('',#4705,#4707,#4709,.T.);
#4705 = VERTEX_POINT('',#4706);
#4706 = CARTESIAN_POINT('',(26.322875655532,-10.6,115.235));
#4707 = VERTEX_POINT('',#4708);
#4708 = CARTESIAN_POINT('',(26.112429773064,-10.85,115.235));
#4709 = SURFACE_CURVE('',#4710,(#4715,#4722),.PCURVE_S1.);
#4710 = CIRCLE('',#4711,1.6);
#4711 = AXIS2_PLACEMENT_3D('',#4712,#4713,#4714);
#4712 = CARTESIAN_POINT('',(25.,-9.7,115.235));
#4713 = DIRECTION('',(0.,0.,-1.));
#4714 = DIRECTION('',(1.,0.,0.));
#4715 = PCURVE('',#1279,#4716);
#4716 = DEFINITIONAL_REPRESENTATION('',(#4717),#4721);
#4717 = LINE('',#4718,#4719);
#4718 = CARTESIAN_POINT('',(-4.138911435803E-13,-2.735));
#4719 = VECTOR('',#4720,1.);
#4720 = DIRECTION('',(1.,-0.));
#4721 = ( GEOMETRIC_REPRESENTATION_CONTEXT(2) 
PARAMETRIC_REPRESENTATION_CONTEXT() REPRESENTATION_CONTEXT('2D SPACE',''
  ) );
#4722 = PCURVE('',#4723,#4728);
#4723 = PLANE('',#4724);
#4724 = AXIS2_PLACEMENT_3D('',#4725,#4726,#4727);
#4725 = CARTESIAN_POINT('',(-27.6,-10.85,115.235));
#4726 = DIRECTION('',(0.,0.,1.));
#4727 = DIRECTION('',(1.,0.,-0.));
#4728 = DEFINITIONAL_REPRESENTATION('',(#4729),#4737);
#4729 = ( BOUNDED_CURVE() B_SPLINE_CURVE(2,(#4730,#4731,#4732,#4733,
#4734,#4735,#4736),.UNSPECIFIED.,.T.,.F.) B_SPLINE_CURVE_WITH_KNOTS((1,2
    ,2,2,2,1),(-2.094395102393,0.,2.094395102393,4.188790204786,
6.28318530718,8.377580409573),.UNSPECIFIED.) CURVE() 
GEOMETRIC_REPRESENTATION_ITEM() RATIONAL_B_SPLINE_CURVE((1.,0.5,1.,0.5,
1.,0.5,1.)) REPRESENTATION_ITEM('') );
#4730 = CARTESIAN_POINT('',(54.2,1.15));
#4731 = CARTESIAN_POINT('',(54.2,-1.62128129211));
#4732 = CARTESIAN_POINT('',(51.8,-0.235640646055));
#4733 = CARTESIAN_POINT('',(49.4,1.15));
#4734 = CARTESIAN_POINT('',(51.8,2.535640646055));
#4735 = CARTESIAN_POINT('',(54.2,3.92128129211));
#4736 = CARTESIAN_POINT('',(54.2,1.15));
#4737 = ( GEOMETRIC_REPRESENTATION_CONTEXT(2) 
PARAMETRIC_REPRESENTATION_CONTEXT() REPRESENTATION_CONTEXT('2D SPACE',''
  ) );
#4738 = ORIENTED_EDGE('',*,*,#4739,.F.);
#4739 = EDGE_CURVE('',#4740,#4707,#4742,.T.);
#4740 = VERTEX_POINT('',#4741);
#4741 = CARTESIAN_POINT('',(26.112429773064,-10.85,116.385));
#4742 = SURFACE_CURVE('',#4743,(#4747,#4753),.PCURVE_S1.);
#4743 = LINE('',#4744,#4745);
#4744 = CARTESIAN_POINT('',(26.112429773064,-10.85,112.5));
#4745 = VECTOR('',#4746,1.);
#4746 = DIRECTION('',(-0.,-0.,-1.));
#4747 = PCURVE('',#1279,#4748);
#4748 = DEFINITIONAL_REPRESENTATION('',(#4749),#4752);
#4749 = B_SPLINE_CURVE_WITH_KNOTS('',1,(#4750,#4751),.UNSPECIFIED.,.F.,
  .F.,(2,2),(-4.,-2.62),.PIECEWISE_BEZIER_KNOTS.);
#4750 = CARTESIAN_POINT('',(0.802002777804,-4.));
#4751 = CARTESIAN_POINT('',(0.802002777804,-2.62));
#4752 = ( GEOMETRIC_REPRESENTATION_CONTEXT(2) 
PARAMETRIC_REPRESENTATION_CONTEXT() REPRESENTATION_CONTEXT('2D SPACE',''
  ) );
#4753 = PCURVE('',#4754,#4759);
#4754 = PLANE('',#4755);
#4755 = AXIS2_PLACEMENT_3D('',#4756,#4757,#4758);
#4756 = CARTESIAN_POINT('',(-27.6,-10.85,115.235));
#4757 = DIRECTION('',(0.,1.,0.));
#4758 = DIRECTION('',(0.,-0.,1.));
#4759 = DEFINITIONAL_REPRESENTATION('',(#4760),#4764);
#4760 = LINE('',#4761,#4762);
#4761 = CARTESIAN_POINT('',(-2.735,53.712429773064));
#4762 = VECTOR('',#4763,1.);
#4763 = DIRECTION('',(-1.,0.));
#4764 = ( GEOMETRIC_REPRESENTATION_CONTEXT(2) 
PARAMETRIC_REPRESENTATION_CONTEXT() REPRESENTATION_CONTEXT('2D SPACE',''
  ) );
#4765 = ORIENTED_EDGE('',*,*,#4766,.F.);
#4766 = EDGE_CURVE('',#4767,#4740,#4769,.T.);
#4767 = VERTEX_POINT('',#4768);
#4768 = CARTESIAN_POINT('',(26.322875655532,-10.6,116.385));
#4769 = SURFACE_CURVE('',#4770,(#4775,#4782),.PCURVE_S1.);
#4770 = CIRCLE('',#4771,1.6);
#4771 = AXIS2_PLACEMENT_3D('',#4772,#4773,#4774);
#4772 = CARTESIAN_POINT('',(25.,-9.7,116.385));
#4773 = DIRECTION('',(0.,0.,-1.));
#4774 = DIRECTION('',(1.,0.,0.));
#4775 = PCURVE('',#1279,#4776);
#4776 = DEFINITIONAL_REPRESENTATION('',(#4777),#4781);
#4777 = LINE('',#4778,#4779);
#4778 = CARTESIAN_POINT('',(-4.138911435803E-13,-3.885));
#4779 = VECTOR('',#4780,1.);
#4780 = DIRECTION('',(1.,-0.));
#4781 = ( GEOMETRIC_REPRESENTATION_CONTEXT(2) 
PARAMETRIC_REPRESENTATION_CONTEXT() REPRESENTATION_CONTEXT('2D SPACE',''
  ) );
#4782 = PCURVE('',#4783,#4788);
#4783 = PLANE('',#4784);
#4784 = AXIS2_PLACEMENT_3D('',#4785,#4786,#4787);
#4785 = CARTESIAN_POINT('',(-27.6,-10.85,116.385));
#4786 = DIRECTION('',(0.,0.,1.));
#4787 = DIRECTION('',(1.,0.,-0.));
#4788 = DEFINITIONAL_REPRESENTATION('',(#4789),#4797);
#4789 = ( BOUNDED_CURVE() B_SPLINE_CURVE(2,(#4790,#4791,#4792,#4793,
#4794,#4795,#4796),.UNSPECIFIED.,.T.,.F.) B_SPLINE_CURVE_WITH_KNOTS((1,2
    ,2,2,2,1),(-2.094395102393,0.,2.094395102393,4.188790204786,
6.28318530718,8.377580409573),.UNSPECIFIED.) CURVE() 
GEOMETRIC_REPRESENTATION_ITEM() RATIONAL_B_SPLINE_CURVE((1.,0.5,1.,0.5,
1.,0.5,1.)) REPRESENTATION_ITEM('') );
#4790 = CARTESIAN_POINT('',(54.2,1.15));
#4791 = CARTESIAN_POINT('',(54.2,-1.62128129211));
#4792 = CARTESIAN_POINT('',(51.8,-0.235640646055));
#4793 = CARTESIAN_POINT('',(49.4,1.15));
#4794 = CARTESIAN_POINT('',(51.8,2.535640646055));
#4795 = CARTESIAN_POINT('',(54.2,3.92128129211));
#4796 = CARTESIAN_POINT('',(54.2,1.15));
#4797 = ( GEOMETRIC_REPRESENTATION_CONTEXT(2) 
PARAMETRIC_REPRESENTATION_CONTEXT() REPRESENTATION_CONTEXT('2D SPACE',''
  ) );
#4798 = ORIENTED_EDGE('',*,*,#4799,.T.);
#4799 = EDGE_CURVE('',#4767,#4705,#4800,.T.);
#4800 = SURFACE_CURVE('',#4801,(#4805,#4811),.PCURVE_S1.);
#4801 = LINE('',#4802,#4803);
#4802 = CARTESIAN_POINT('',(26.322875655532,-10.6,112.5));
#4803 = VECTOR('',#4804,1.);
#4804 = DIRECTION('',(-0.,-0.,-1.));
#4805 = PCURVE('',#1279,#4806);
#4806 = DEFINITIONAL_REPRESENTATION('',(#4807),#4810);
#4807 = B_SPLINE_CURVE_WITH_KNOTS('',1,(#4808,#4809),.UNSPECIFIED.,.F.,
  .F.,(2,2),(-4.,-2.62),.PIECEWISE_BEZIER_KNOTS.);
#4808 = CARTESIAN_POINT('',(0.597406416646,-4.));
#4809 = CARTESIAN_POINT('',(0.597406416646,-2.62));
#4810 = ( GEOMETRIC_REPRESENTATION_CONTEXT(2) 
PARAMETRIC_REPRESENTATION_CONTEXT() REPRESENTATION_CONTEXT('2D SPACE',''
  ) );
#4811 = PCURVE('',#4812,#4817);
#4812 = PLANE('',#4813);
#4813 = AXIS2_PLACEMENT_3D('',#4814,#4815,#4816);
#4814 = CARTESIAN_POINT('',(-32.,-10.6,114.45));
#4815 = DIRECTION('',(0.,1.,0.));
#4816 = DIRECTION('',(0.,-0.,1.));
#4817 = DEFINITIONAL_REPRESENTATION('',(#4818),#4822);
#4818 = LINE('',#4819,#4820);
#4819 = CARTESIAN_POINT('',(-1.95,58.322875655532));
#4820 = VECTOR('',#4821,1.);
#4821 = DIRECTION('',(-1.,0.));
#4822 = ( GEOMETRIC_REPRESENTATION_CONTEXT(2) 
PARAMETRIC_REPRESENTATION_CONTEXT() REPRESENTATION_CONTEXT('2D SPACE',''
  ) );
#4823 = ADVANCED_FACE('',(#4824),#1246,.F.);
#4824 = FACE_BOUND('',#4825,.F.);
#4825 = EDGE_LOOP('',(#4826,#4849,#4850,#4851));
#4826 = ORIENTED_EDGE('',*,*,#4827,.T.);
#4827 = EDGE_CURVE('',#4828,#4455,#4830,.T.);
#4828 = VERTEX_POINT('',#4829);
#4829 = CARTESIAN_POINT('',(28.75,-10.6,115.185));
#4830 = SURFACE_CURVE('',#4831,(#4835,#4842),.PCURVE_S1.);
#4831 = LINE('',#4832,#4833);
#4832 = CARTESIAN_POINT('',(-33.5,-10.6,115.185));
#4833 = VECTOR('',#4834,1.);
#4834 = DIRECTION('',(-1.,0.,0.));
#4835 = PCURVE('',#1246,#4836);
#4836 = DEFINITIONAL_REPRESENTATION('',(#4837),#4841);
#4837 = LINE('',#4838,#4839);
#4838 = CARTESIAN_POINT('',(0.735,-1.5));
#4839 = VECTOR('',#4840,1.);
#4840 = DIRECTION('',(0.,-1.));
#4841 = ( GEOMETRIC_REPRESENTATION_CONTEXT(2) 
PARAMETRIC_REPRESENTATION_CONTEXT() REPRESENTATION_CONTEXT('2D SPACE',''
  ) );
#4842 = PCURVE('',#2348,#4843);
#4843 = DEFINITIONAL_REPRESENTATION('',(#4844),#4848);
#4844 = LINE('',#4845,#4846);
#4845 = CARTESIAN_POINT('',(1.5,9.4));
#4846 = VECTOR('',#4847,1.);
#4847 = DIRECTION('',(-1.,0.));
#4848 = ( GEOMETRIC_REPRESENTATION_CONTEXT(2) 
PARAMETRIC_REPRESENTATION_CONTEXT() REPRESENTATION_CONTEXT('2D SPACE',''
  ) );
#4849 = ORIENTED_EDGE('',*,*,#4454,.F.);
#4850 = ORIENTED_EDGE('',*,*,#1230,.F.);
#4851 = ORIENTED_EDGE('',*,*,#4852,.T.);
#4852 = EDGE_CURVE('',#1203,#4828,#4853,.T.);
#4853 = SURFACE_CURVE('',#4854,(#4858,#4865),.PCURVE_S1.);
#4854 = LINE('',#4855,#4856);
#4855 = CARTESIAN_POINT('',(28.75,-10.6,114.315));
#4856 = VECTOR('',#4857,1.);
#4857 = DIRECTION('',(0.,0.,-1.));
#4858 = PCURVE('',#1246,#4859);
#4859 = DEFINITIONAL_REPRESENTATION('',(#4860),#4864);
#4860 = LINE('',#4861,#4862);
#4861 = CARTESIAN_POINT('',(-0.135,60.75));
#4862 = VECTOR('',#4863,1.);
#4863 = DIRECTION('',(-1.,0.));
#4864 = ( GEOMETRIC_REPRESENTATION_CONTEXT(2) 
PARAMETRIC_REPRESENTATION_CONTEXT() REPRESENTATION_CONTEXT('2D SPACE',''
  ) );
#4865 = PCURVE('',#1218,#4866);
#4866 = DEFINITIONAL_REPRESENTATION('',(#4867),#4871);
#4867 = LINE('',#4868,#4869);
#4868 = CARTESIAN_POINT('',(0.65,-0.135));
#4869 = VECTOR('',#4870,1.);
#4870 = DIRECTION('',(0.,1.));
#4871 = ( GEOMETRIC_REPRESENTATION_CONTEXT(2) 
PARAMETRIC_REPRESENTATION_CONTEXT() REPRESENTATION_CONTEXT('2D SPACE',''
  ) );
#4872 = ADVANCED_FACE('',(#4873),#1218,.T.);
#4873 = FACE_BOUND('',#4874,.T.);
#4874 = EDGE_LOOP('',(#4875,#4905,#4928,#4956,#4984,#5012,#5035,#5056,
    #5057,#5058));
#4875 = ORIENTED_EDGE('',*,*,#4876,.F.);
#4876 = EDGE_CURVE('',#4877,#4879,#4881,.T.);
#4877 = VERTEX_POINT('',#4878);
#4878 = CARTESIAN_POINT('',(28.75,11.25,114.28));
#4879 = VERTEX_POINT('',#4880);
#4880 = CARTESIAN_POINT('',(28.75,11.25,115.185));
#4881 = SURFACE_CURVE('',#4882,(#4886,#4893),.PCURVE_S1.);
#4882 = LINE('',#4883,#4884);
#4883 = CARTESIAN_POINT('',(28.75,11.25,114.18));
#4884 = VECTOR('',#4885,1.);
#4885 = DIRECTION('',(0.,0.,1.));
#4886 = PCURVE('',#1218,#4887);
#4887 = DEFINITIONAL_REPRESENTATION('',(#4888),#4892);
#4888 = LINE('',#4889,#4890);
#4889 = CARTESIAN_POINT('',(22.5,0.));
#4890 = VECTOR('',#4891,1.);
#4891 = DIRECTION('',(0.,-1.));
#4892 = ( GEOMETRIC_REPRESENTATION_CONTEXT(2) 
PARAMETRIC_REPRESENTATION_CONTEXT() REPRESENTATION_CONTEXT('2D SPACE',''
  ) );
#4893 = PCURVE('',#4894,#4899);
#4894 = CYLINDRICAL_SURFACE('',#4895,1.);
#4895 = AXIS2_PLACEMENT_3D('',#4896,#4897,#4898);
#4896 = CARTESIAN_POINT('',(27.75,11.25,114.18));
#4897 = DIRECTION('',(-0.,-0.,-1.));
#4898 = DIRECTION('',(1.,0.,0.));
#4899 = DEFINITIONAL_REPRESENTATION('',(#4900),#4904);
#4900 = LINE('',#4901,#4902);
#4901 = CARTESIAN_POINT('',(6.28318530718,0.));
#4902 = VECTOR('',#4903,1.);
#4903 = DIRECTION('',(-0.,-1.));
#4904 = ( GEOMETRIC_REPRESENTATION_CONTEXT(2) 
PARAMETRIC_REPRESENTATION_CONTEXT() REPRESENTATION_CONTEXT('2D SPACE',''
  ) );
#4905 = ORIENTED_EDGE('',*,*,#4906,.T.);
#4906 = EDGE_CURVE('',#4877,#4907,#4909,.T.);
#4907 = VERTEX_POINT('',#4908);
#4908 = CARTESIAN_POINT('',(28.75,5.67,114.28));
#4909 = SURFACE_CURVE('',#4910,(#4914,#4921),.PCURVE_S1.);
#4910 = LINE('',#4911,#4912);
#4911 = CARTESIAN_POINT('',(28.75,-5.625,114.28));
#4912 = VECTOR('',#4913,1.);
#4913 = DIRECTION('',(0.,-1.,0.));
#4914 = PCURVE('',#1218,#4915);
#4915 = DEFINITIONAL_REPRESENTATION('',(#4916),#4920);
#4916 = LINE('',#4917,#4918);
#4917 = CARTESIAN_POINT('',(5.625,-9.999999999999E-02));
#4918 = VECTOR('',#4919,1.);
#4919 = DIRECTION('',(-1.,0.));
#4920 = ( GEOMETRIC_REPRESENTATION_CONTEXT(2) 
PARAMETRIC_REPRESENTATION_CONTEXT() REPRESENTATION_CONTEXT('2D SPACE',''
  ) );
#4921 = PCURVE('',#3463,#4922);
#4922 = DEFINITIONAL_REPRESENTATION('',(#4923),#4927);
#4923 = LINE('',#4924,#4925);
#4924 = CARTESIAN_POINT('',(28.75,-5.625));
#4925 = VECTOR('',#4926,1.);
#4926 = DIRECTION('',(0.,-1.));
#4927 = ( GEOMETRIC_REPRESENTATION_CONTEXT(2) 
PARAMETRIC_REPRESENTATION_CONTEXT() REPRESENTATION_CONTEXT('2D SPACE',''
  ) );
#4928 = ORIENTED_EDGE('',*,*,#4929,.F.);
#4929 = EDGE_CURVE('',#4930,#4907,#4932,.T.);
#4930 = VERTEX_POINT('',#4931);
#4931 = CARTESIAN_POINT('',(28.75,5.67,114.88));
#4932 = SURFACE_CURVE('',#4933,(#4937,#4944),.PCURVE_S1.);
#4933 = LINE('',#4934,#4935);
#4934 = CARTESIAN_POINT('',(28.75,5.67,114.88));
#4935 = VECTOR('',#4936,1.);
#4936 = DIRECTION('',(0.,0.,-1.));
#4937 = PCURVE('',#1218,#4938);
#4938 = DEFINITIONAL_REPRESENTATION('',(#4939),#4943);
#4939 = LINE('',#4940,#4941);
#4940 = CARTESIAN_POINT('',(16.92,-0.7));
#4941 = VECTOR('',#4942,1.);
#4942 = DIRECTION('',(0.,1.));
#4943 = ( GEOMETRIC_REPRESENTATION_CONTEXT(2) 
PARAMETRIC_REPRESENTATION_CONTEXT() REPRESENTATION_CONTEXT('2D SPACE',''
  ) );
#4944 = PCURVE('',#4945,#4950);
#4945 = CYLINDRICAL_SURFACE('',#4946,0.75);
#4946 = AXIS2_PLACEMENT_3D('',#4947,#4948,#4949);
#4947 = CARTESIAN_POINT('',(28.75,4.92,107.88));
#4948 = DIRECTION('',(0.,0.,1.));
#4949 = DIRECTION('',(1.,0.,-0.));
#4950 = DEFINITIONAL_REPRESENTATION('',(#4951),#4955);
#4951 = LINE('',#4952,#4953);
#4952 = CARTESIAN_POINT('',(1.570796326795,7.));
#4953 = VECTOR('',#4954,1.);
#4954 = DIRECTION('',(-0.,-1.));
#4955 = ( GEOMETRIC_REPRESENTATION_CONTEXT(2) 
PARAMETRIC_REPRESENTATION_CONTEXT() REPRESENTATION_CONTEXT('2D SPACE',''
  ) );
#4956 = ORIENTED_EDGE('',*,*,#4957,.T.);
#4957 = EDGE_CURVE('',#4930,#4958,#4960,.T.);
#4958 = VERTEX_POINT('',#4959);
#4959 = CARTESIAN_POINT('',(28.75,-8.37,114.88));
#4960 = SURFACE_CURVE('',#4961,(#4965,#4972),.PCURVE_S1.);
#4961 = LINE('',#4962,#4963);
#4962 = CARTESIAN_POINT('',(28.75,5.67,114.88));
#4963 = VECTOR('',#4964,1.);
#4964 = DIRECTION('',(0.,-1.,0.));
#4965 = PCURVE('',#1218,#4966);
#4966 = DEFINITIONAL_REPRESENTATION('',(#4967),#4971);
#4967 = LINE('',#4968,#4969);
#4968 = CARTESIAN_POINT('',(16.92,-0.7));
#4969 = VECTOR('',#4970,1.);
#4970 = DIRECTION('',(-1.,0.));
#4971 = ( GEOMETRIC_REPRESENTATION_CONTEXT(2) 
PARAMETRIC_REPRESENTATION_CONTEXT() REPRESENTATION_CONTEXT('2D SPACE',''
  ) );
#4972 = PCURVE('',#4973,#4978);
#4973 = PLANE('',#4974);
#4974 = AXIS2_PLACEMENT_3D('',#4975,#4976,#4977);
#4975 = CARTESIAN_POINT('',(-10.5,-8.37,114.88));
#4976 = DIRECTION('',(0.,0.,1.));
#4977 = DIRECTION('',(1.,0.,-0.));
#4978 = DEFINITIONAL_REPRESENTATION('',(#4979),#4983);
#4979 = LINE('',#4980,#4981);
#4980 = CARTESIAN_POINT('',(39.25,14.04));
#4981 = VECTOR('',#4982,1.);
#4982 = DIRECTION('',(0.,-1.));
#4983 = ( GEOMETRIC_REPRESENTATION_CONTEXT(2) 
PARAMETRIC_REPRESENTATION_CONTEXT() REPRESENTATION_CONTEXT('2D SPACE',''
  ) );
#4984 = ORIENTED_EDGE('',*,*,#4985,.F.);
#4985 = EDGE_CURVE('',#4986,#4958,#4988,.T.);
#4986 = VERTEX_POINT('',#4987);
#4987 = CARTESIAN_POINT('',(28.75,-8.37,114.28));
#4988 = SURFACE_CURVE('',#4989,(#4993,#5000),.PCURVE_S1.);
#4989 = LINE('',#4990,#4991);
#4990 = CARTESIAN_POINT('',(28.75,-8.37,107.88));
#4991 = VECTOR('',#4992,1.);
#4992 = DIRECTION('',(0.,0.,1.));
#4993 = PCURVE('',#1218,#4994);
#4994 = DEFINITIONAL_REPRESENTATION('',(#4995),#4999);
#4995 = LINE('',#4996,#4997);
#4996 = CARTESIAN_POINT('',(2.88,6.3));
#4997 = VECTOR('',#4998,1.);
#4998 = DIRECTION('',(0.,-1.));
#4999 = ( GEOMETRIC_REPRESENTATION_CONTEXT(2) 
PARAMETRIC_REPRESENTATION_CONTEXT() REPRESENTATION_CONTEXT('2D SPACE',''
  ) );
#5000 = PCURVE('',#5001,#5006);
#5001 = CYLINDRICAL_SURFACE('',#5002,0.75);
#5002 = AXIS2_PLACEMENT_3D('',#5003,#5004,#5005);
#5003 = CARTESIAN_POINT('',(28.75,-7.62,107.88));
#5004 = DIRECTION('',(0.,0.,1.));
#5005 = DIRECTION('',(1.,0.,-0.));
#5006 = DEFINITIONAL_REPRESENTATION('',(#5007),#5011);
#5007 = LINE('',#5008,#5009);
#5008 = CARTESIAN_POINT('',(4.712388980385,0.));
#5009 = VECTOR('',#5010,1.);
#5010 = DIRECTION('',(-0.,1.));
#5011 = ( GEOMETRIC_REPRESENTATION_CONTEXT(2) 
PARAMETRIC_REPRESENTATION_CONTEXT() REPRESENTATION_CONTEXT('2D SPACE',''
  ) );
#5012 = ORIENTED_EDGE('',*,*,#5013,.T.);
#5013 = EDGE_CURVE('',#4986,#5014,#5016,.T.);
#5014 = VERTEX_POINT('',#5015);
#5015 = CARTESIAN_POINT('',(28.75,-11.25,114.28));
#5016 = SURFACE_CURVE('',#5017,(#5021,#5028),.PCURVE_S1.);
#5017 = LINE('',#5018,#5019);
#5018 = CARTESIAN_POINT('',(28.75,-5.625,114.28));
#5019 = VECTOR('',#5020,1.);
#5020 = DIRECTION('',(0.,-1.,0.));
#5021 = PCURVE('',#1218,#5022);
#5022 = DEFINITIONAL_REPRESENTATION('',(#5023),#5027);
#5023 = LINE('',#5024,#5025);
#5024 = CARTESIAN_POINT('',(5.625,-9.999999999999E-02));
#5025 = VECTOR('',#5026,1.);
#5026 = DIRECTION('',(-1.,0.));
#5027 = ( GEOMETRIC_REPRESENTATION_CONTEXT(2) 
PARAMETRIC_REPRESENTATION_CONTEXT() REPRESENTATION_CONTEXT('2D SPACE',''
  ) );
#5028 = PCURVE('',#3463,#5029);
#5029 = DEFINITIONAL_REPRESENTATION('',(#5030),#5034);
#5030 = LINE('',#5031,#5032);
#5031 = CARTESIAN_POINT('',(28.75,-5.625));
#5032 = VECTOR('',#5033,1.);
#5033 = DIRECTION('',(0.,-1.));
#5034 = ( GEOMETRIC_REPRESENTATION_CONTEXT(2) 
PARAMETRIC_REPRESENTATION_CONTEXT() REPRESENTATION_CONTEXT('2D SPACE',''
  ) );
#5035 = ORIENTED_EDGE('',*,*,#5036,.T.);
#5036 = EDGE_CURVE('',#5014,#1170,#5037,.T.);
#5037 = SURFACE_CURVE('',#5038,(#5042,#5049),.PCURVE_S1.);
#5038 = LINE('',#5039,#5040);
#5039 = CARTESIAN_POINT('',(28.75,-11.25,114.18));
#5040 = VECTOR('',#5041,1.);
#5041 = DIRECTION('',(0.,0.,1.));
#5042 = PCURVE('',#1218,#5043);
#5043 = DEFINITIONAL_REPRESENTATION('',(#5044),#5048);
#5044 = LINE('',#5045,#5046);
#5045 = CARTESIAN_POINT('',(0.,0.));
#5046 = VECTOR('',#5047,1.);
#5047 = DIRECTION('',(0.,-1.));
#5048 = ( GEOMETRIC_REPRESENTATION_CONTEXT(2) 
PARAMETRIC_REPRESENTATION_CONTEXT() REPRESENTATION_CONTEXT('2D SPACE',''
  ) );
#5049 = PCURVE('',#1190,#5050);
#5050 = DEFINITIONAL_REPRESENTATION('',(#5051),#5055);
#5051 = LINE('',#5052,#5053);
#5052 = CARTESIAN_POINT('',(-4.138911435803E-13,0.));
#5053 = VECTOR('',#5054,1.);
#5054 = DIRECTION('',(-0.,-1.));
#5055 = ( GEOMETRIC_REPRESENTATION_CONTEXT(2) 
PARAMETRIC_REPRESENTATION_CONTEXT() REPRESENTATION_CONTEXT('2D SPACE',''
  ) );
#5056 = ORIENTED_EDGE('',*,*,#1202,.F.);
#5057 = ORIENTED_EDGE('',*,*,#4852,.T.);
#5058 = ORIENTED_EDGE('',*,*,#5059,.T.);
#5059 = EDGE_CURVE('',#4828,#4879,#5060,.T.);
#5060 = SURFACE_CURVE('',#5061,(#5065,#5072),.PCURVE_S1.);
#5061 = LINE('',#5062,#5063);
#5062 = CARTESIAN_POINT('',(28.75,-15.625,115.185));
#5063 = VECTOR('',#5064,1.);
#5064 = DIRECTION('',(0.,1.,-0.));
#5065 = PCURVE('',#1218,#5066);
#5066 = DEFINITIONAL_REPRESENTATION('',(#5067),#5071);
#5067 = LINE('',#5068,#5069);
#5068 = CARTESIAN_POINT('',(-4.375,-1.005));
#5069 = VECTOR('',#5070,1.);
#5070 = DIRECTION('',(1.,0.));
#5071 = ( GEOMETRIC_REPRESENTATION_CONTEXT(2) 
PARAMETRIC_REPRESENTATION_CONTEXT() REPRESENTATION_CONTEXT('2D SPACE',''
  ) );
#5072 = PCURVE('',#2348,#5073);
#5073 = DEFINITIONAL_REPRESENTATION('',(#5074),#5078);
#5074 = LINE('',#5075,#5076);
#5075 = CARTESIAN_POINT('',(63.75,4.375));
#5076 = VECTOR('',#5077,1.);
#5077 = DIRECTION('',(0.,1.));
#5078 = ( GEOMETRIC_REPRESENTATION_CONTEXT(2) 
PARAMETRIC_REPRESENTATION_CONTEXT() REPRESENTATION_CONTEXT('2D SPACE',''
  ) );
#5079 = ADVANCED_FACE('',(#5080),#1190,.F.);
#5080 = FACE_BOUND('',#5081,.F.);
#5081 = EDGE_LOOP('',(#5082,#5083,#5106,#5132));
#5082 = ORIENTED_EDGE('',*,*,#1169,.T.);
#5083 = ORIENTED_EDGE('',*,*,#5084,.F.);
#5084 = EDGE_CURVE('',#5085,#1142,#5087,.T.);
#5085 = VERTEX_POINT('',#5086);
#5086 = CARTESIAN_POINT('',(27.75,-12.25,114.28));
#5087 = SURFACE_CURVE('',#5088,(#5092,#5099),.PCURVE_S1.);
#5088 = LINE('',#5089,#5090);
#5089 = CARTESIAN_POINT('',(27.75,-12.25,114.18));
#5090 = VECTOR('',#5091,1.);
#5091 = DIRECTION('',(0.,0.,1.));
#5092 = PCURVE('',#1190,#5093);
#5093 = DEFINITIONAL_REPRESENTATION('',(#5094),#5098);
#5094 = LINE('',#5095,#5096);
#5095 = CARTESIAN_POINT('',(1.570796326795,0.));
#5096 = VECTOR('',#5097,1.);
#5097 = DIRECTION('',(-0.,-1.));
#5098 = ( GEOMETRIC_REPRESENTATION_CONTEXT(2) 
PARAMETRIC_REPRESENTATION_CONTEXT() REPRESENTATION_CONTEXT('2D SPACE',''
  ) );
#5099 = PCURVE('',#1157,#5100);
#5100 = DEFINITIONAL_REPRESENTATION('',(#5101),#5105);
#5101 = LINE('',#5102,#5103);
#5102 = CARTESIAN_POINT('',(55.5,0.));
#5103 = VECTOR('',#5104,1.);
#5104 = DIRECTION('',(0.,-1.));
#5105 = ( GEOMETRIC_REPRESENTATION_CONTEXT(2) 
PARAMETRIC_REPRESENTATION_CONTEXT() REPRESENTATION_CONTEXT('2D SPACE',''
  ) );
#5106 = ORIENTED_EDGE('',*,*,#5107,.F.);
#5107 = EDGE_CURVE('',#5014,#5085,#5108,.T.);
#5108 = SURFACE_CURVE('',#5109,(#5114,#5121),.PCURVE_S1.);
#5109 = CIRCLE('',#5110,1.);
#5110 = AXIS2_PLACEMENT_3D('',#5111,#5112,#5113);
#5111 = CARTESIAN_POINT('',(27.75,-11.25,114.28));
#5112 = DIRECTION('',(0.,0.,-1.));
#5113 = DIRECTION('',(1.,0.,0.));
#5114 = PCURVE('',#1190,#5115);
#5115 = DEFINITIONAL_REPRESENTATION('',(#5116),#5120);
#5116 = LINE('',#5117,#5118);
#5117 = CARTESIAN_POINT('',(-4.138911435803E-13,-0.1));
#5118 = VECTOR('',#5119,1.);
#5119 = DIRECTION('',(1.,-0.));
#5120 = ( GEOMETRIC_REPRESENTATION_CONTEXT(2) 
PARAMETRIC_REPRESENTATION_CONTEXT() REPRESENTATION_CONTEXT('2D SPACE',''
  ) );
#5121 = PCURVE('',#3463,#5122);
#5122 = DEFINITIONAL_REPRESENTATION('',(#5123),#5131);
#5123 = ( BOUNDED_CURVE() B_SPLINE_CURVE(2,(#5124,#5125,#5126,#5127,
#5128,#5129,#5130),.UNSPECIFIED.,.T.,.F.) B_SPLINE_CURVE_WITH_KNOTS((1,2
    ,2,2,2,1),(-2.094395102393,0.,2.094395102393,4.188790204786,
6.28318530718,8.377580409573),.UNSPECIFIED.) CURVE() 
GEOMETRIC_REPRESENTATION_ITEM() RATIONAL_B_SPLINE_CURVE((1.,0.5,1.,0.5,
1.,0.5,1.)) REPRESENTATION_ITEM('') );
#5124 = CARTESIAN_POINT('',(28.75,-11.25));
#5125 = CARTESIAN_POINT('',(28.75,-12.98205080756));
#5126 = CARTESIAN_POINT('',(27.25,-12.11602540378));
#5127 = CARTESIAN_POINT('',(25.75,-11.25));
#5128 = CARTESIAN_POINT('',(27.25,-10.38397459621));
#5129 = CARTESIAN_POINT('',(28.75,-9.517949192431));
#5130 = CARTESIAN_POINT('',(28.75,-11.25));
#5131 = ( GEOMETRIC_REPRESENTATION_CONTEXT(2) 
PARAMETRIC_REPRESENTATION_CONTEXT() REPRESENTATION_CONTEXT('2D SPACE',''
  ) );
#5132 = ORIENTED_EDGE('',*,*,#5036,.T.);
#5133 = ADVANCED_FACE('',(#5134),#1157,.T.);
#5134 = FACE_BOUND('',#5135,.T.);
#5135 = EDGE_LOOP('',(#5136,#5137,#5160,#5181));
#5136 = ORIENTED_EDGE('',*,*,#5084,.F.);
#5137 = ORIENTED_EDGE('',*,*,#5138,.T.);
#5138 = EDGE_CURVE('',#5085,#5139,#5141,.T.);
#5139 = VERTEX_POINT('',#5140);
#5140 = CARTESIAN_POINT('',(12.25,-12.25,114.28));
#5141 = SURFACE_CURVE('',#5142,(#5146,#5153),.PCURVE_S1.);
#5142 = LINE('',#5143,#5144);
#5143 = CARTESIAN_POINT('',(-13.875,-12.25,114.28));
#5144 = VECTOR('',#5145,1.);
#5145 = DIRECTION('',(-1.,0.,0.));
#5146 = PCURVE('',#1157,#5147);
#5147 = DEFINITIONAL_REPRESENTATION('',(#5148),#5152);
#5148 = LINE('',#5149,#5150);
#5149 = CARTESIAN_POINT('',(13.875,-9.999999999999E-02));
#5150 = VECTOR('',#5151,1.);
#5151 = DIRECTION('',(-1.,0.));
#5152 = ( GEOMETRIC_REPRESENTATION_CONTEXT(2) 
PARAMETRIC_REPRESENTATION_CONTEXT() REPRESENTATION_CONTEXT('2D SPACE',''
  ) );
#5153 = PCURVE('',#3463,#5154);
#5154 = DEFINITIONAL_REPRESENTATION('',(#5155),#5159);
#5155 = LINE('',#5156,#5157);
#5156 = CARTESIAN_POINT('',(-13.875,-12.25));
#5157 = VECTOR('',#5158,1.);
#5158 = DIRECTION('',(-1.,0.));
#5159 = ( GEOMETRIC_REPRESENTATION_CONTEXT(2) 
PARAMETRIC_REPRESENTATION_CONTEXT() REPRESENTATION_CONTEXT('2D SPACE',''
  ) );
#5160 = ORIENTED_EDGE('',*,*,#5161,.F.);
#5161 = EDGE_CURVE('',#1114,#5139,#5162,.T.);
#5162 = SURFACE_CURVE('',#5163,(#5167,#5174),.PCURVE_S1.);
#5163 = LINE('',#5164,#5165);
#5164 = CARTESIAN_POINT('',(12.25,-12.25,114.105));
#5165 = VECTOR('',#5166,1.);
#5166 = DIRECTION('',(0.,0.,-1.));
#5167 = PCURVE('',#1157,#5168);
#5168 = DEFINITIONAL_REPRESENTATION('',(#5169),#5173);
#5169 = LINE('',#5170,#5171);
#5170 = CARTESIAN_POINT('',(40.,7.5E-02));
#5171 = VECTOR('',#5172,1.);
#5172 = DIRECTION('',(0.,1.));
#5173 = ( GEOMETRIC_REPRESENTATION_CONTEXT(2) 
PARAMETRIC_REPRESENTATION_CONTEXT() REPRESENTATION_CONTEXT('2D SPACE',''
  ) );
#5174 = PCURVE('',#1129,#5175);
#5175 = DEFINITIONAL_REPRESENTATION('',(#5176),#5180);
#5176 = LINE('',#5177,#5178);
#5177 = CARTESIAN_POINT('',(7.5E-02,-2.5));
#5178 = VECTOR('',#5179,1.);
#5179 = DIRECTION('',(-1.,0.));
#5180 = ( GEOMETRIC_REPRESENTATION_CONTEXT(2) 
PARAMETRIC_REPRESENTATION_CONTEXT() REPRESENTATION_CONTEXT('2D SPACE',''
  ) );
#5181 = ORIENTED_EDGE('',*,*,#1141,.F.);
#5182 = ADVANCED_FACE('',(#5183),#1129,.F.);
#5183 = FACE_BOUND('',#5184,.F.);
#5184 = EDGE_LOOP('',(#5185,#5186,#5209,#5230));
#5185 = ORIENTED_EDGE('',*,*,#1113,.F.);
#5186 = ORIENTED_EDGE('',*,*,#5187,.T.);
#5187 = EDGE_CURVE('',#1086,#5188,#5190,.T.);
#5188 = VERTEX_POINT('',#5189);
#5189 = CARTESIAN_POINT('',(12.25,-13.1,114.28));
#5190 = SURFACE_CURVE('',#5191,(#5195,#5202),.PCURVE_S1.);
#5191 = LINE('',#5192,#5193);
#5192 = CARTESIAN_POINT('',(12.25,-13.1,114.155));
#5193 = VECTOR('',#5194,1.);
#5194 = DIRECTION('',(0.,0.,-1.));
#5195 = PCURVE('',#1129,#5196);
#5196 = DEFINITIONAL_REPRESENTATION('',(#5197),#5201);
#5197 = LINE('',#5198,#5199);
#5198 = CARTESIAN_POINT('',(0.125,-1.65));
#5199 = VECTOR('',#5200,1.);
#5200 = DIRECTION('',(-1.,0.));
#5201 = ( GEOMETRIC_REPRESENTATION_CONTEXT(2) 
PARAMETRIC_REPRESENTATION_CONTEXT() REPRESENTATION_CONTEXT('2D SPACE',''
  ) );
#5202 = PCURVE('',#1101,#5203);
#5203 = DEFINITIONAL_REPRESENTATION('',(#5204),#5208);
#5204 = LINE('',#5205,#5206);
#5205 = CARTESIAN_POINT('',(40.2,0.125));
#5206 = VECTOR('',#5207,1.);
#5207 = DIRECTION('',(0.,1.));
#5208 = ( GEOMETRIC_REPRESENTATION_CONTEXT(2) 
PARAMETRIC_REPRESENTATION_CONTEXT() REPRESENTATION_CONTEXT('2D SPACE',''
  ) );
#5209 = ORIENTED_EDGE('',*,*,#5210,.T.);
#5210 = EDGE_CURVE('',#5188,#5139,#5211,.T.);
#5211 = SURFACE_CURVE('',#5212,(#5216,#5223),.PCURVE_S1.);
#5212 = LINE('',#5213,#5214);
#5213 = CARTESIAN_POINT('',(12.25,-7.375,114.28));
#5214 = VECTOR('',#5215,1.);
#5215 = DIRECTION('',(0.,1.,0.));
#5216 = PCURVE('',#1129,#5217);
#5217 = DEFINITIONAL_REPRESENTATION('',(#5218),#5222);
#5218 = LINE('',#5219,#5220);
#5219 = CARTESIAN_POINT('',(0.25,-7.375));
#5220 = VECTOR('',#5221,1.);
#5221 = DIRECTION('',(0.,-1.));
#5222 = ( GEOMETRIC_REPRESENTATION_CONTEXT(2) 
PARAMETRIC_REPRESENTATION_CONTEXT() REPRESENTATION_CONTEXT('2D SPACE',''
  ) );
#5223 = PCURVE('',#3463,#5224);
#5224 = DEFINITIONAL_REPRESENTATION('',(#5225),#5229);
#5225 = LINE('',#5226,#5227);
#5226 = CARTESIAN_POINT('',(12.25,-7.375));
#5227 = VECTOR('',#5228,1.);
#5228 = DIRECTION('',(0.,1.));
#5229 = ( GEOMETRIC_REPRESENTATION_CONTEXT(2) 
PARAMETRIC_REPRESENTATION_CONTEXT() REPRESENTATION_CONTEXT('2D SPACE',''
  ) );
#5230 = ORIENTED_EDGE('',*,*,#5161,.F.);
#5231 = ADVANCED_FACE('',(#5232),#1101,.F.);
#5232 = FACE_BOUND('',#5233,.F.);
#5233 = EDGE_LOOP('',(#5234,#5257,#5258,#5259));
#5234 = ORIENTED_EDGE('',*,*,#5235,.F.);
#5235 = EDGE_CURVE('',#5188,#5236,#5238,.T.);
#5236 = VERTEX_POINT('',#5237);
#5237 = CARTESIAN_POINT('',(27.95,-13.1,114.28));
#5238 = SURFACE_CURVE('',#5239,(#5243,#5250),.PCURVE_S1.);
#5239 = LINE('',#5240,#5241);
#5240 = CARTESIAN_POINT('',(-27.95,-13.1,114.28));
#5241 = VECTOR('',#5242,1.);
#5242 = DIRECTION('',(1.,0.,0.));
#5243 = PCURVE('',#1101,#5244);
#5244 = DEFINITIONAL_REPRESENTATION('',(#5245),#5249);
#5245 = LINE('',#5246,#5247);
#5246 = CARTESIAN_POINT('',(0.,0.));
#5247 = VECTOR('',#5248,1.);
#5248 = DIRECTION('',(1.,0.));
#5249 = ( GEOMETRIC_REPRESENTATION_CONTEXT(2) 
PARAMETRIC_REPRESENTATION_CONTEXT() REPRESENTATION_CONTEXT('2D SPACE',''
  ) );
#5250 = PCURVE('',#3463,#5251);
#5251 = DEFINITIONAL_REPRESENTATION('',(#5252),#5256);
#5252 = LINE('',#5253,#5254);
#5253 = CARTESIAN_POINT('',(-27.95,-13.1));
#5254 = VECTOR('',#5255,1.);
#5255 = DIRECTION('',(1.,0.));
#5256 = ( GEOMETRIC_REPRESENTATION_CONTEXT(2) 
PARAMETRIC_REPRESENTATION_CONTEXT() REPRESENTATION_CONTEXT('2D SPACE',''
  ) );
#5257 = ORIENTED_EDGE('',*,*,#5187,.F.);
#5258 = ORIENTED_EDGE('',*,*,#1085,.T.);
#5259 = ORIENTED_EDGE('',*,*,#5260,.F.);
#5260 = EDGE_CURVE('',#5236,#1057,#5261,.T.);
#5261 = SURFACE_CURVE('',#5262,(#5266,#5273),.PCURVE_S1.);
#5262 = LINE('',#5263,#5264);
#5263 = CARTESIAN_POINT('',(27.95,-13.1,114.28));
#5264 = VECTOR('',#5265,1.);
#5265 = DIRECTION('',(0.,0.,1.));
#5266 = PCURVE('',#1101,#5267);
#5267 = DEFINITIONAL_REPRESENTATION('',(#5268),#5272);
#5268 = LINE('',#5269,#5270);
#5269 = CARTESIAN_POINT('',(55.9,0.));
#5270 = VECTOR('',#5271,1.);
#5271 = DIRECTION('',(0.,-1.));
#5272 = ( GEOMETRIC_REPRESENTATION_CONTEXT(2) 
PARAMETRIC_REPRESENTATION_CONTEXT() REPRESENTATION_CONTEXT('2D SPACE',''
  ) );
#5273 = PCURVE('',#1073,#5274);
#5274 = DEFINITIONAL_REPRESENTATION('',(#5275),#5279);
#5275 = LINE('',#5276,#5277);
#5276 = CARTESIAN_POINT('',(1.570796326795,0.));
#5277 = VECTOR('',#5278,1.);
#5278 = DIRECTION('',(-0.,-1.));
#5279 = ( GEOMETRIC_REPRESENTATION_CONTEXT(2) 
PARAMETRIC_REPRESENTATION_CONTEXT() REPRESENTATION_CONTEXT('2D SPACE',''
  ) );
#5280 = ADVANCED_FACE('',(#5281),#1073,.T.);
#5281 = FACE_BOUND('',#5282,.T.);
#5282 = EDGE_LOOP('',(#5283,#5284,#5285,#5309));
#5283 = ORIENTED_EDGE('',*,*,#1056,.F.);
#5284 = ORIENTED_EDGE('',*,*,#5260,.F.);
#5285 = ORIENTED_EDGE('',*,*,#5286,.T.);
#5286 = EDGE_CURVE('',#5236,#5287,#5289,.T.);
#5287 = VERTEX_POINT('',#5288);
#5288 = CARTESIAN_POINT('',(29.6,-11.45,114.28));
#5289 = SURFACE_CURVE('',#5290,(#5295,#5302),.PCURVE_S1.);
#5290 = CIRCLE('',#5291,1.65);
#5291 = AXIS2_PLACEMENT_3D('',#5292,#5293,#5294);
#5292 = CARTESIAN_POINT('',(27.95,-11.45,114.28));
#5293 = DIRECTION('',(0.,0.,1.));
#5294 = DIRECTION('',(1.,0.,-0.));
#5295 = PCURVE('',#1073,#5296);
#5296 = DEFINITIONAL_REPRESENTATION('',(#5297),#5301);
#5297 = LINE('',#5298,#5299);
#5298 = CARTESIAN_POINT('',(6.28318530718,0.));
#5299 = VECTOR('',#5300,1.);
#5300 = DIRECTION('',(-1.,0.));
#5301 = ( GEOMETRIC_REPRESENTATION_CONTEXT(2) 
PARAMETRIC_REPRESENTATION_CONTEXT() REPRESENTATION_CONTEXT('2D SPACE',''
  ) );
#5302 = PCURVE('',#3463,#5303);
#5303 = DEFINITIONAL_REPRESENTATION('',(#5304),#5308);
#5304 = CIRCLE('',#5305,1.65);
#5305 = AXIS2_PLACEMENT_2D('',#5306,#5307);
#5306 = CARTESIAN_POINT('',(27.95,-11.45));
#5307 = DIRECTION('',(1.,0.));
#5308 = ( GEOMETRIC_REPRESENTATION_CONTEXT(2) 
PARAMETRIC_REPRESENTATION_CONTEXT() REPRESENTATION_CONTEXT('2D SPACE',''
  ) );
#5309 = ORIENTED_EDGE('',*,*,#5310,.T.);
#5310 = EDGE_CURVE('',#5287,#1029,#5311,.T.);
#5311 = SURFACE_CURVE('',#5312,(#5316,#5323),.PCURVE_S1.);
#5312 = LINE('',#5313,#5314);
#5313 = CARTESIAN_POINT('',(29.6,-11.45,114.28));
#5314 = VECTOR('',#5315,1.);
#5315 = DIRECTION('',(0.,0.,1.));
#5316 = PCURVE('',#1073,#5317);
#5317 = DEFINITIONAL_REPRESENTATION('',(#5318),#5322);
#5318 = LINE('',#5319,#5320);
#5319 = CARTESIAN_POINT('',(-4.138911435803E-13,0.));
#5320 = VECTOR('',#5321,1.);
#5321 = DIRECTION('',(-0.,-1.));
#5322 = ( GEOMETRIC_REPRESENTATION_CONTEXT(2) 
PARAMETRIC_REPRESENTATION_CONTEXT() REPRESENTATION_CONTEXT('2D SPACE',''
  ) );
#5323 = PCURVE('',#1044,#5324);
#5324 = DEFINITIONAL_REPRESENTATION('',(#5325),#5329);
#5325 = LINE('',#5326,#5327);
#5326 = CARTESIAN_POINT('',(0.,0.));
#5327 = VECTOR('',#5328,1.);
#5328 = DIRECTION('',(0.,-1.));
#5329 = ( GEOMETRIC_REPRESENTATION_CONTEXT(2) 
PARAMETRIC_REPRESENTATION_CONTEXT() REPRESENTATION_CONTEXT('2D SPACE',''
  ) );
#5330 = ADVANCED_FACE('',(#5331),#1044,.F.);
#5331 = FACE_BOUND('',#5332,.F.);
#5332 = EDGE_LOOP('',(#5333,#5356,#5357,#5358,#5379,#5380));
#5333 = ORIENTED_EDGE('',*,*,#5334,.F.);
#5334 = EDGE_CURVE('',#5287,#5335,#5337,.T.);
#5335 = VERTEX_POINT('',#5336);
#5336 = CARTESIAN_POINT('',(29.6,11.45,114.28));
#5337 = SURFACE_CURVE('',#5338,(#5342,#5349),.PCURVE_S1.);
#5338 = LINE('',#5339,#5340);
#5339 = CARTESIAN_POINT('',(29.6,-11.45,114.28));
#5340 = VECTOR('',#5341,1.);
#5341 = DIRECTION('',(0.,1.,0.));
#5342 = PCURVE('',#1044,#5343);
#5343 = DEFINITIONAL_REPRESENTATION('',(#5344),#5348);
#5344 = LINE('',#5345,#5346);
#5345 = CARTESIAN_POINT('',(0.,0.));
#5346 = VECTOR('',#5347,1.);
#5347 = DIRECTION('',(1.,0.));
#5348 = ( GEOMETRIC_REPRESENTATION_CONTEXT(2) 
PARAMETRIC_REPRESENTATION_CONTEXT() REPRESENTATION_CONTEXT('2D SPACE',''
  ) );
#5349 = PCURVE('',#3463,#5350);
#5350 = DEFINITIONAL_REPRESENTATION('',(#5351),#5355);
#5351 = LINE('',#5352,#5353);
#5352 = CARTESIAN_POINT('',(29.6,-11.45));
#5353 = VECTOR('',#5354,1.);
#5354 = DIRECTION('',(0.,1.));
#5355 = ( GEOMETRIC_REPRESENTATION_CONTEXT(2) 
PARAMETRIC_REPRESENTATION_CONTEXT() REPRESENTATION_CONTEXT('2D SPACE',''
  ) );
#5356 = ORIENTED_EDGE('',*,*,#5310,.T.);
#5357 = ORIENTED_EDGE('',*,*,#1028,.T.);
#5358 = ORIENTED_EDGE('',*,*,#5359,.T.);
#5359 = EDGE_CURVE('',#1001,#1822,#5360,.T.);
#5360 = SURFACE_CURVE('',#5361,(#5365,#5372),.PCURVE_S1.);
#5361 = LINE('',#5362,#5363);
#5362 = CARTESIAN_POINT('',(29.6,-10.6,114.365));
#5363 = VECTOR('',#5364,1.);
#5364 = DIRECTION('',(0.,0.,-1.));
#5365 = PCURVE('',#1044,#5366);
#5366 = DEFINITIONAL_REPRESENTATION('',(#5367),#5371);
#5367 = LINE('',#5368,#5369);
#5368 = CARTESIAN_POINT('',(0.85,-8.499999999999E-02));
#5369 = VECTOR('',#5370,1.);
#5370 = DIRECTION('',(0.,1.));
#5371 = ( GEOMETRIC_REPRESENTATION_CONTEXT(2) 
PARAMETRIC_REPRESENTATION_CONTEXT() REPRESENTATION_CONTEXT('2D SPACE',''
  ) );
#5372 = PCURVE('',#1016,#5373);
#5373 = DEFINITIONAL_REPRESENTATION('',(#5374),#5378);
#5374 = LINE('',#5375,#5376);
#5375 = CARTESIAN_POINT('',(-8.500000000001E-02,61.6));
#5376 = VECTOR('',#5377,1.);
#5377 = DIRECTION('',(-1.,0.));
#5378 = ( GEOMETRIC_REPRESENTATION_CONTEXT(2) 
PARAMETRIC_REPRESENTATION_CONTEXT() REPRESENTATION_CONTEXT('2D SPACE',''
  ) );
#5379 = ORIENTED_EDGE('',*,*,#1821,.T.);
#5380 = ORIENTED_EDGE('',*,*,#5381,.F.);
#5381 = EDGE_CURVE('',#5335,#1789,#5382,.T.);
#5382 = SURFACE_CURVE('',#5383,(#5387,#5394),.PCURVE_S1.);
#5383 = LINE('',#5384,#5385);
#5384 = CARTESIAN_POINT('',(29.6,11.45,114.28));
#5385 = VECTOR('',#5386,1.);
#5386 = DIRECTION('',(0.,0.,1.));
#5387 = PCURVE('',#1044,#5388);
#5388 = DEFINITIONAL_REPRESENTATION('',(#5389),#5393);
#5389 = LINE('',#5390,#5391);
#5390 = CARTESIAN_POINT('',(22.9,0.));
#5391 = VECTOR('',#5392,1.);
#5392 = DIRECTION('',(0.,-1.));
#5393 = ( GEOMETRIC_REPRESENTATION_CONTEXT(2) 
PARAMETRIC_REPRESENTATION_CONTEXT() REPRESENTATION_CONTEXT('2D SPACE',''
  ) );
#5394 = PCURVE('',#1809,#5395);
#5395 = DEFINITIONAL_REPRESENTATION('',(#5396),#5400);
#5396 = LINE('',#5397,#5398);
#5397 = CARTESIAN_POINT('',(6.28318530718,0.));
#5398 = VECTOR('',#5399,1.);
#5399 = DIRECTION('',(-0.,-1.));
#5400 = ( GEOMETRIC_REPRESENTATION_CONTEXT(2) 
PARAMETRIC_REPRESENTATION_CONTEXT() REPRESENTATION_CONTEXT('2D SPACE',''
  ) );
#5401 = ADVANCED_FACE('',(#5402),#1016,.F.);
#5402 = FACE_BOUND('',#5403,.F.);
#5403 = EDGE_LOOP('',(#5404,#5405,#5406,#5407));
#5404 = ORIENTED_EDGE('',*,*,#1000,.F.);
#5405 = ORIENTED_EDGE('',*,*,#2118,.T.);
#5406 = ORIENTED_EDGE('',*,*,#1844,.T.);
#5407 = ORIENTED_EDGE('',*,*,#5359,.F.);
#5408 = ADVANCED_FACE('',(#5409,#5458),#914,.F.);
#5409 = FACE_BOUND('',#5410,.F.);
#5410 = EDGE_LOOP('',(#5411,#5412,#5413,#5436,#5457));
#5411 = ORIENTED_EDGE('',*,*,#1964,.F.);
#5412 = ORIENTED_EDGE('',*,*,#898,.T.);
#5413 = ORIENTED_EDGE('',*,*,#5414,.T.);
#5414 = EDGE_CURVE('',#871,#5415,#5417,.T.);
#5415 = VERTEX_POINT('',#5416);
#5416 = CARTESIAN_POINT('',(10.4,-11.2,117.45));
#5417 = SURFACE_CURVE('',#5418,(#5422,#5429),.PCURVE_S1.);
#5418 = LINE('',#5419,#5420);
#5419 = CARTESIAN_POINT('',(10.4,-11.2,115.18));
#5420 = VECTOR('',#5421,1.);
#5421 = DIRECTION('',(0.,0.,1.));
#5422 = PCURVE('',#914,#5423);
#5423 = DEFINITIONAL_REPRESENTATION('',(#5424),#5428);
#5424 = LINE('',#5425,#5426);
#5425 = CARTESIAN_POINT('',(0.,-2.3));
#5426 = VECTOR('',#5427,1.);
#5427 = DIRECTION('',(1.,0.));
#5428 = ( GEOMETRIC_REPRESENTATION_CONTEXT(2) 
PARAMETRIC_REPRESENTATION_CONTEXT() REPRESENTATION_CONTEXT('2D SPACE',''
  ) );
#5429 = PCURVE('',#886,#5430);
#5430 = DEFINITIONAL_REPRESENTATION('',(#5431),#5435);
#5431 = LINE('',#5432,#5433);
#5432 = CARTESIAN_POINT('',(0.,20.8));
#5433 = VECTOR('',#5434,1.);
#5434 = DIRECTION('',(1.,0.));
#5435 = ( GEOMETRIC_REPRESENTATION_CONTEXT(2) 
PARAMETRIC_REPRESENTATION_CONTEXT() REPRESENTATION_CONTEXT('2D SPACE',''
  ) );
#5436 = ORIENTED_EDGE('',*,*,#5437,.F.);
#5437 = EDGE_CURVE('',#1988,#5415,#5438,.T.);
#5438 = SURFACE_CURVE('',#5439,(#5443,#5450),.PCURVE_S1.);
#5439 = LINE('',#5440,#5441);
#5440 = CARTESIAN_POINT('',(10.4,-13.5,117.45));
#5441 = VECTOR('',#5442,1.);
#5442 = DIRECTION('',(-0.,1.,0.));
#5443 = PCURVE('',#914,#5444);
#5444 = DEFINITIONAL_REPRESENTATION('',(#5445),#5449);
#5445 = LINE('',#5446,#5447);
#5446 = CARTESIAN_POINT('',(2.27,0.));
#5447 = VECTOR('',#5448,1.);
#5448 = DIRECTION('',(0.,-1.));
#5449 = ( GEOMETRIC_REPRESENTATION_CONTEXT(2) 
PARAMETRIC_REPRESENTATION_CONTEXT() REPRESENTATION_CONTEXT('2D SPACE',''
  ) );
#5450 = PCURVE('',#2026,#5451);
#5451 = DEFINITIONAL_REPRESENTATION('',(#5452),#5456);
#5452 = LINE('',#5453,#5454);
#5453 = CARTESIAN_POINT('',(20.8,0.));
#5454 = VECTOR('',#5455,1.);
#5455 = DIRECTION('',(0.,1.));
#5456 = ( GEOMETRIC_REPRESENTATION_CONTEXT(2) 
PARAMETRIC_REPRESENTATION_CONTEXT() REPRESENTATION_CONTEXT('2D SPACE',''
  ) );
#5457 = ORIENTED_EDGE('',*,*,#1987,.F.);
#5458 = FACE_BOUND('',#5459,.F.);
#5459 = EDGE_LOOP('',(#5460,#5495));
#5460 = ORIENTED_EDGE('',*,*,#5461,.T.);
#5461 = EDGE_CURVE('',#5462,#5464,#5466,.T.);
#5462 = VERTEX_POINT('',#5463);
#5463 = CARTESIAN_POINT('',(10.4,-12.82,115.27));
#5464 = VERTEX_POINT('',#5465);
#5465 = CARTESIAN_POINT('',(10.4,-13.5,115.95));
#5466 = SURFACE_CURVE('',#5467,(#5472,#5483),.PCURVE_S1.);
#5467 = CIRCLE('',#5468,0.68);
#5468 = AXIS2_PLACEMENT_3D('',#5469,#5470,#5471);
#5469 = CARTESIAN_POINT('',(10.4,-12.82,115.95));
#5470 = DIRECTION('',(-1.,0.,0.));
#5471 = DIRECTION('',(0.,0.,-1.));
#5472 = PCURVE('',#914,#5473);
#5473 = DEFINITIONAL_REPRESENTATION('',(#5474),#5482);
#5474 = ( BOUNDED_CURVE() B_SPLINE_CURVE(2,(#5475,#5476,#5477,#5478,
#5479,#5480,#5481),.UNSPECIFIED.,.T.,.F.) B_SPLINE_CURVE_WITH_KNOTS((1,2
    ,2,2,2,1),(-2.094395102393,0.,2.094395102393,4.188790204786,
6.28318530718,8.377580409573),.UNSPECIFIED.) CURVE() 
GEOMETRIC_REPRESENTATION_ITEM() RATIONAL_B_SPLINE_CURVE((1.,0.5,1.,0.5,
1.,0.5,1.)) REPRESENTATION_ITEM('') );
#5475 = CARTESIAN_POINT('',(8.999999999999E-02,-0.68));
#5476 = CARTESIAN_POINT('',(8.999999999999E-02,0.497794549147));
#5477 = CARTESIAN_POINT('',(1.11,-9.110272542658E-02));
#5478 = CARTESIAN_POINT('',(2.13,-0.68));
#5479 = CARTESIAN_POINT('',(1.11,-1.268897274573));
#5480 = CARTESIAN_POINT('',(8.999999999999E-02,-1.857794549147));
#5481 = CARTESIAN_POINT('',(8.999999999999E-02,-0.68));
#5482 = ( GEOMETRIC_REPRESENTATION_CONTEXT(2) 
PARAMETRIC_REPRESENTATION_CONTEXT() REPRESENTATION_CONTEXT('2D SPACE',''
  ) );
#5483 = PCURVE('',#5484,#5489);
#5484 = CYLINDRICAL_SURFACE('',#5485,0.68);
#5485 = AXIS2_PLACEMENT_3D('',#5486,#5487,#5488);
#5486 = CARTESIAN_POINT('',(10.4,-12.82,115.95));
#5487 = DIRECTION('',(-1.,0.,0.));
#5488 = DIRECTION('',(0.,0.,-1.));
#5489 = DEFINITIONAL_REPRESENTATION('',(#5490),#5494);
#5490 = LINE('',#5491,#5492);
#5491 = CARTESIAN_POINT('',(0.,0.));
#5492 = VECTOR('',#5493,1.);
#5493 = DIRECTION('',(1.,0.));
#5494 = ( GEOMETRIC_REPRESENTATION_CONTEXT(2) 
PARAMETRIC_REPRESENTATION_CONTEXT() REPRESENTATION_CONTEXT('2D SPACE',''
  ) );
#5495 = ORIENTED_EDGE('',*,*,#5496,.T.);
#5496 = EDGE_CURVE('',#5464,#5462,#5497,.T.);
#5497 = SURFACE_CURVE('',#5498,(#5503,#5514),.PCURVE_S1.);
#5498 = CIRCLE('',#5499,0.68);
#5499 = AXIS2_PLACEMENT_3D('',#5500,#5501,#5502);
#5500 = CARTESIAN_POINT('',(10.4,-12.82,115.95));
#5501 = DIRECTION('',(-1.,0.,0.));
#5502 = DIRECTION('',(0.,0.,-1.));
#5503 = PCURVE('',#914,#5504);
#5504 = DEFINITIONAL_REPRESENTATION('',(#5505),#5513);
#5505 = ( BOUNDED_CURVE() B_SPLINE_CURVE(2,(#5506,#5507,#5508,#5509,
#5510,#5511,#5512),.UNSPECIFIED.,.T.,.F.) B_SPLINE_CURVE_WITH_KNOTS((1,2
    ,2,2,2,1),(-2.094395102393,0.,2.094395102393,4.188790204786,
6.28318530718,8.377580409573),.UNSPECIFIED.) CURVE() 
GEOMETRIC_REPRESENTATION_ITEM() RATIONAL_B_SPLINE_CURVE((1.,0.5,1.,0.5,
1.,0.5,1.)) REPRESENTATION_ITEM('') );
#5506 = CARTESIAN_POINT('',(8.999999999999E-02,-0.68));
#5507 = CARTESIAN_POINT('',(8.999999999999E-02,0.497794549147));
#5508 = CARTESIAN_POINT('',(1.11,-9.110272542658E-02));
#5509 = CARTESIAN_POINT('',(2.13,-0.68));
#5510 = CARTESIAN_POINT('',(1.11,-1.268897274573));
#5511 = CARTESIAN_POINT('',(8.999999999999E-02,-1.857794549147));
#5512 = CARTESIAN_POINT('',(8.999999999999E-02,-0.68));
#5513 = ( GEOMETRIC_REPRESENTATION_CONTEXT(2) 
PARAMETRIC_REPRESENTATION_CONTEXT() REPRESENTATION_CONTEXT('2D SPACE',''
  ) );
#5514 = PCURVE('',#5484,#5515);
#5515 = DEFINITIONAL_REPRESENTATION('',(#5516),#5520);
#5516 = LINE('',#5517,#5518);
#5517 = CARTESIAN_POINT('',(0.,0.));
#5518 = VECTOR('',#5519,1.);
#5519 = DIRECTION('',(1.,0.));
#5520 = ( GEOMETRIC_REPRESENTATION_CONTEXT(2) 
PARAMETRIC_REPRESENTATION_CONTEXT() REPRESENTATION_CONTEXT('2D SPACE',''
  ) );
#5521 = ADVANCED_FACE('',(#5522),#886,.F.);
#5522 = FACE_BOUND('',#5523,.F.);
#5523 = EDGE_LOOP('',(#5524,#5525,#5526,#5549));
#5524 = ORIENTED_EDGE('',*,*,#5414,.F.);
#5525 = ORIENTED_EDGE('',*,*,#870,.T.);
#5526 = ORIENTED_EDGE('',*,*,#5527,.T.);
#5527 = EDGE_CURVE('',#843,#5528,#5530,.T.);
#5528 = VERTEX_POINT('',#5529);
#5529 = CARTESIAN_POINT('',(-10.4,-11.2,117.45));
#5530 = SURFACE_CURVE('',#5531,(#5535,#5542),.PCURVE_S1.);
#5531 = LINE('',#5532,#5533);
#5532 = CARTESIAN_POINT('',(-10.4,-11.2,115.18));
#5533 = VECTOR('',#5534,1.);
#5534 = DIRECTION('',(0.,0.,1.));
#5535 = PCURVE('',#886,#5536);
#5536 = DEFINITIONAL_REPRESENTATION('',(#5537),#5541);
#5537 = LINE('',#5538,#5539);
#5538 = CARTESIAN_POINT('',(0.,0.));
#5539 = VECTOR('',#5540,1.);
#5540 = DIRECTION('',(1.,0.));
#5541 = ( GEOMETRIC_REPRESENTATION_CONTEXT(2) 
PARAMETRIC_REPRESENTATION_CONTEXT() REPRESENTATION_CONTEXT('2D SPACE',''
  ) );
#5542 = PCURVE('',#858,#5543);
#5543 = DEFINITIONAL_REPRESENTATION('',(#5544),#5548);
#5544 = LINE('',#5545,#5546);
#5545 = CARTESIAN_POINT('',(0.,-2.3));
#5546 = VECTOR('',#5547,1.);
#5547 = DIRECTION('',(1.,0.));
#5548 = ( GEOMETRIC_REPRESENTATION_CONTEXT(2) 
PARAMETRIC_REPRESENTATION_CONTEXT() REPRESENTATION_CONTEXT('2D SPACE',''
  ) );
#5549 = ORIENTED_EDGE('',*,*,#5550,.T.);
#5550 = EDGE_CURVE('',#5528,#5415,#5551,.T.);
#5551 = SURFACE_CURVE('',#5552,(#5556,#5563),.PCURVE_S1.);
#5552 = LINE('',#5553,#5554);
#5553 = CARTESIAN_POINT('',(-10.4,-11.2,117.45));
#5554 = VECTOR('',#5555,1.);
#5555 = DIRECTION('',(1.,0.,-0.));
#5556 = PCURVE('',#886,#5557);
#5557 = DEFINITIONAL_REPRESENTATION('',(#5558),#5562);
#5558 = LINE('',#5559,#5560);
#5559 = CARTESIAN_POINT('',(2.27,0.));
#5560 = VECTOR('',#5561,1.);
#5561 = DIRECTION('',(0.,1.));
#5562 = ( GEOMETRIC_REPRESENTATION_CONTEXT(2) 
PARAMETRIC_REPRESENTATION_CONTEXT() REPRESENTATION_CONTEXT('2D SPACE',''
  ) );
#5563 = PCURVE('',#2026,#5564);
#5564 = DEFINITIONAL_REPRESENTATION('',(#5565),#5569);
#5565 = LINE('',#5566,#5567);
#5566 = CARTESIAN_POINT('',(0.,2.3));
#5567 = VECTOR('',#5568,1.);
#5568 = DIRECTION('',(1.,0.));
#5569 = ( GEOMETRIC_REPRESENTATION_CONTEXT(2) 
PARAMETRIC_REPRESENTATION_CONTEXT() REPRESENTATION_CONTEXT('2D SPACE',''
  ) );
#5570 = ADVANCED_FACE('',(#5571,#5598),#858,.T.);
#5571 = FACE_BOUND('',#5572,.T.);
#5572 = EDGE_LOOP('',(#5573,#5574,#5575,#5576,#5597));
#5573 = ORIENTED_EDGE('',*,*,#2061,.F.);
#5574 = ORIENTED_EDGE('',*,*,#842,.T.);
#5575 = ORIENTED_EDGE('',*,*,#5527,.T.);
#5576 = ORIENTED_EDGE('',*,*,#5577,.F.);
#5577 = EDGE_CURVE('',#2011,#5528,#5578,.T.);
#5578 = SURFACE_CURVE('',#5579,(#5583,#5590),.PCURVE_S1.);
#5579 = LINE('',#5580,#5581);
#5580 = CARTESIAN_POINT('',(-10.4,-13.5,117.45));
#5581 = VECTOR('',#5582,1.);
#5582 = DIRECTION('',(-0.,1.,0.));
#5583 = PCURVE('',#858,#5584);
#5584 = DEFINITIONAL_REPRESENTATION('',(#5585),#5589);
#5585 = LINE('',#5586,#5587);
#5586 = CARTESIAN_POINT('',(2.27,0.));
#5587 = VECTOR('',#5588,1.);
#5588 = DIRECTION('',(0.,-1.));
#5589 = ( GEOMETRIC_REPRESENTATION_CONTEXT(2) 
PARAMETRIC_REPRESENTATION_CONTEXT() REPRESENTATION_CONTEXT('2D SPACE',''
  ) );
#5590 = PCURVE('',#2026,#5591);
#5591 = DEFINITIONAL_REPRESENTATION('',(#5592),#5596);
#5592 = LINE('',#5593,#5594);
#5593 = CARTESIAN_POINT('',(0.,0.));
#5594 = VECTOR('',#5595,1.);
#5595 = DIRECTION('',(0.,1.));
#5596 = ( GEOMETRIC_REPRESENTATION_CONTEXT(2) 
PARAMETRIC_REPRESENTATION_CONTEXT() REPRESENTATION_CONTEXT('2D SPACE',''
  ) );
#5597 = ORIENTED_EDGE('',*,*,#2038,.F.);
#5598 = FACE_BOUND('',#5599,.T.);
#5599 = EDGE_LOOP('',(#5600,#5631));
#5600 = ORIENTED_EDGE('',*,*,#5601,.F.);
#5601 = EDGE_CURVE('',#5602,#5604,#5606,.T.);
#5602 = VERTEX_POINT('',#5603);
#5603 = CARTESIAN_POINT('',(-10.4,-13.5,115.95));
#5604 = VERTEX_POINT('',#5605);
#5605 = CARTESIAN_POINT('',(-10.4,-12.82,116.63));
#5606 = SURFACE_CURVE('',#5607,(#5612,#5619),.PCURVE_S1.);
#5607 = CIRCLE('',#5608,0.68);
#5608 = AXIS2_PLACEMENT_3D('',#5609,#5610,#5611);
#5609 = CARTESIAN_POINT('',(-10.4,-12.82,115.95));
#5610 = DIRECTION('',(1.,0.,0.));
#5611 = DIRECTION('',(-0.,0.,1.));
#5612 = PCURVE('',#858,#5613);
#5613 = DEFINITIONAL_REPRESENTATION('',(#5614),#5618);
#5614 = CIRCLE('',#5615,0.68);
#5615 = AXIS2_PLACEMENT_2D('',#5616,#5617);
#5616 = CARTESIAN_POINT('',(0.77,-0.68));
#5617 = DIRECTION('',(1.,0.));
#5618 = ( GEOMETRIC_REPRESENTATION_CONTEXT(2) 
PARAMETRIC_REPRESENTATION_CONTEXT() REPRESENTATION_CONTEXT('2D SPACE',''
  ) );
#5619 = PCURVE('',#5620,#5625);
#5620 = CYLINDRICAL_SURFACE('',#5621,0.68);
#5621 = AXIS2_PLACEMENT_3D('',#5622,#5623,#5624);
#5622 = CARTESIAN_POINT('',(-10.4,-12.82,115.95));
#5623 = DIRECTION('',(1.,0.,0.));
#5624 = DIRECTION('',(-0.,0.,1.));
#5625 = DEFINITIONAL_REPRESENTATION('',(#5626),#5630);
#5626 = LINE('',#5627,#5628);
#5627 = CARTESIAN_POINT('',(0.,0.));
#5628 = VECTOR('',#5629,1.);
#5629 = DIRECTION('',(1.,0.));
#5630 = ( GEOMETRIC_REPRESENTATION_CONTEXT(2) 
PARAMETRIC_REPRESENTATION_CONTEXT() REPRESENTATION_CONTEXT('2D SPACE',''
  ) );
#5631 = ORIENTED_EDGE('',*,*,#5632,.F.);
#5632 = EDGE_CURVE('',#5604,#5602,#5633,.T.);
#5633 = SURFACE_CURVE('',#5634,(#5639,#5646),.PCURVE_S1.);
#5634 = CIRCLE('',#5635,0.68);
#5635 = AXIS2_PLACEMENT_3D('',#5636,#5637,#5638);
#5636 = CARTESIAN_POINT('',(-10.4,-12.82,115.95));
#5637 = DIRECTION('',(1.,0.,0.));
#5638 = DIRECTION('',(-0.,0.,1.));
#5639 = PCURVE('',#858,#5640);
#5640 = DEFINITIONAL_REPRESENTATION('',(#5641),#5645);
#5641 = CIRCLE('',#5642,0.68);
#5642 = AXIS2_PLACEMENT_2D('',#5643,#5644);
#5643 = CARTESIAN_POINT('',(0.77,-0.68));
#5644 = DIRECTION('',(1.,0.));
#5645 = ( GEOMETRIC_REPRESENTATION_CONTEXT(2) 
PARAMETRIC_REPRESENTATION_CONTEXT() REPRESENTATION_CONTEXT('2D SPACE',''
  ) );
#5646 = PCURVE('',#5620,#5647);
#5647 = DEFINITIONAL_REPRESENTATION('',(#5648),#5652);
#5648 = LINE('',#5649,#5650);
#5649 = CARTESIAN_POINT('',(0.,0.));
#5650 = VECTOR('',#5651,1.);
#5651 = DIRECTION('',(1.,0.));
#5652 = ( GEOMETRIC_REPRESENTATION_CONTEXT(2) 
PARAMETRIC_REPRESENTATION_CONTEXT() REPRESENTATION_CONTEXT('2D SPACE',''
  ) );
#5653 = ADVANCED_FACE('',(#5654),#1809,.T.);
#5654 = FACE_BOUND('',#5655,.T.);
#5655 = EDGE_LOOP('',(#5656,#5680,#5701,#5702));
#5656 = ORIENTED_EDGE('',*,*,#5657,.T.);
#5657 = EDGE_CURVE('',#5335,#5658,#5660,.T.);
#5658 = VERTEX_POINT('',#5659);
#5659 = CARTESIAN_POINT('',(27.95,13.1,114.28));
#5660 = SURFACE_CURVE('',#5661,(#5666,#5673),.PCURVE_S1.);
#5661 = CIRCLE('',#5662,1.65);
#5662 = AXIS2_PLACEMENT_3D('',#5663,#5664,#5665);
#5663 = CARTESIAN_POINT('',(27.95,11.45,114.28));
#5664 = DIRECTION('',(0.,0.,1.));
#5665 = DIRECTION('',(1.,0.,-0.));
#5666 = PCURVE('',#1809,#5667);
#5667 = DEFINITIONAL_REPRESENTATION('',(#5668),#5672);
#5668 = LINE('',#5669,#5670);
#5669 = CARTESIAN_POINT('',(6.28318530718,0.));
#5670 = VECTOR('',#5671,1.);
#5671 = DIRECTION('',(-1.,0.));
#5672 = ( GEOMETRIC_REPRESENTATION_CONTEXT(2) 
PARAMETRIC_REPRESENTATION_CONTEXT() REPRESENTATION_CONTEXT('2D SPACE',''
  ) );
#5673 = PCURVE('',#3463,#5674);
#5674 = DEFINITIONAL_REPRESENTATION('',(#5675),#5679);
#5675 = CIRCLE('',#5676,1.65);
#5676 = AXIS2_PLACEMENT_2D('',#5677,#5678);
#5677 = CARTESIAN_POINT('',(27.95,11.45));
#5678 = DIRECTION('',(1.,0.));
#5679 = ( GEOMETRIC_REPRESENTATION_CONTEXT(2) 
PARAMETRIC_REPRESENTATION_CONTEXT() REPRESENTATION_CONTEXT('2D SPACE',''
  ) );
#5680 = ORIENTED_EDGE('',*,*,#5681,.T.);
#5681 = EDGE_CURVE('',#5658,#1761,#5682,.T.);
#5682 = SURFACE_CURVE('',#5683,(#5687,#5694),.PCURVE_S1.);
#5683 = LINE('',#5684,#5685);
#5684 = CARTESIAN_POINT('',(27.95,13.1,114.28));
#5685 = VECTOR('',#5686,1.);
#5686 = DIRECTION('',(0.,0.,1.));
#5687 = PCURVE('',#1809,#5688);
#5688 = DEFINITIONAL_REPRESENTATION('',(#5689),#5693);
#5689 = LINE('',#5690,#5691);
#5690 = CARTESIAN_POINT('',(4.712388980385,0.));
#5691 = VECTOR('',#5692,1.);
#5692 = DIRECTION('',(-0.,-1.));
#5693 = ( GEOMETRIC_REPRESENTATION_CONTEXT(2) 
PARAMETRIC_REPRESENTATION_CONTEXT() REPRESENTATION_CONTEXT('2D SPACE',''
  ) );
#5694 = PCURVE('',#1776,#5695);
#5695 = DEFINITIONAL_REPRESENTATION('',(#5696),#5700);
#5696 = LINE('',#5697,#5698);
#5697 = CARTESIAN_POINT('',(0.,-0.));
#5698 = VECTOR('',#5699,1.);
#5699 = DIRECTION('',(0.,-1.));
#5700 = ( GEOMETRIC_REPRESENTATION_CONTEXT(2) 
PARAMETRIC_REPRESENTATION_CONTEXT() REPRESENTATION_CONTEXT('2D SPACE',''
  ) );
#5701 = ORIENTED_EDGE('',*,*,#1788,.T.);
#5702 = ORIENTED_EDGE('',*,*,#5381,.F.);
#5703 = ADVANCED_FACE('',(#5704),#1776,.F.);
#5704 = FACE_BOUND('',#5705,.F.);
#5705 = EDGE_LOOP('',(#5706,#5729,#5730,#5731));
#5706 = ORIENTED_EDGE('',*,*,#5707,.F.);
#5707 = EDGE_CURVE('',#5658,#5708,#5710,.T.);
#5708 = VERTEX_POINT('',#5709);
#5709 = CARTESIAN_POINT('',(-27.95,13.1,114.28));
#5710 = SURFACE_CURVE('',#5711,(#5715,#5722),.PCURVE_S1.);
#5711 = LINE('',#5712,#5713);
#5712 = CARTESIAN_POINT('',(27.95,13.1,114.28));
#5713 = VECTOR('',#5714,1.);
#5714 = DIRECTION('',(-1.,0.,0.));
#5715 = PCURVE('',#1776,#5716);
#5716 = DEFINITIONAL_REPRESENTATION('',(#5717),#5721);
#5717 = LINE('',#5718,#5719);
#5718 = CARTESIAN_POINT('',(0.,-0.));
#5719 = VECTOR('',#5720,1.);
#5720 = DIRECTION('',(1.,0.));
#5721 = ( GEOMETRIC_REPRESENTATION_CONTEXT(2) 
PARAMETRIC_REPRESENTATION_CONTEXT() REPRESENTATION_CONTEXT('2D SPACE',''
  ) );
#5722 = PCURVE('',#3463,#5723);
#5723 = DEFINITIONAL_REPRESENTATION('',(#5724),#5728);
#5724 = LINE('',#5725,#5726);
#5725 = CARTESIAN_POINT('',(27.95,13.1));
#5726 = VECTOR('',#5727,1.);
#5727 = DIRECTION('',(-1.,0.));
#5728 = ( GEOMETRIC_REPRESENTATION_CONTEXT(2) 
PARAMETRIC_REPRESENTATION_CONTEXT() REPRESENTATION_CONTEXT('2D SPACE',''
  ) );
#5729 = ORIENTED_EDGE('',*,*,#5681,.T.);
#5730 = ORIENTED_EDGE('',*,*,#1760,.T.);
#5731 = ORIENTED_EDGE('',*,*,#5732,.F.);
#5732 = EDGE_CURVE('',#5708,#1728,#5733,.T.);
#5733 = SURFACE_CURVE('',#5734,(#5738,#5745),.PCURVE_S1.);
#5734 = LINE('',#5735,#5736);
#5735 = CARTESIAN_POINT('',(-27.95,13.1,114.28));
#5736 = VECTOR('',#5737,1.);
#5737 = DIRECTION('',(0.,0.,1.));
#5738 = PCURVE('',#1776,#5739);
#5739 = DEFINITIONAL_REPRESENTATION('',(#5740),#5744);
#5740 = LINE('',#5741,#5742);
#5741 = CARTESIAN_POINT('',(55.9,0.));
#5742 = VECTOR('',#5743,1.);
#5743 = DIRECTION('',(0.,-1.));
#5744 = ( GEOMETRIC_REPRESENTATION_CONTEXT(2) 
PARAMETRIC_REPRESENTATION_CONTEXT() REPRESENTATION_CONTEXT('2D SPACE',''
  ) );
#5745 = PCURVE('',#1748,#5746);
#5746 = DEFINITIONAL_REPRESENTATION('',(#5747),#5751);
#5747 = LINE('',#5748,#5749);
#5748 = CARTESIAN_POINT('',(4.712388980385,0.));
#5749 = VECTOR('',#5750,1.);
#5750 = DIRECTION('',(-0.,-1.));
#5751 = ( GEOMETRIC_REPRESENTATION_CONTEXT(2) 
PARAMETRIC_REPRESENTATION_CONTEXT() REPRESENTATION_CONTEXT('2D SPACE',''
  ) );
#5752 = ADVANCED_FACE('',(#5753),#1748,.T.);
#5753 = FACE_BOUND('',#5754,.T.);
#5754 = EDGE_LOOP('',(#5755,#5777,#5778,#5779));
#5755 = ORIENTED_EDGE('',*,*,#5756,.T.);
#5756 = EDGE_CURVE('',#5708,#3446,#5757,.T.);
#5757 = SURFACE_CURVE('',#5758,(#5763,#5770),.PCURVE_S1.);
#5758 = CIRCLE('',#5759,1.65);
#5759 = AXIS2_PLACEMENT_3D('',#5760,#5761,#5762);
#5760 = CARTESIAN_POINT('',(-27.95,11.45,114.28));
#5761 = DIRECTION('',(0.,0.,1.));
#5762 = DIRECTION('',(1.,0.,-0.));
#5763 = PCURVE('',#1748,#5764);
#5764 = DEFINITIONAL_REPRESENTATION('',(#5765),#5769);
#5765 = LINE('',#5766,#5767);
#5766 = CARTESIAN_POINT('',(6.28318530718,0.));
#5767 = VECTOR('',#5768,1.);
#5768 = DIRECTION('',(-1.,0.));
#5769 = ( GEOMETRIC_REPRESENTATION_CONTEXT(2) 
PARAMETRIC_REPRESENTATION_CONTEXT() REPRESENTATION_CONTEXT('2D SPACE',''
  ) );
#5770 = PCURVE('',#3463,#5771);
#5771 = DEFINITIONAL_REPRESENTATION('',(#5772),#5776);
#5772 = CIRCLE('',#5773,1.65);
#5773 = AXIS2_PLACEMENT_2D('',#5774,#5775);
#5774 = CARTESIAN_POINT('',(-27.95,11.45));
#5775 = DIRECTION('',(1.,0.));
#5776 = ( GEOMETRIC_REPRESENTATION_CONTEXT(2) 
PARAMETRIC_REPRESENTATION_CONTEXT() REPRESENTATION_CONTEXT('2D SPACE',''
  ) );
#5777 = ORIENTED_EDGE('',*,*,#3475,.T.);
#5778 = ORIENTED_EDGE('',*,*,#1727,.T.);
#5779 = ORIENTED_EDGE('',*,*,#5732,.F.);
#5780 = ADVANCED_FACE('',(#5781),#2026,.F.);
#5781 = FACE_BOUND('',#5782,.F.);
#5782 = EDGE_LOOP('',(#5783,#5784,#5785,#5786));
#5783 = ORIENTED_EDGE('',*,*,#5577,.F.);
#5784 = ORIENTED_EDGE('',*,*,#2010,.T.);
#5785 = ORIENTED_EDGE('',*,*,#5437,.T.);
#5786 = ORIENTED_EDGE('',*,*,#5550,.F.);
#5787 = ADVANCED_FACE('',(#5788,#5791),#2238,.T.);
#5788 = FACE_BOUND('',#5789,.T.);
#5789 = EDGE_LOOP('',(#5790));
#5790 = ORIENTED_EDGE('',*,*,#2223,.T.);
#5791 = FACE_BOUND('',#5792,.T.);
#5792 = EDGE_LOOP('',(#5793));
#5793 = ORIENTED_EDGE('',*,*,#4104,.T.);
#5794 = ADVANCED_FACE('',(#5795,#5798),#2293,.T.);
#5795 = FACE_BOUND('',#5796,.T.);
#5796 = EDGE_LOOP('',(#5797));
#5797 = ORIENTED_EDGE('',*,*,#2278,.T.);
#5798 = FACE_BOUND('',#5799,.T.);
#5799 = EDGE_LOOP('',(#5800));
#5800 = ORIENTED_EDGE('',*,*,#4527,.T.);
#5801 = ADVANCED_FACE('',(#5802,#5895,#6231,#6266),#2348,.F.);
#5802 = FACE_BOUND('',#5803,.F.);
#5803 = EDGE_LOOP('',(#5804,#5832,#5833,#5834,#5835,#5836,#5837,#5838,
    #5839,#5840,#5841,#5869));
#5804 = ORIENTED_EDGE('',*,*,#5805,.F.);
#5805 = EDGE_CURVE('',#3906,#5806,#5808,.T.);
#5806 = VERTEX_POINT('',#5807);
#5807 = CARTESIAN_POINT('',(-27.75,12.25,115.185));
#5808 = SURFACE_CURVE('',#5809,(#5814,#5825),.PCURVE_S1.);
#5809 = CIRCLE('',#5810,1.);
#5810 = AXIS2_PLACEMENT_3D('',#5811,#5812,#5813);
#5811 = CARTESIAN_POINT('',(-27.75,11.25,115.185));
#5812 = DIRECTION('',(0.,0.,-1.));
#5813 = DIRECTION('',(1.,0.,0.));
#5814 = PCURVE('',#2348,#5815);
#5815 = DEFINITIONAL_REPRESENTATION('',(#5816),#5824);
#5816 = ( BOUNDED_CURVE() B_SPLINE_CURVE(2,(#5817,#5818,#5819,#5820,
#5821,#5822,#5823),.UNSPECIFIED.,.T.,.F.) B_SPLINE_CURVE_WITH_KNOTS((1,2
    ,2,2,2,1),(-2.094395102393,0.,2.094395102393,4.188790204786,
6.28318530718,8.377580409573),.UNSPECIFIED.) CURVE() 
GEOMETRIC_REPRESENTATION_ITEM() RATIONAL_B_SPLINE_CURVE((1.,0.5,1.,0.5,
1.,0.5,1.)) REPRESENTATION_ITEM('') );
#5817 = CARTESIAN_POINT('',(8.25,31.25));
#5818 = CARTESIAN_POINT('',(8.25,29.517949192431));
#5819 = CARTESIAN_POINT('',(6.75,30.383974596216));
#5820 = CARTESIAN_POINT('',(5.25,31.25));
#5821 = CARTESIAN_POINT('',(6.75,32.116025403784));
#5822 = CARTESIAN_POINT('',(8.25,32.982050807569));
#5823 = CARTESIAN_POINT('',(8.25,31.25));
#5824 = ( GEOMETRIC_REPRESENTATION_CONTEXT(2) 
PARAMETRIC_REPRESENTATION_CONTEXT() REPRESENTATION_CONTEXT('2D SPACE',''
  ) );
#5825 = PCURVE('',#3921,#5826);
#5826 = DEFINITIONAL_REPRESENTATION('',(#5827),#5831);
#5827 = LINE('',#5828,#5829);
#5828 = CARTESIAN_POINT('',(0.,-1.005));
#5829 = VECTOR('',#5830,1.);
#5830 = DIRECTION('',(1.,0.));
#5831 = ( GEOMETRIC_REPRESENTATION_CONTEXT(2) 
PARAMETRIC_REPRESENTATION_CONTEXT() REPRESENTATION_CONTEXT('2D SPACE',''
  ) );
#5832 = ORIENTED_EDGE('',*,*,#3933,.T.);
#5833 = ORIENTED_EDGE('',*,*,#4003,.F.);
#5834 = ORIENTED_EDGE('',*,*,#4131,.T.);
#5835 = ORIENTED_EDGE('',*,*,#4053,.T.);
#5836 = ORIENTED_EDGE('',*,*,#4426,.F.);
#5837 = ORIENTED_EDGE('',*,*,#4554,.T.);
#5838 = ORIENTED_EDGE('',*,*,#4476,.T.);
#5839 = ORIENTED_EDGE('',*,*,#4827,.F.);
#5840 = ORIENTED_EDGE('',*,*,#5059,.T.);
#5841 = ORIENTED_EDGE('',*,*,#5842,.F.);
#5842 = EDGE_CURVE('',#5843,#4879,#5845,.T.);
#5843 = VERTEX_POINT('',#5844);
#5844 = CARTESIAN_POINT('',(27.75,12.25,115.185));
#5845 = SURFACE_CURVE('',#5846,(#5851,#5862),.PCURVE_S1.);
#5846 = CIRCLE('',#5847,1.);
#5847 = AXIS2_PLACEMENT_3D('',#5848,#5849,#5850);
#5848 = CARTESIAN_POINT('',(27.75,11.25,115.185));
#5849 = DIRECTION('',(0.,0.,-1.));
#5850 = DIRECTION('',(1.,0.,0.));
#5851 = PCURVE('',#2348,#5852);
#5852 = DEFINITIONAL_REPRESENTATION('',(#5853),#5861);
#5853 = ( BOUNDED_CURVE() B_SPLINE_CURVE(2,(#5854,#5855,#5856,#5857,
#5858,#5859,#5860),.UNSPECIFIED.,.T.,.F.) B_SPLINE_CURVE_WITH_KNOTS((1,2
    ,2,2,2,1),(-2.094395102393,0.,2.094395102393,4.188790204786,
6.28318530718,8.377580409573),.UNSPECIFIED.) CURVE() 
GEOMETRIC_REPRESENTATION_ITEM() RATIONAL_B_SPLINE_CURVE((1.,0.5,1.,0.5,
1.,0.5,1.)) REPRESENTATION_ITEM('') );
#5854 = CARTESIAN_POINT('',(63.75,31.25));
#5855 = CARTESIAN_POINT('',(63.75,29.517949192431));
#5856 = CARTESIAN_POINT('',(62.25,30.383974596216));
#5857 = CARTESIAN_POINT('',(60.75,31.25));
#5858 = CARTESIAN_POINT('',(62.25,32.116025403784));
#5859 = CARTESIAN_POINT('',(63.75,32.982050807569));
#5860 = CARTESIAN_POINT('',(63.75,31.25));
#5861 = ( GEOMETRIC_REPRESENTATION_CONTEXT(2) 
PARAMETRIC_REPRESENTATION_CONTEXT() REPRESENTATION_CONTEXT('2D SPACE',''
  ) );
#5862 = PCURVE('',#4894,#5863);
#5863 = DEFINITIONAL_REPRESENTATION('',(#5864),#5868);
#5864 = LINE('',#5865,#5866);
#5865 = CARTESIAN_POINT('',(0.,-1.005));
#5866 = VECTOR('',#5867,1.);
#5867 = DIRECTION('',(1.,0.));
#5868 = ( GEOMETRIC_REPRESENTATION_CONTEXT(2) 
PARAMETRIC_REPRESENTATION_CONTEXT() REPRESENTATION_CONTEXT('2D SPACE',''
  ) );
#5869 = ORIENTED_EDGE('',*,*,#5870,.T.);
#5870 = EDGE_CURVE('',#5843,#5806,#5871,.T.);
#5871 = SURFACE_CURVE('',#5872,(#5876,#5883),.PCURVE_S1.);
#5872 = LINE('',#5873,#5874);
#5873 = CARTESIAN_POINT('',(-3.625,12.25,115.185));
#5874 = VECTOR('',#5875,1.);
#5875 = DIRECTION('',(-1.,0.,0.));
#5876 = PCURVE('',#2348,#5877);
#5877 = DEFINITIONAL_REPRESENTATION('',(#5878),#5882);
#5878 = LINE('',#5879,#5880);
#5879 = CARTESIAN_POINT('',(31.375,32.25));
#5880 = VECTOR('',#5881,1.);
#5881 = DIRECTION('',(-1.,0.));
#5882 = ( GEOMETRIC_REPRESENTATION_CONTEXT(2) 
PARAMETRIC_REPRESENTATION_CONTEXT() REPRESENTATION_CONTEXT('2D SPACE',''
  ) );
#5883 = PCURVE('',#5884,#5889);
#5884 = PLANE('',#5885);
#5885 = AXIS2_PLACEMENT_3D('',#5886,#5887,#5888);
#5886 = CARTESIAN_POINT('',(27.75,12.25,114.18));
#5887 = DIRECTION('',(0.,-1.,0.));
#5888 = DIRECTION('',(-1.,0.,0.));
#5889 = DEFINITIONAL_REPRESENTATION('',(#5890),#5894);
#5890 = LINE('',#5891,#5892);
#5891 = CARTESIAN_POINT('',(31.375,-1.005));
#5892 = VECTOR('',#5893,1.);
#5893 = DIRECTION('',(1.,0.));
#5894 = ( GEOMETRIC_REPRESENTATION_CONTEXT(2) 
PARAMETRIC_REPRESENTATION_CONTEXT() REPRESENTATION_CONTEXT('2D SPACE',''
  ) );
#5895 = FACE_BOUND('',#5896,.F.);
#5896 = EDGE_LOOP('',(#5897,#5898,#5899,#5925,#5926,#5927,#5953,#5954,
    #5980,#5981,#5982,#6008,#6009,#6010,#6038,#6066,#6094,#6120,#6121,
    #6149,#6177,#6205));
#5897 = ORIENTED_EDGE('',*,*,#2331,.F.);
#5898 = ORIENTED_EDGE('',*,*,#2444,.F.);
#5899 = ORIENTED_EDGE('',*,*,#5900,.T.);
#5900 = EDGE_CURVE('',#2445,#2524,#5901,.T.);
#5901 = SURFACE_CURVE('',#5902,(#5907,#5918),.PCURVE_S1.);
#5902 = CIRCLE('',#5903,6.65);
#5903 = AXIS2_PLACEMENT_3D('',#5904,#5905,#5906);
#5904 = CARTESIAN_POINT('',(-9.5,-1.35,115.185));
#5905 = DIRECTION('',(0.,0.,-1.));
#5906 = DIRECTION('',(1.,0.,0.));
#5907 = PCURVE('',#2348,#5908);
#5908 = DEFINITIONAL_REPRESENTATION('',(#5909),#5917);
#5909 = ( BOUNDED_CURVE() B_SPLINE_CURVE(2,(#5910,#5911,#5912,#5913,
#5914,#5915,#5916),.UNSPECIFIED.,.T.,.F.) B_SPLINE_CURVE_WITH_KNOTS((1,2
    ,2,2,2,1),(-2.094395102393,0.,2.094395102393,4.188790204786,
6.28318530718,8.377580409573),.UNSPECIFIED.) CURVE() 
GEOMETRIC_REPRESENTATION_ITEM() RATIONAL_B_SPLINE_CURVE((1.,0.5,1.,0.5,
1.,0.5,1.)) REPRESENTATION_ITEM('') );
#5910 = CARTESIAN_POINT('',(32.15,18.65));
#5911 = CARTESIAN_POINT('',(32.15,7.131862129667));
#5912 = CARTESIAN_POINT('',(22.175,12.890931064833));
#5913 = CARTESIAN_POINT('',(12.2,18.65));
#5914 = CARTESIAN_POINT('',(22.175,24.409068935167));
#5915 = CARTESIAN_POINT('',(32.15,30.168137870333));
#5916 = CARTESIAN_POINT('',(32.15,18.65));
#5917 = ( GEOMETRIC_REPRESENTATION_CONTEXT(2) 
PARAMETRIC_REPRESENTATION_CONTEXT() REPRESENTATION_CONTEXT('2D SPACE',''
  ) );
#5918 = PCURVE('',#2483,#5919);
#5919 = DEFINITIONAL_REPRESENTATION('',(#5920),#5924);
#5920 = LINE('',#5921,#5922);
#5921 = CARTESIAN_POINT('',(0.,-0.105));
#5922 = VECTOR('',#5923,1.);
#5923 = DIRECTION('',(1.,-0.));
#5924 = ( GEOMETRIC_REPRESENTATION_CONTEXT(2) 
PARAMETRIC_REPRESENTATION_CONTEXT() REPRESENTATION_CONTEXT('2D SPACE',''
  ) );
#5925 = ORIENTED_EDGE('',*,*,#2546,.F.);
#5926 = ORIENTED_EDGE('',*,*,#2674,.F.);
#5927 = ORIENTED_EDGE('',*,*,#5928,.T.);
#5928 = EDGE_CURVE('',#2647,#2780,#5929,.T.);
#5929 = SURFACE_CURVE('',#5930,(#5935,#5946),.PCURVE_S1.);
#5930 = CIRCLE('',#5931,6.65);
#5931 = AXIS2_PLACEMENT_3D('',#5932,#5933,#5934);
#5932 = CARTESIAN_POINT('',(-9.5,-1.35,115.185));
#5933 = DIRECTION('',(0.,0.,-1.));
#5934 = DIRECTION('',(1.,0.,0.));
#5935 = PCURVE('',#2348,#5936);
#5936 = DEFINITIONAL_REPRESENTATION('',(#5937),#5945);
#5937 = ( BOUNDED_CURVE() B_SPLINE_CURVE(2,(#5938,#5939,#5940,#5941,
#5942,#5943,#5944),.UNSPECIFIED.,.T.,.F.) B_SPLINE_CURVE_WITH_KNOTS((1,2
    ,2,2,2,1),(-2.094395102393,0.,2.094395102393,4.188790204786,
6.28318530718,8.377580409573),.UNSPECIFIED.) CURVE() 
GEOMETRIC_REPRESENTATION_ITEM() RATIONAL_B_SPLINE_CURVE((1.,0.5,1.,0.5,
1.,0.5,1.)) REPRESENTATION_ITEM('') );
#5938 = CARTESIAN_POINT('',(32.15,18.65));
#5939 = CARTESIAN_POINT('',(32.15,7.131862129667));
#5940 = CARTESIAN_POINT('',(22.175,12.890931064833));
#5941 = CARTESIAN_POINT('',(12.2,18.65));
#5942 = CARTESIAN_POINT('',(22.175,24.409068935167));
#5943 = CARTESIAN_POINT('',(32.15,30.168137870333));
#5944 = CARTESIAN_POINT('',(32.15,18.65));
#5945 = ( GEOMETRIC_REPRESENTATION_CONTEXT(2) 
PARAMETRIC_REPRESENTATION_CONTEXT() REPRESENTATION_CONTEXT('2D SPACE',''
  ) );
#5946 = PCURVE('',#2662,#5947);
#5947 = DEFINITIONAL_REPRESENTATION('',(#5948),#5952);
#5948 = LINE('',#5949,#5950);
#5949 = CARTESIAN_POINT('',(0.,-0.105));
#5950 = VECTOR('',#5951,1.);
#5951 = DIRECTION('',(1.,-0.));
#5952 = ( GEOMETRIC_REPRESENTATION_CONTEXT(2) 
PARAMETRIC_REPRESENTATION_CONTEXT() REPRESENTATION_CONTEXT('2D SPACE',''
  ) );
#5953 = ORIENTED_EDGE('',*,*,#2779,.T.);
#5954 = ORIENTED_EDGE('',*,*,#5955,.T.);
#5955 = EDGE_CURVE('',#2752,#2875,#5956,.T.);
#5956 = SURFACE_CURVE('',#5957,(#5962,#5973),.PCURVE_S1.);
#5957 = CIRCLE('',#5958,6.65);
#5958 = AXIS2_PLACEMENT_3D('',#5959,#5960,#5961);
#5959 = CARTESIAN_POINT('',(9.5,-1.35,115.185));
#5960 = DIRECTION('',(0.,0.,-1.));
#5961 = DIRECTION('',(1.,0.,0.));
#5962 = PCURVE('',#2348,#5963);
#5963 = DEFINITIONAL_REPRESENTATION('',(#5964),#5972);
#5964 = ( BOUNDED_CURVE() B_SPLINE_CURVE(2,(#5965,#5966,#5967,#5968,
#5969,#5970,#5971),.UNSPECIFIED.,.T.,.F.) B_SPLINE_CURVE_WITH_KNOTS((1,2
    ,2,2,2,1),(-2.094395102393,0.,2.094395102393,4.188790204786,
6.28318530718,8.377580409573),.UNSPECIFIED.) CURVE() 
GEOMETRIC_REPRESENTATION_ITEM() RATIONAL_B_SPLINE_CURVE((1.,0.5,1.,0.5,
1.,0.5,1.)) REPRESENTATION_ITEM('') );
#5965 = CARTESIAN_POINT('',(51.15,18.65));
#5966 = CARTESIAN_POINT('',(51.15,7.131862129667));
#5967 = CARTESIAN_POINT('',(41.175,12.890931064833));
#5968 = CARTESIAN_POINT('',(31.2,18.65));
#5969 = CARTESIAN_POINT('',(41.175,24.409068935167));
#5970 = CARTESIAN_POINT('',(51.15,30.168137870333));
#5971 = CARTESIAN_POINT('',(51.15,18.65));
#5972 = ( GEOMETRIC_REPRESENTATION_CONTEXT(2) 
PARAMETRIC_REPRESENTATION_CONTEXT() REPRESENTATION_CONTEXT('2D SPACE',''
  ) );
#5973 = PCURVE('',#2767,#5974);
#5974 = DEFINITIONAL_REPRESENTATION('',(#5975),#5979);
#5975 = LINE('',#5976,#5977);
#5976 = CARTESIAN_POINT('',(0.,-0.105));
#5977 = VECTOR('',#5978,1.);
#5978 = DIRECTION('',(1.,-0.));
#5979 = ( GEOMETRIC_REPRESENTATION_CONTEXT(2) 
PARAMETRIC_REPRESENTATION_CONTEXT() REPRESENTATION_CONTEXT('2D SPACE',''
  ) );
#5980 = ORIENTED_EDGE('',*,*,#2874,.F.);
#5981 = ORIENTED_EDGE('',*,*,#3074,.T.);
#5982 = ORIENTED_EDGE('',*,*,#5983,.T.);
#5983 = EDGE_CURVE('',#3052,#2973,#5984,.T.);
#5984 = SURFACE_CURVE('',#5985,(#5990,#6001),.PCURVE_S1.);
#5985 = CIRCLE('',#5986,6.65);
#5986 = AXIS2_PLACEMENT_3D('',#5987,#5988,#5989);
#5987 = CARTESIAN_POINT('',(9.5,-1.35,115.185));
#5988 = DIRECTION('',(0.,0.,-1.));
#5989 = DIRECTION('',(1.,0.,0.));
#5990 = PCURVE('',#2348,#5991);
#5991 = DEFINITIONAL_REPRESENTATION('',(#5992),#6000);
#5992 = ( BOUNDED_CURVE() B_SPLINE_CURVE(2,(#5993,#5994,#5995,#5996,
#5997,#5998,#5999),.UNSPECIFIED.,.T.,.F.) B_SPLINE_CURVE_WITH_KNOTS((1,2
    ,2,2,2,1),(-2.094395102393,0.,2.094395102393,4.188790204786,
6.28318530718,8.377580409573),.UNSPECIFIED.) CURVE() 
GEOMETRIC_REPRESENTATION_ITEM() RATIONAL_B_SPLINE_CURVE((1.,0.5,1.,0.5,
1.,0.5,1.)) REPRESENTATION_ITEM('') );
#5993 = CARTESIAN_POINT('',(51.15,18.65));
#5994 = CARTESIAN_POINT('',(51.15,7.131862129667));
#5995 = CARTESIAN_POINT('',(41.175,12.890931064833));
#5996 = CARTESIAN_POINT('',(31.2,18.65));
#5997 = CARTESIAN_POINT('',(41.175,24.409068935167));
#5998 = CARTESIAN_POINT('',(51.15,30.168137870333));
#5999 = CARTESIAN_POINT('',(51.15,18.65));
#6000 = ( GEOMETRIC_REPRESENTATION_CONTEXT(2) 
PARAMETRIC_REPRESENTATION_CONTEXT() REPRESENTATION_CONTEXT('2D SPACE',''
  ) );
#6001 = PCURVE('',#3011,#6002);
#6002 = DEFINITIONAL_REPRESENTATION('',(#6003),#6007);
#6003 = LINE('',#6004,#6005);
#6004 = CARTESIAN_POINT('',(0.,-0.105));
#6005 = VECTOR('',#6006,1.);
#6006 = DIRECTION('',(1.,-0.));
#6007 = ( GEOMETRIC_REPRESENTATION_CONTEXT(2) 
PARAMETRIC_REPRESENTATION_CONTEXT() REPRESENTATION_CONTEXT('2D SPACE',''
  ) );
#6008 = ORIENTED_EDGE('',*,*,#2972,.T.);
#6009 = ORIENTED_EDGE('',*,*,#3180,.F.);
#6010 = ORIENTED_EDGE('',*,*,#6011,.T.);
#6011 = EDGE_CURVE('',#3153,#6012,#6014,.T.);
#6012 = VERTEX_POINT('',#6013);
#6013 = CARTESIAN_POINT('',(8.25,-7.881462317123,115.185));
#6014 = SURFACE_CURVE('',#6015,(#6020,#6031),.PCURVE_S1.);
#6015 = CIRCLE('',#6016,6.65);
#6016 = AXIS2_PLACEMENT_3D('',#6017,#6018,#6019);
#6017 = CARTESIAN_POINT('',(9.5,-1.35,115.185));
#6018 = DIRECTION('',(0.,0.,-1.));
#6019 = DIRECTION('',(1.,0.,0.));
#6020 = PCURVE('',#2348,#6021);
#6021 = DEFINITIONAL_REPRESENTATION('',(#6022),#6030);
#6022 = ( BOUNDED_CURVE() B_SPLINE_CURVE(2,(#6023,#6024,#6025,#6026,
#6027,#6028,#6029),.UNSPECIFIED.,.T.,.F.) B_SPLINE_CURVE_WITH_KNOTS((1,2
    ,2,2,2,1),(-2.094395102393,0.,2.094395102393,4.188790204786,
6.28318530718,8.377580409573),.UNSPECIFIED.) CURVE() 
GEOMETRIC_REPRESENTATION_ITEM() RATIONAL_B_SPLINE_CURVE((1.,0.5,1.,0.5,
1.,0.5,1.)) REPRESENTATION_ITEM('') );
#6023 = CARTESIAN_POINT('',(51.15,18.65));
#6024 = CARTESIAN_POINT('',(51.15,7.131862129667));
#6025 = CARTESIAN_POINT('',(41.175,12.890931064833));
#6026 = CARTESIAN_POINT('',(31.2,18.65));
#6027 = CARTESIAN_POINT('',(41.175,24.409068935167));
#6028 = CARTESIAN_POINT('',(51.15,30.168137870333));
#6029 = CARTESIAN_POINT('',(51.15,18.65));
#6030 = ( GEOMETRIC_REPRESENTATION_CONTEXT(2) 
PARAMETRIC_REPRESENTATION_CONTEXT() REPRESENTATION_CONTEXT('2D SPACE',''
  ) );
#6031 = PCURVE('',#3168,#6032);
#6032 = DEFINITIONAL_REPRESENTATION('',(#6033),#6037);
#6033 = LINE('',#6034,#6035);
#6034 = CARTESIAN_POINT('',(0.,-0.105));
#6035 = VECTOR('',#6036,1.);
#6036 = DIRECTION('',(1.,-0.));
#6037 = ( GEOMETRIC_REPRESENTATION_CONTEXT(2) 
PARAMETRIC_REPRESENTATION_CONTEXT() REPRESENTATION_CONTEXT('2D SPACE',''
  ) );
#6038 = ORIENTED_EDGE('',*,*,#6039,.F.);
#6039 = EDGE_CURVE('',#6040,#6012,#6042,.T.);
#6040 = VERTEX_POINT('',#6041);
#6041 = CARTESIAN_POINT('',(8.25,-7.7,115.185));
#6042 = SURFACE_CURVE('',#6043,(#6047,#6054),.PCURVE_S1.);
#6043 = LINE('',#6044,#6045);
#6044 = CARTESIAN_POINT('',(8.25,-16.75,115.185));
#6045 = VECTOR('',#6046,1.);
#6046 = DIRECTION('',(0.,-1.,0.));
#6047 = PCURVE('',#2348,#6048);
#6048 = DEFINITIONAL_REPRESENTATION('',(#6049),#6053);
#6049 = LINE('',#6050,#6051);
#6050 = CARTESIAN_POINT('',(43.25,3.25));
#6051 = VECTOR('',#6052,1.);
#6052 = DIRECTION('',(0.,-1.));
#6053 = ( GEOMETRIC_REPRESENTATION_CONTEXT(2) 
PARAMETRIC_REPRESENTATION_CONTEXT() REPRESENTATION_CONTEXT('2D SPACE',''
  ) );
#6054 = PCURVE('',#6055,#6060);
#6055 = PLANE('',#6056);
#6056 = AXIS2_PLACEMENT_3D('',#6057,#6058,#6059);
#6057 = CARTESIAN_POINT('',(8.25,-13.5,115.23));
#6058 = DIRECTION('',(1.,0.,-0.));
#6059 = DIRECTION('',(0.,0.,1.));
#6060 = DEFINITIONAL_REPRESENTATION('',(#6061),#6065);
#6061 = LINE('',#6062,#6063);
#6062 = CARTESIAN_POINT('',(-4.5E-02,3.25));
#6063 = VECTOR('',#6064,1.);
#6064 = DIRECTION('',(0.,1.));
#6065 = ( GEOMETRIC_REPRESENTATION_CONTEXT(2) 
PARAMETRIC_REPRESENTATION_CONTEXT() REPRESENTATION_CONTEXT('2D SPACE',''
  ) );
#6066 = ORIENTED_EDGE('',*,*,#6067,.F.);
#6067 = EDGE_CURVE('',#6068,#6040,#6070,.T.);
#6068 = VERTEX_POINT('',#6069);
#6069 = CARTESIAN_POINT('',(7.525158234187,-7.7,115.185));
#6070 = SURFACE_CURVE('',#6071,(#6075,#6082),.PCURVE_S1.);
#6071 = LINE('',#6072,#6073);
#6072 = CARTESIAN_POINT('',(-21.625,-7.7,115.185));
#6073 = VECTOR('',#6074,1.);
#6074 = DIRECTION('',(1.,0.,-0.));
#6075 = PCURVE('',#2348,#6076);
#6076 = DEFINITIONAL_REPRESENTATION('',(#6077),#6081);
#6077 = LINE('',#6078,#6079);
#6078 = CARTESIAN_POINT('',(13.375,12.3));
#6079 = VECTOR('',#6080,1.);
#6080 = DIRECTION('',(1.,0.));
#6081 = ( GEOMETRIC_REPRESENTATION_CONTEXT(2) 
PARAMETRIC_REPRESENTATION_CONTEXT() REPRESENTATION_CONTEXT('2D SPACE',''
  ) );
#6082 = PCURVE('',#6083,#6088);
#6083 = PLANE('',#6084);
#6084 = AXIS2_PLACEMENT_3D('',#6085,#6086,#6087);
#6085 = CARTESIAN_POINT('',(-8.25,-7.7,115.23));
#6086 = DIRECTION('',(-0.,1.,0.));
#6087 = DIRECTION('',(0.,0.,1.));
#6088 = DEFINITIONAL_REPRESENTATION('',(#6089),#6093);
#6089 = LINE('',#6090,#6091);
#6090 = CARTESIAN_POINT('',(-4.5E-02,-13.375));
#6091 = VECTOR('',#6092,1.);
#6092 = DIRECTION('',(0.,1.));
#6093 = ( GEOMETRIC_REPRESENTATION_CONTEXT(2) 
PARAMETRIC_REPRESENTATION_CONTEXT() REPRESENTATION_CONTEXT('2D SPACE',''
  ) );
#6094 = ORIENTED_EDGE('',*,*,#6095,.T.);
#6095 = EDGE_CURVE('',#6068,#3231,#6096,.T.);
#6096 = SURFACE_CURVE('',#6097,(#6102,#6113),.PCURVE_S1.);
#6097 = CIRCLE('',#6098,6.65);
#6098 = AXIS2_PLACEMENT_3D('',#6099,#6100,#6101);
#6099 = CARTESIAN_POINT('',(9.5,-1.35,115.185));
#6100 = DIRECTION('',(0.,0.,-1.));
#6101 = DIRECTION('',(1.,0.,0.));
#6102 = PCURVE('',#2348,#6103);
#6103 = DEFINITIONAL_REPRESENTATION('',(#6104),#6112);
#6104 = ( BOUNDED_CURVE() B_SPLINE_CURVE(2,(#6105,#6106,#6107,#6108,
#6109,#6110,#6111),.UNSPECIFIED.,.T.,.F.) B_SPLINE_CURVE_WITH_KNOTS((1,2
    ,2,2,2,1),(-2.094395102393,0.,2.094395102393,4.188790204786,
6.28318530718,8.377580409573),.UNSPECIFIED.) CURVE() 
GEOMETRIC_REPRESENTATION_ITEM() RATIONAL_B_SPLINE_CURVE((1.,0.5,1.,0.5,
1.,0.5,1.)) REPRESENTATION_ITEM('') );
#6105 = CARTESIAN_POINT('',(51.15,18.65));
#6106 = CARTESIAN_POINT('',(51.15,7.131862129667));
#6107 = CARTESIAN_POINT('',(41.175,12.890931064833));
#6108 = CARTESIAN_POINT('',(31.2,18.65));
#6109 = CARTESIAN_POINT('',(41.175,24.409068935167));
#6110 = CARTESIAN_POINT('',(51.15,30.168137870333));
#6111 = CARTESIAN_POINT('',(51.15,18.65));
#6112 = ( GEOMETRIC_REPRESENTATION_CONTEXT(2) 
PARAMETRIC_REPRESENTATION_CONTEXT() REPRESENTATION_CONTEXT('2D SPACE',''
  ) );
#6113 = PCURVE('',#3246,#6114);
#6114 = DEFINITIONAL_REPRESENTATION('',(#6115),#6119);
#6115 = LINE('',#6116,#6117);
#6116 = CARTESIAN_POINT('',(0.,-0.105));
#6117 = VECTOR('',#6118,1.);
#6118 = DIRECTION('',(1.,-0.));
#6119 = ( GEOMETRIC_REPRESENTATION_CONTEXT(2) 
PARAMETRIC_REPRESENTATION_CONTEXT() REPRESENTATION_CONTEXT('2D SPACE',''
  ) );
#6120 = ORIENTED_EDGE('',*,*,#3258,.F.);
#6121 = ORIENTED_EDGE('',*,*,#6122,.T.);
#6122 = EDGE_CURVE('',#3259,#6123,#6125,.T.);
#6123 = VERTEX_POINT('',#6124);
#6124 = CARTESIAN_POINT('',(-7.525158234187,-7.7,115.185));
#6125 = SURFACE_CURVE('',#6126,(#6131,#6142),.PCURVE_S1.);
#6126 = CIRCLE('',#6127,6.65);
#6127 = AXIS2_PLACEMENT_3D('',#6128,#6129,#6130);
#6128 = CARTESIAN_POINT('',(-9.5,-1.35,115.185));
#6129 = DIRECTION('',(0.,0.,-1.));
#6130 = DIRECTION('',(1.,0.,0.));
#6131 = PCURVE('',#2348,#6132);
#6132 = DEFINITIONAL_REPRESENTATION('',(#6133),#6141);
#6133 = ( BOUNDED_CURVE() B_SPLINE_CURVE(2,(#6134,#6135,#6136,#6137,
#6138,#6139,#6140),.UNSPECIFIED.,.T.,.F.) B_SPLINE_CURVE_WITH_KNOTS((1,2
    ,2,2,2,1),(-2.094395102393,0.,2.094395102393,4.188790204786,
6.28318530718,8.377580409573),.UNSPECIFIED.) CURVE() 
GEOMETRIC_REPRESENTATION_ITEM() RATIONAL_B_SPLINE_CURVE((1.,0.5,1.,0.5,
1.,0.5,1.)) REPRESENTATION_ITEM('') );
#6134 = CARTESIAN_POINT('',(32.15,18.65));
#6135 = CARTESIAN_POINT('',(32.15,7.131862129667));
#6136 = CARTESIAN_POINT('',(22.175,12.890931064833));
#6137 = CARTESIAN_POINT('',(12.2,18.65));
#6138 = CARTESIAN_POINT('',(22.175,24.409068935167));
#6139 = CARTESIAN_POINT('',(32.15,30.168137870333));
#6140 = CARTESIAN_POINT('',(32.15,18.65));
#6141 = ( GEOMETRIC_REPRESENTATION_CONTEXT(2) 
PARAMETRIC_REPRESENTATION_CONTEXT() REPRESENTATION_CONTEXT('2D SPACE',''
  ) );
#6142 = PCURVE('',#3297,#6143);
#6143 = DEFINITIONAL_REPRESENTATION('',(#6144),#6148);
#6144 = LINE('',#6145,#6146);
#6145 = CARTESIAN_POINT('',(0.,-0.105));
#6146 = VECTOR('',#6147,1.);
#6147 = DIRECTION('',(1.,-0.));
#6148 = ( GEOMETRIC_REPRESENTATION_CONTEXT(2) 
PARAMETRIC_REPRESENTATION_CONTEXT() REPRESENTATION_CONTEXT('2D SPACE',''
  ) );
#6149 = ORIENTED_EDGE('',*,*,#6150,.F.);
#6150 = EDGE_CURVE('',#6151,#6123,#6153,.T.);
#6151 = VERTEX_POINT('',#6152);
#6152 = CARTESIAN_POINT('',(-8.25,-7.7,115.185));
#6153 = SURFACE_CURVE('',#6154,(#6158,#6165),.PCURVE_S1.);
#6154 = LINE('',#6155,#6156);
#6155 = CARTESIAN_POINT('',(-21.625,-7.7,115.185));
#6156 = VECTOR('',#6157,1.);
#6157 = DIRECTION('',(1.,0.,-0.));
#6158 = PCURVE('',#2348,#6159);
#6159 = DEFINITIONAL_REPRESENTATION('',(#6160),#6164);
#6160 = LINE('',#6161,#6162);
#6161 = CARTESIAN_POINT('',(13.375,12.3));
#6162 = VECTOR('',#6163,1.);
#6163 = DIRECTION('',(1.,0.));
#6164 = ( GEOMETRIC_REPRESENTATION_CONTEXT(2) 
PARAMETRIC_REPRESENTATION_CONTEXT() REPRESENTATION_CONTEXT('2D SPACE',''
  ) );
#6165 = PCURVE('',#6166,#6171);
#6166 = PLANE('',#6167);
#6167 = AXIS2_PLACEMENT_3D('',#6168,#6169,#6170);
#6168 = CARTESIAN_POINT('',(-8.25,-7.7,115.23));
#6169 = DIRECTION('',(-0.,1.,0.));
#6170 = DIRECTION('',(0.,0.,1.));
#6171 = DEFINITIONAL_REPRESENTATION('',(#6172),#6176);
#6172 = LINE('',#6173,#6174);
#6173 = CARTESIAN_POINT('',(-4.5E-02,-13.375));
#6174 = VECTOR('',#6175,1.);
#6175 = DIRECTION('',(0.,1.));
#6176 = ( GEOMETRIC_REPRESENTATION_CONTEXT(2) 
PARAMETRIC_REPRESENTATION_CONTEXT() REPRESENTATION_CONTEXT('2D SPACE',''
  ) );
#6177 = ORIENTED_EDGE('',*,*,#6178,.T.);
#6178 = EDGE_CURVE('',#6151,#6179,#6181,.T.);
#6179 = VERTEX_POINT('',#6180);
#6180 = CARTESIAN_POINT('',(-8.25,-7.881462317123,115.185));
#6181 = SURFACE_CURVE('',#6182,(#6186,#6193),.PCURVE_S1.);
#6182 = LINE('',#6183,#6184);
#6183 = CARTESIAN_POINT('',(-8.25,-16.75,115.185));
#6184 = VECTOR('',#6185,1.);
#6185 = DIRECTION('',(0.,-1.,0.));
#6186 = PCURVE('',#2348,#6187);
#6187 = DEFINITIONAL_REPRESENTATION('',(#6188),#6192);
#6188 = LINE('',#6189,#6190);
#6189 = CARTESIAN_POINT('',(26.75,3.25));
#6190 = VECTOR('',#6191,1.);
#6191 = DIRECTION('',(0.,-1.));
#6192 = ( GEOMETRIC_REPRESENTATION_CONTEXT(2) 
PARAMETRIC_REPRESENTATION_CONTEXT() REPRESENTATION_CONTEXT('2D SPACE',''
  ) );
#6193 = PCURVE('',#6194,#6199);
#6194 = PLANE('',#6195);
#6195 = AXIS2_PLACEMENT_3D('',#6196,#6197,#6198);
#6196 = CARTESIAN_POINT('',(-8.25,-13.5,115.23));
#6197 = DIRECTION('',(1.,0.,-0.));
#6198 = DIRECTION('',(0.,0.,1.));
#6199 = DEFINITIONAL_REPRESENTATION('',(#6200),#6204);
#6200 = LINE('',#6201,#6202);
#6201 = CARTESIAN_POINT('',(-4.5E-02,3.25));
#6202 = VECTOR('',#6203,1.);
#6203 = DIRECTION('',(0.,1.));
#6204 = ( GEOMETRIC_REPRESENTATION_CONTEXT(2) 
PARAMETRIC_REPRESENTATION_CONTEXT() REPRESENTATION_CONTEXT('2D SPACE',''
  ) );
#6205 = ORIENTED_EDGE('',*,*,#6206,.T.);
#6206 = EDGE_CURVE('',#6179,#2332,#6207,.T.);
#6207 = SURFACE_CURVE('',#6208,(#6213,#6224),.PCURVE_S1.);
#6208 = CIRCLE('',#6209,6.65);
#6209 = AXIS2_PLACEMENT_3D('',#6210,#6211,#6212);
#6210 = CARTESIAN_POINT('',(-9.5,-1.35,115.185));
#6211 = DIRECTION('',(0.,0.,-1.));
#6212 = DIRECTION('',(1.,0.,0.));
#6213 = PCURVE('',#2348,#6214);
#6214 = DEFINITIONAL_REPRESENTATION('',(#6215),#6223);
#6215 = ( BOUNDED_CURVE() B_SPLINE_CURVE(2,(#6216,#6217,#6218,#6219,
#6220,#6221,#6222),.UNSPECIFIED.,.T.,.F.) B_SPLINE_CURVE_WITH_KNOTS((1,2
    ,2,2,2,1),(-2.094395102393,0.,2.094395102393,4.188790204786,
6.28318530718,8.377580409573),.UNSPECIFIED.) CURVE() 
GEOMETRIC_REPRESENTATION_ITEM() RATIONAL_B_SPLINE_CURVE((1.,0.5,1.,0.5,
1.,0.5,1.)) REPRESENTATION_ITEM('') );
#6216 = CARTESIAN_POINT('',(32.15,18.65));
#6217 = CARTESIAN_POINT('',(32.15,7.131862129667));
#6218 = CARTESIAN_POINT('',(22.175,12.890931064833));
#6219 = CARTESIAN_POINT('',(12.2,18.65));
#6220 = CARTESIAN_POINT('',(22.175,24.409068935167));
#6221 = CARTESIAN_POINT('',(32.15,30.168137870333));
#6222 = CARTESIAN_POINT('',(32.15,18.65));
#6223 = ( GEOMETRIC_REPRESENTATION_CONTEXT(2) 
PARAMETRIC_REPRESENTATION_CONTEXT() REPRESENTATION_CONTEXT('2D SPACE',''
  ) );
#6224 = PCURVE('',#2376,#6225);
#6225 = DEFINITIONAL_REPRESENTATION('',(#6226),#6230);
#6226 = LINE('',#6227,#6228);
#6227 = CARTESIAN_POINT('',(0.,-0.105));
#6228 = VECTOR('',#6229,1.);
#6229 = DIRECTION('',(1.,-0.));
#6230 = ( GEOMETRIC_REPRESENTATION_CONTEXT(2) 
PARAMETRIC_REPRESENTATION_CONTEXT() REPRESENTATION_CONTEXT('2D SPACE',''
  ) );
#6231 = FACE_BOUND('',#6232,.F.);
#6232 = EDGE_LOOP('',(#6233));
#6233 = ORIENTED_EDGE('',*,*,#6234,.T.);
#6234 = EDGE_CURVE('',#6235,#6235,#6237,.T.);
#6235 = VERTEX_POINT('',#6236);
#6236 = CARTESIAN_POINT('',(-23.4,9.7,115.185));
#6237 = SURFACE_CURVE('',#6238,(#6243,#6254),.PCURVE_S1.);
#6238 = CIRCLE('',#6239,1.6);
#6239 = AXIS2_PLACEMENT_3D('',#6240,#6241,#6242);
#6240 = CARTESIAN_POINT('',(-25.,9.7,115.185));
#6241 = DIRECTION('',(0.,0.,-1.));
#6242 = DIRECTION('',(1.,0.,0.));
#6243 = PCURVE('',#2348,#6244);
#6244 = DEFINITIONAL_REPRESENTATION('',(#6245),#6253);
#6245 = ( BOUNDED_CURVE() B_SPLINE_CURVE(2,(#6246,#6247,#6248,#6249,
#6250,#6251,#6252),.UNSPECIFIED.,.T.,.F.) B_SPLINE_CURVE_WITH_KNOTS((1,2
    ,2,2,2,1),(-2.094395102393,0.,2.094395102393,4.188790204786,
6.28318530718,8.377580409573),.UNSPECIFIED.) CURVE() 
GEOMETRIC_REPRESENTATION_ITEM() RATIONAL_B_SPLINE_CURVE((1.,0.5,1.,0.5,
1.,0.5,1.)) REPRESENTATION_ITEM('') );
#6246 = CARTESIAN_POINT('',(11.6,29.7));
#6247 = CARTESIAN_POINT('',(11.6,26.92871870789));
#6248 = CARTESIAN_POINT('',(9.2,28.314359353945));
#6249 = CARTESIAN_POINT('',(6.8,29.7));
#6250 = CARTESIAN_POINT('',(9.2,31.085640646055));
#6251 = CARTESIAN_POINT('',(11.6,32.47128129211));
#6252 = CARTESIAN_POINT('',(11.6,29.7));
#6253 = ( GEOMETRIC_REPRESENTATION_CONTEXT(2) 
PARAMETRIC_REPRESENTATION_CONTEXT() REPRESENTATION_CONTEXT('2D SPACE',''
  ) );
#6254 = PCURVE('',#6255,#6260);
#6255 = CYLINDRICAL_SURFACE('',#6256,1.6);
#6256 = AXIS2_PLACEMENT_3D('',#6257,#6258,#6259);
#6257 = CARTESIAN_POINT('',(-25.,9.7,112.5));
#6258 = DIRECTION('',(-0.,-0.,-1.));
#6259 = DIRECTION('',(1.,0.,0.));
#6260 = DEFINITIONAL_REPRESENTATION('',(#6261),#6265);
#6261 = LINE('',#6262,#6263);
#6262 = CARTESIAN_POINT('',(-4.138911435803E-13,-2.685));
#6263 = VECTOR('',#6264,1.);
#6264 = DIRECTION('',(1.,-0.));
#6265 = ( GEOMETRIC_REPRESENTATION_CONTEXT(2) 
PARAMETRIC_REPRESENTATION_CONTEXT() REPRESENTATION_CONTEXT('2D SPACE',''
  ) );
#6266 = FACE_BOUND('',#6267,.F.);
#6267 = EDGE_LOOP('',(#6268));
#6268 = ORIENTED_EDGE('',*,*,#6269,.T.);
#6269 = EDGE_CURVE('',#6270,#6270,#6272,.T.);
#6270 = VERTEX_POINT('',#6271);
#6271 = CARTESIAN_POINT('',(26.6,9.7,115.185));
#6272 = SURFACE_CURVE('',#6273,(#6278,#6289),.PCURVE_S1.);
#6273 = CIRCLE('',#6274,1.6);
#6274 = AXIS2_PLACEMENT_3D('',#6275,#6276,#6277);
#6275 = CARTESIAN_POINT('',(25.,9.7,115.185));
#6276 = DIRECTION('',(0.,0.,-1.));
#6277 = DIRECTION('',(1.,0.,0.));
#6278 = PCURVE('',#2348,#6279);
#6279 = DEFINITIONAL_REPRESENTATION('',(#6280),#6288);
#6280 = ( BOUNDED_CURVE() B_SPLINE_CURVE(2,(#6281,#6282,#6283,#6284,
#6285,#6286,#6287),.UNSPECIFIED.,.T.,.F.) B_SPLINE_CURVE_WITH_KNOTS((1,2
    ,2,2,2,1),(-2.094395102393,0.,2.094395102393,4.188790204786,
6.28318530718,8.377580409573),.UNSPECIFIED.) CURVE() 
GEOMETRIC_REPRESENTATION_ITEM() RATIONAL_B_SPLINE_CURVE((1.,0.5,1.,0.5,
1.,0.5,1.)) REPRESENTATION_ITEM('') );
#6281 = CARTESIAN_POINT('',(61.6,29.7));
#6282 = CARTESIAN_POINT('',(61.6,26.92871870789));
#6283 = CARTESIAN_POINT('',(59.2,28.314359353945));
#6284 = CARTESIAN_POINT('',(56.8,29.7));
#6285 = CARTESIAN_POINT('',(59.2,31.085640646055));
#6286 = CARTESIAN_POINT('',(61.6,32.47128129211));
#6287 = CARTESIAN_POINT('',(61.6,29.7));
#6288 = ( GEOMETRIC_REPRESENTATION_CONTEXT(2) 
PARAMETRIC_REPRESENTATION_CONTEXT() REPRESENTATION_CONTEXT('2D SPACE',''
  ) );
#6289 = PCURVE('',#6290,#6295);
#6290 = CYLINDRICAL_SURFACE('',#6291,1.6);
#6291 = AXIS2_PLACEMENT_3D('',#6292,#6293,#6294);
#6292 = CARTESIAN_POINT('',(25.,9.7,112.5));
#6293 = DIRECTION('',(-0.,-0.,-1.));
#6294 = DIRECTION('',(1.,0.,0.));
#6295 = DEFINITIONAL_REPRESENTATION('',(#6296),#6300);
#6296 = LINE('',#6297,#6298);
#6297 = CARTESIAN_POINT('',(-4.138911435803E-13,-2.685));
#6298 = VECTOR('',#6299,1.);
#6299 = DIRECTION('',(1.,-0.));
#6300 = ( GEOMETRIC_REPRESENTATION_CONTEXT(2) 
PARAMETRIC_REPRESENTATION_CONTEXT() REPRESENTATION_CONTEXT('2D SPACE',''
  ) );
#6301 = ADVANCED_FACE('',(#6302),#2376,.F.);
#6302 = FACE_BOUND('',#6303,.F.);
#6303 = EDGE_LOOP('',(#6304,#6305,#6306,#6329));
#6304 = ORIENTED_EDGE('',*,*,#2360,.T.);
#6305 = ORIENTED_EDGE('',*,*,#6206,.F.);
#6306 = ORIENTED_EDGE('',*,*,#6307,.F.);
#6307 = EDGE_CURVE('',#6308,#6179,#6310,.T.);
#6308 = VERTEX_POINT('',#6309);
#6309 = CARTESIAN_POINT('',(-8.25,-7.881462317123,116.63));
#6310 = SURFACE_CURVE('',#6311,(#6315,#6322),.PCURVE_S1.);
#6311 = LINE('',#6312,#6313);
#6312 = CARTESIAN_POINT('',(-8.25,-7.881462317123,116.63));
#6313 = VECTOR('',#6314,1.);
#6314 = DIRECTION('',(0.,0.,-1.));
#6315 = PCURVE('',#2376,#6316);
#6316 = DEFINITIONAL_REPRESENTATION('',(#6317),#6321);
#6317 = LINE('',#6318,#6319);
#6318 = CARTESIAN_POINT('',(1.381701509158,-1.55));
#6319 = VECTOR('',#6320,1.);
#6320 = DIRECTION('',(0.,1.));
#6321 = ( GEOMETRIC_REPRESENTATION_CONTEXT(2) 
PARAMETRIC_REPRESENTATION_CONTEXT() REPRESENTATION_CONTEXT('2D SPACE',''
  ) );
#6322 = PCURVE('',#6194,#6323);
#6323 = DEFINITIONAL_REPRESENTATION('',(#6324),#6328);
#6324 = LINE('',#6325,#6326);
#6325 = CARTESIAN_POINT('',(1.4,-5.618537682877));
#6326 = VECTOR('',#6327,1.);
#6327 = DIRECTION('',(-1.,0.));
#6328 = ( GEOMETRIC_REPRESENTATION_CONTEXT(2) 
PARAMETRIC_REPRESENTATION_CONTEXT() REPRESENTATION_CONTEXT('2D SPACE',''
  ) );
#6329 = ORIENTED_EDGE('',*,*,#6330,.F.);
#6330 = EDGE_CURVE('',#2361,#6308,#6331,.T.);
#6331 = SURFACE_CURVE('',#6332,(#6337,#6344),.PCURVE_S1.);
#6332 = CIRCLE('',#6333,6.65);
#6333 = AXIS2_PLACEMENT_3D('',#6334,#6335,#6336);
#6334 = CARTESIAN_POINT('',(-9.5,-1.35,116.63));
#6335 = DIRECTION('',(0.,0.,1.));
#6336 = DIRECTION('',(1.,0.,-0.));
#6337 = PCURVE('',#2376,#6338);
#6338 = DEFINITIONAL_REPRESENTATION('',(#6339),#6343);
#6339 = LINE('',#6340,#6341);
#6340 = CARTESIAN_POINT('',(6.28318530718,-1.55));
#6341 = VECTOR('',#6342,1.);
#6342 = DIRECTION('',(-1.,0.));
#6343 = ( GEOMETRIC_REPRESENTATION_CONTEXT(2) 
PARAMETRIC_REPRESENTATION_CONTEXT() REPRESENTATION_CONTEXT('2D SPACE',''
  ) );
#6344 = PCURVE('',#2405,#6345);
#6345 = DEFINITIONAL_REPRESENTATION('',(#6346),#6350);
#6346 = CIRCLE('',#6347,6.65);
#6347 = AXIS2_PLACEMENT_2D('',#6348,#6349);
#6348 = CARTESIAN_POINT('',(0.,0.));
#6349 = DIRECTION('',(1.,0.));
#6350 = ( GEOMETRIC_REPRESENTATION_CONTEXT(2) 
PARAMETRIC_REPRESENTATION_CONTEXT() REPRESENTATION_CONTEXT('2D SPACE',''
  ) );
#6351 = ADVANCED_FACE('',(#6352),#2405,.F.);
#6352 = FACE_BOUND('',#6353,.F.);
#6353 = EDGE_LOOP('',(#6354,#6355,#6356,#6379,#6402,#6424));
#6354 = ORIENTED_EDGE('',*,*,#2388,.F.);
#6355 = ORIENTED_EDGE('',*,*,#6330,.T.);
#6356 = ORIENTED_EDGE('',*,*,#6357,.T.);
#6357 = EDGE_CURVE('',#6308,#6358,#6360,.T.);
#6358 = VERTEX_POINT('',#6359);
#6359 = CARTESIAN_POINT('',(-8.25,-7.7,116.63));
#6360 = SURFACE_CURVE('',#6361,(#6365,#6372),.PCURVE_S1.);
#6361 = LINE('',#6362,#6363);
#6362 = CARTESIAN_POINT('',(-8.25,-7.425,116.63));
#6363 = VECTOR('',#6364,1.);
#6364 = DIRECTION('',(-0.,1.,0.));
#6365 = PCURVE('',#2405,#6366);
#6366 = DEFINITIONAL_REPRESENTATION('',(#6367),#6371);
#6367 = LINE('',#6368,#6369);
#6368 = CARTESIAN_POINT('',(1.25,-6.075));
#6369 = VECTOR('',#6370,1.);
#6370 = DIRECTION('',(0.,1.));
#6371 = ( GEOMETRIC_REPRESENTATION_CONTEXT(2) 
PARAMETRIC_REPRESENTATION_CONTEXT() REPRESENTATION_CONTEXT('2D SPACE',''
  ) );
#6372 = PCURVE('',#6194,#6373);
#6373 = DEFINITIONAL_REPRESENTATION('',(#6374),#6378);
#6374 = LINE('',#6375,#6376);
#6375 = CARTESIAN_POINT('',(1.4,-6.075));
#6376 = VECTOR('',#6377,1.);
#6377 = DIRECTION('',(0.,-1.));
#6378 = ( GEOMETRIC_REPRESENTATION_CONTEXT(2) 
PARAMETRIC_REPRESENTATION_CONTEXT() REPRESENTATION_CONTEXT('2D SPACE',''
  ) );
#6379 = ORIENTED_EDGE('',*,*,#6380,.F.);
#6380 = EDGE_CURVE('',#6381,#6358,#6383,.T.);
#6381 = VERTEX_POINT('',#6382);
#6382 = CARTESIAN_POINT('',(-7.525158234187,-7.7,116.63));
#6383 = SURFACE_CURVE('',#6384,(#6388,#6395),.PCURVE_S1.);
#6384 = LINE('',#6385,#6386);
#6385 = CARTESIAN_POINT('',(-8.875,-7.7,116.63));
#6386 = VECTOR('',#6387,1.);
#6387 = DIRECTION('',(-1.,-0.,0.));
#6388 = PCURVE('',#2405,#6389);
#6389 = DEFINITIONAL_REPRESENTATION('',(#6390),#6394);
#6390 = LINE('',#6391,#6392);
#6391 = CARTESIAN_POINT('',(0.625,-6.35));
#6392 = VECTOR('',#6393,1.);
#6393 = DIRECTION('',(-1.,0.));
#6394 = ( GEOMETRIC_REPRESENTATION_CONTEXT(2) 
PARAMETRIC_REPRESENTATION_CONTEXT() REPRESENTATION_CONTEXT('2D SPACE',''
  ) );
#6395 = PCURVE('',#6166,#6396);
#6396 = DEFINITIONAL_REPRESENTATION('',(#6397),#6401);
#6397 = LINE('',#6398,#6399);
#6398 = CARTESIAN_POINT('',(1.4,-0.625));
#6399 = VECTOR('',#6400,1.);
#6400 = DIRECTION('',(0.,-1.));
#6401 = ( GEOMETRIC_REPRESENTATION_CONTEXT(2) 
PARAMETRIC_REPRESENTATION_CONTEXT() REPRESENTATION_CONTEXT('2D SPACE',''
  ) );
#6402 = ORIENTED_EDGE('',*,*,#6403,.T.);
#6403 = EDGE_CURVE('',#6381,#3282,#6404,.T.);
#6404 = SURFACE_CURVE('',#6405,(#6410,#6417),.PCURVE_S1.);
#6405 = CIRCLE('',#6406,6.65);
#6406 = AXIS2_PLACEMENT_3D('',#6407,#6408,#6409);
#6407 = CARTESIAN_POINT('',(-9.5,-1.35,116.63));
#6408 = DIRECTION('',(0.,0.,1.));
#6409 = DIRECTION('',(1.,0.,-0.));
#6410 = PCURVE('',#2405,#6411);
#6411 = DEFINITIONAL_REPRESENTATION('',(#6412),#6416);
#6412 = CIRCLE('',#6413,6.65);
#6413 = AXIS2_PLACEMENT_2D('',#6414,#6415);
#6414 = CARTESIAN_POINT('',(0.,0.));
#6415 = DIRECTION('',(1.,0.));
#6416 = ( GEOMETRIC_REPRESENTATION_CONTEXT(2) 
PARAMETRIC_REPRESENTATION_CONTEXT() REPRESENTATION_CONTEXT('2D SPACE',''
  ) );
#6417 = PCURVE('',#3297,#6418);
#6418 = DEFINITIONAL_REPRESENTATION('',(#6419),#6423);
#6419 = LINE('',#6420,#6421);
#6420 = CARTESIAN_POINT('',(6.28318530718,-1.55));
#6421 = VECTOR('',#6422,1.);
#6422 = DIRECTION('',(-1.,0.));
#6423 = ( GEOMETRIC_REPRESENTATION_CONTEXT(2) 
PARAMETRIC_REPRESENTATION_CONTEXT() REPRESENTATION_CONTEXT('2D SPACE',''
  ) );
#6424 = ORIENTED_EDGE('',*,*,#3309,.F.);
#6425 = ADVANCED_FACE('',(#6426),#2483,.F.);
#6426 = FACE_BOUND('',#6427,.F.);
#6427 = EDGE_LOOP('',(#6428,#6429,#6430,#6431));
#6428 = ORIENTED_EDGE('',*,*,#2523,.T.);
#6429 = ORIENTED_EDGE('',*,*,#5900,.F.);
#6430 = ORIENTED_EDGE('',*,*,#2467,.T.);
#6431 = ORIENTED_EDGE('',*,*,#6432,.F.);
#6432 = EDGE_CURVE('',#2496,#2468,#6433,.T.);
#6433 = SURFACE_CURVE('',#6434,(#6439,#6446),.PCURVE_S1.);
#6434 = CIRCLE('',#6435,6.65);
#6435 = AXIS2_PLACEMENT_3D('',#6436,#6437,#6438);
#6436 = CARTESIAN_POINT('',(-9.5,-1.35,116.63));
#6437 = DIRECTION('',(0.,0.,1.));
#6438 = DIRECTION('',(1.,0.,-0.));
#6439 = PCURVE('',#2483,#6440);
#6440 = DEFINITIONAL_REPRESENTATION('',(#6441),#6445);
#6441 = LINE('',#6442,#6443);
#6442 = CARTESIAN_POINT('',(6.28318530718,-1.55));
#6443 = VECTOR('',#6444,1.);
#6444 = DIRECTION('',(-1.,0.));
#6445 = ( GEOMETRIC_REPRESENTATION_CONTEXT(2) 
PARAMETRIC_REPRESENTATION_CONTEXT() REPRESENTATION_CONTEXT('2D SPACE',''
  ) );
#6446 = PCURVE('',#2511,#6447);
#6447 = DEFINITIONAL_REPRESENTATION('',(#6448),#6452);
#6448 = CIRCLE('',#6449,6.65);
#6449 = AXIS2_PLACEMENT_2D('',#6450,#6451);
#6450 = CARTESIAN_POINT('',(0.,0.));
#6451 = DIRECTION('',(1.,0.));
#6452 = ( GEOMETRIC_REPRESENTATION_CONTEXT(2) 
PARAMETRIC_REPRESENTATION_CONTEXT() REPRESENTATION_CONTEXT('2D SPACE',''
  ) );
#6453 = ADVANCED_FACE('',(#6454),#2511,.F.);
#6454 = FACE_BOUND('',#6455,.F.);
#6455 = EDGE_LOOP('',(#6456,#6457));
#6456 = ORIENTED_EDGE('',*,*,#2495,.F.);
#6457 = ORIENTED_EDGE('',*,*,#6432,.T.);
#6458 = ADVANCED_FACE('',(#6459),#2634,.F.);
#6459 = FACE_BOUND('',#6460,.F.);
#6460 = EDGE_LOOP('',(#6461,#6462,#6484));
#6461 = ORIENTED_EDGE('',*,*,#2825,.T.);
#6462 = ORIENTED_EDGE('',*,*,#6463,.T.);
#6463 = EDGE_CURVE('',#2803,#2618,#6464,.T.);
#6464 = SURFACE_CURVE('',#6465,(#6470,#6477),.PCURVE_S1.);
#6465 = CIRCLE('',#6466,6.65);
#6466 = AXIS2_PLACEMENT_3D('',#6467,#6468,#6469);
#6467 = CARTESIAN_POINT('',(-9.5,-1.35,116.63));
#6468 = DIRECTION('',(0.,0.,1.));
#6469 = DIRECTION('',(1.,0.,-0.));
#6470 = PCURVE('',#2634,#6471);
#6471 = DEFINITIONAL_REPRESENTATION('',(#6472),#6476);
#6472 = CIRCLE('',#6473,6.65);
#6473 = AXIS2_PLACEMENT_2D('',#6474,#6475);
#6474 = CARTESIAN_POINT('',(0.,0.));
#6475 = DIRECTION('',(1.,0.));
#6476 = ( GEOMETRIC_REPRESENTATION_CONTEXT(2) 
PARAMETRIC_REPRESENTATION_CONTEXT() REPRESENTATION_CONTEXT('2D SPACE',''
  ) );
#6477 = PCURVE('',#2662,#6478);
#6478 = DEFINITIONAL_REPRESENTATION('',(#6479),#6483);
#6479 = LINE('',#6480,#6481);
#6480 = CARTESIAN_POINT('',(6.28318530718,-1.55));
#6481 = VECTOR('',#6482,1.);
#6482 = DIRECTION('',(-1.,0.));
#6483 = ( GEOMETRIC_REPRESENTATION_CONTEXT(2) 
PARAMETRIC_REPRESENTATION_CONTEXT() REPRESENTATION_CONTEXT('2D SPACE',''
  ) );
#6484 = ORIENTED_EDGE('',*,*,#2617,.F.);
#6485 = ADVANCED_FACE('',(#6486),#2662,.F.);
#6486 = FACE_BOUND('',#6487,.F.);
#6487 = EDGE_LOOP('',(#6488,#6489,#6490,#6491));
#6488 = ORIENTED_EDGE('',*,*,#2802,.T.);
#6489 = ORIENTED_EDGE('',*,*,#5928,.F.);
#6490 = ORIENTED_EDGE('',*,*,#2646,.T.);
#6491 = ORIENTED_EDGE('',*,*,#6463,.F.);
#6492 = ADVANCED_FACE('',(#6493),#2739,.F.);
#6493 = FACE_BOUND('',#6494,.F.);
#6494 = EDGE_LOOP('',(#6495,#6496,#6518));
#6495 = ORIENTED_EDGE('',*,*,#2921,.F.);
#6496 = ORIENTED_EDGE('',*,*,#6497,.T.);
#6497 = EDGE_CURVE('',#2899,#2724,#6498,.T.);
#6498 = SURFACE_CURVE('',#6499,(#6504,#6511),.PCURVE_S1.);
#6499 = CIRCLE('',#6500,6.65);
#6500 = AXIS2_PLACEMENT_3D('',#6501,#6502,#6503);
#6501 = CARTESIAN_POINT('',(9.5,-1.35,116.63));
#6502 = DIRECTION('',(0.,0.,1.));
#6503 = DIRECTION('',(1.,0.,-0.));
#6504 = PCURVE('',#2739,#6505);
#6505 = DEFINITIONAL_REPRESENTATION('',(#6506),#6510);
#6506 = CIRCLE('',#6507,6.65);
#6507 = AXIS2_PLACEMENT_2D('',#6508,#6509);
#6508 = CARTESIAN_POINT('',(0.,0.));
#6509 = DIRECTION('',(1.,0.));
#6510 = ( GEOMETRIC_REPRESENTATION_CONTEXT(2) 
PARAMETRIC_REPRESENTATION_CONTEXT() REPRESENTATION_CONTEXT('2D SPACE',''
  ) );
#6511 = PCURVE('',#2767,#6512);
#6512 = DEFINITIONAL_REPRESENTATION('',(#6513),#6517);
#6513 = LINE('',#6514,#6515);
#6514 = CARTESIAN_POINT('',(6.28318530718,-1.55));
#6515 = VECTOR('',#6516,1.);
#6516 = DIRECTION('',(-1.,0.));
#6517 = ( GEOMETRIC_REPRESENTATION_CONTEXT(2) 
PARAMETRIC_REPRESENTATION_CONTEXT() REPRESENTATION_CONTEXT('2D SPACE',''
  ) );
#6518 = ORIENTED_EDGE('',*,*,#2723,.T.);
#6519 = ADVANCED_FACE('',(#6520),#2767,.F.);
#6520 = FACE_BOUND('',#6521,.F.);
#6521 = EDGE_LOOP('',(#6522,#6523,#6524,#6525));
#6522 = ORIENTED_EDGE('',*,*,#2898,.T.);
#6523 = ORIENTED_EDGE('',*,*,#5955,.F.);
#6524 = ORIENTED_EDGE('',*,*,#2751,.T.);
#6525 = ORIENTED_EDGE('',*,*,#6497,.F.);
#6526 = ADVANCED_FACE('',(#6527),#3011,.F.);
#6527 = FACE_BOUND('',#6528,.F.);
#6528 = EDGE_LOOP('',(#6529,#6551,#6552,#6553));
#6529 = ORIENTED_EDGE('',*,*,#6530,.F.);
#6530 = EDGE_CURVE('',#2996,#3024,#6531,.T.);
#6531 = SURFACE_CURVE('',#6532,(#6537,#6544),.PCURVE_S1.);
#6532 = CIRCLE('',#6533,6.65);
#6533 = AXIS2_PLACEMENT_3D('',#6534,#6535,#6536);
#6534 = CARTESIAN_POINT('',(9.5,-1.35,116.63));
#6535 = DIRECTION('',(0.,0.,1.));
#6536 = DIRECTION('',(0.947368421053,-0.320145396331,0.));
#6537 = PCURVE('',#3011,#6538);
#6538 = DEFINITIONAL_REPRESENTATION('',(#6539),#6543);
#6539 = LINE('',#6540,#6541);
#6540 = CARTESIAN_POINT('',(6.6090682644,-1.55));
#6541 = VECTOR('',#6542,1.);
#6542 = DIRECTION('',(-1.,0.));
#6543 = ( GEOMETRIC_REPRESENTATION_CONTEXT(2) 
PARAMETRIC_REPRESENTATION_CONTEXT() REPRESENTATION_CONTEXT('2D SPACE',''
  ) );
#6544 = PCURVE('',#3039,#6545);
#6545 = DEFINITIONAL_REPRESENTATION('',(#6546),#6550);
#6546 = CIRCLE('',#6547,6.65);
#6547 = AXIS2_PLACEMENT_2D('',#6548,#6549);
#6548 = CARTESIAN_POINT('',(0.,0.));
#6549 = DIRECTION('',(0.947368421053,-0.320145396331));
#6550 = ( GEOMETRIC_REPRESENTATION_CONTEXT(2) 
PARAMETRIC_REPRESENTATION_CONTEXT() REPRESENTATION_CONTEXT('2D SPACE',''
  ) );
#6551 = ORIENTED_EDGE('',*,*,#2995,.T.);
#6552 = ORIENTED_EDGE('',*,*,#5983,.F.);
#6553 = ORIENTED_EDGE('',*,*,#3051,.T.);
#6554 = ADVANCED_FACE('',(#6555),#3039,.F.);
#6555 = FACE_BOUND('',#6556,.F.);
#6556 = EDGE_LOOP('',(#6557,#6558));
#6557 = ORIENTED_EDGE('',*,*,#6530,.T.);
#6558 = ORIENTED_EDGE('',*,*,#3023,.T.);
#6559 = ADVANCED_FACE('',(#6560),#3140,.F.);
#6560 = FACE_BOUND('',#6561,.F.);
#6561 = EDGE_LOOP('',(#6562,#6563,#6587,#6610,#6633,#6655));
#6562 = ORIENTED_EDGE('',*,*,#3207,.F.);
#6563 = ORIENTED_EDGE('',*,*,#6564,.T.);
#6564 = EDGE_CURVE('',#3208,#6565,#6567,.T.);
#6565 = VERTEX_POINT('',#6566);
#6566 = CARTESIAN_POINT('',(7.525158234187,-7.7,116.63));
#6567 = SURFACE_CURVE('',#6568,(#6573,#6580),.PCURVE_S1.);
#6568 = CIRCLE('',#6569,6.65);
#6569 = AXIS2_PLACEMENT_3D('',#6570,#6571,#6572);
#6570 = CARTESIAN_POINT('',(9.5,-1.35,116.63));
#6571 = DIRECTION('',(0.,0.,1.));
#6572 = DIRECTION('',(1.,0.,-0.));
#6573 = PCURVE('',#3140,#6574);
#6574 = DEFINITIONAL_REPRESENTATION('',(#6575),#6579);
#6575 = CIRCLE('',#6576,6.65);
#6576 = AXIS2_PLACEMENT_2D('',#6577,#6578);
#6577 = CARTESIAN_POINT('',(0.,0.));
#6578 = DIRECTION('',(1.,0.));
#6579 = ( GEOMETRIC_REPRESENTATION_CONTEXT(2) 
PARAMETRIC_REPRESENTATION_CONTEXT() REPRESENTATION_CONTEXT('2D SPACE',''
  ) );
#6580 = PCURVE('',#3246,#6581);
#6581 = DEFINITIONAL_REPRESENTATION('',(#6582),#6586);
#6582 = LINE('',#6583,#6584);
#6583 = CARTESIAN_POINT('',(6.28318530718,-1.55));
#6584 = VECTOR('',#6585,1.);
#6585 = DIRECTION('',(-1.,0.));
#6586 = ( GEOMETRIC_REPRESENTATION_CONTEXT(2) 
PARAMETRIC_REPRESENTATION_CONTEXT() REPRESENTATION_CONTEXT('2D SPACE',''
  ) );
#6587 = ORIENTED_EDGE('',*,*,#6588,.F.);
#6588 = EDGE_CURVE('',#6589,#6565,#6591,.T.);
#6589 = VERTEX_POINT('',#6590);
#6590 = CARTESIAN_POINT('',(8.25,-7.7,116.63));
#6591 = SURFACE_CURVE('',#6592,(#6596,#6603),.PCURVE_S1.);
#6592 = LINE('',#6593,#6594);
#6593 = CARTESIAN_POINT('',(0.625,-7.7,116.63));
#6594 = VECTOR('',#6595,1.);
#6595 = DIRECTION('',(-1.,-0.,0.));
#6596 = PCURVE('',#3140,#6597);
#6597 = DEFINITIONAL_REPRESENTATION('',(#6598),#6602);
#6598 = LINE('',#6599,#6600);
#6599 = CARTESIAN_POINT('',(-8.875,-6.35));
#6600 = VECTOR('',#6601,1.);
#6601 = DIRECTION('',(-1.,0.));
#6602 = ( GEOMETRIC_REPRESENTATION_CONTEXT(2) 
PARAMETRIC_REPRESENTATION_CONTEXT() REPRESENTATION_CONTEXT('2D SPACE',''
  ) );
#6603 = PCURVE('',#6083,#6604);
#6604 = DEFINITIONAL_REPRESENTATION('',(#6605),#6609);
#6605 = LINE('',#6606,#6607);
#6606 = CARTESIAN_POINT('',(1.4,8.875));
#6607 = VECTOR('',#6608,1.);
#6608 = DIRECTION('',(0.,-1.));
#6609 = ( GEOMETRIC_REPRESENTATION_CONTEXT(2) 
PARAMETRIC_REPRESENTATION_CONTEXT() REPRESENTATION_CONTEXT('2D SPACE',''
  ) );
#6610 = ORIENTED_EDGE('',*,*,#6611,.F.);
#6611 = EDGE_CURVE('',#6612,#6589,#6614,.T.);
#6612 = VERTEX_POINT('',#6613);
#6613 = CARTESIAN_POINT('',(8.25,-7.881462317123,116.63));
#6614 = SURFACE_CURVE('',#6615,(#6619,#6626),.PCURVE_S1.);
#6615 = LINE('',#6616,#6617);
#6616 = CARTESIAN_POINT('',(8.25,-7.425,116.63));
#6617 = VECTOR('',#6618,1.);
#6618 = DIRECTION('',(-0.,1.,0.));
#6619 = PCURVE('',#3140,#6620);
#6620 = DEFINITIONAL_REPRESENTATION('',(#6621),#6625);
#6621 = LINE('',#6622,#6623);
#6622 = CARTESIAN_POINT('',(-1.25,-6.075));
#6623 = VECTOR('',#6624,1.);
#6624 = DIRECTION('',(0.,1.));
#6625 = ( GEOMETRIC_REPRESENTATION_CONTEXT(2) 
PARAMETRIC_REPRESENTATION_CONTEXT() REPRESENTATION_CONTEXT('2D SPACE',''
  ) );
#6626 = PCURVE('',#6055,#6627);
#6627 = DEFINITIONAL_REPRESENTATION('',(#6628),#6632);
#6628 = LINE('',#6629,#6630);
#6629 = CARTESIAN_POINT('',(1.4,-6.075));
#6630 = VECTOR('',#6631,1.);
#6631 = DIRECTION('',(0.,-1.));
#6632 = ( GEOMETRIC_REPRESENTATION_CONTEXT(2) 
PARAMETRIC_REPRESENTATION_CONTEXT() REPRESENTATION_CONTEXT('2D SPACE',''
  ) );
#6633 = ORIENTED_EDGE('',*,*,#6634,.T.);
#6634 = EDGE_CURVE('',#6612,#3124,#6635,.T.);
#6635 = SURFACE_CURVE('',#6636,(#6641,#6648),.PCURVE_S1.);
#6636 = CIRCLE('',#6637,6.65);
#6637 = AXIS2_PLACEMENT_3D('',#6638,#6639,#6640);
#6638 = CARTESIAN_POINT('',(9.5,-1.35,116.63));
#6639 = DIRECTION('',(0.,0.,1.));
#6640 = DIRECTION('',(1.,0.,-0.));
#6641 = PCURVE('',#3140,#6642);
#6642 = DEFINITIONAL_REPRESENTATION('',(#6643),#6647);
#6643 = CIRCLE('',#6644,6.65);
#6644 = AXIS2_PLACEMENT_2D('',#6645,#6646);
#6645 = CARTESIAN_POINT('',(0.,0.));
#6646 = DIRECTION('',(1.,0.));
#6647 = ( GEOMETRIC_REPRESENTATION_CONTEXT(2) 
PARAMETRIC_REPRESENTATION_CONTEXT() REPRESENTATION_CONTEXT('2D SPACE',''
  ) );
#6648 = PCURVE('',#3168,#6649);
#6649 = DEFINITIONAL_REPRESENTATION('',(#6650),#6654);
#6650 = LINE('',#6651,#6652);
#6651 = CARTESIAN_POINT('',(6.28318530718,-1.55));
#6652 = VECTOR('',#6653,1.);
#6653 = DIRECTION('',(-1.,0.));
#6654 = ( GEOMETRIC_REPRESENTATION_CONTEXT(2) 
PARAMETRIC_REPRESENTATION_CONTEXT() REPRESENTATION_CONTEXT('2D SPACE',''
  ) );
#6655 = ORIENTED_EDGE('',*,*,#3123,.F.);
#6656 = ADVANCED_FACE('',(#6657),#3168,.F.);
#6657 = FACE_BOUND('',#6658,.F.);
#6658 = EDGE_LOOP('',(#6659,#6660,#6681,#6682));
#6659 = ORIENTED_EDGE('',*,*,#6634,.F.);
#6660 = ORIENTED_EDGE('',*,*,#6661,.F.);
#6661 = EDGE_CURVE('',#6012,#6612,#6662,.T.);
#6662 = SURFACE_CURVE('',#6663,(#6667,#6674),.PCURVE_S1.);
#6663 = LINE('',#6664,#6665);
#6664 = CARTESIAN_POINT('',(8.25,-7.881462317123,115.185));
#6665 = VECTOR('',#6666,1.);
#6666 = DIRECTION('',(0.,0.,1.));
#6667 = PCURVE('',#3168,#6668);
#6668 = DEFINITIONAL_REPRESENTATION('',(#6669),#6673);
#6669 = LINE('',#6670,#6671);
#6670 = CARTESIAN_POINT('',(1.759891144432,-0.105));
#6671 = VECTOR('',#6672,1.);
#6672 = DIRECTION('',(0.,-1.));
#6673 = ( GEOMETRIC_REPRESENTATION_CONTEXT(2) 
PARAMETRIC_REPRESENTATION_CONTEXT() REPRESENTATION_CONTEXT('2D SPACE',''
  ) );
#6674 = PCURVE('',#6055,#6675);
#6675 = DEFINITIONAL_REPRESENTATION('',(#6676),#6680);
#6676 = LINE('',#6677,#6678);
#6677 = CARTESIAN_POINT('',(-4.5E-02,-5.618537682877));
#6678 = VECTOR('',#6679,1.);
#6679 = DIRECTION('',(1.,0.));
#6680 = ( GEOMETRIC_REPRESENTATION_CONTEXT(2) 
PARAMETRIC_REPRESENTATION_CONTEXT() REPRESENTATION_CONTEXT('2D SPACE',''
  ) );
#6681 = ORIENTED_EDGE('',*,*,#6011,.F.);
#6682 = ORIENTED_EDGE('',*,*,#3152,.T.);
#6683 = ADVANCED_FACE('',(#6684),#3246,.F.);
#6684 = FACE_BOUND('',#6685,.F.);
#6685 = EDGE_LOOP('',(#6686,#6687,#6688,#6689));
#6686 = ORIENTED_EDGE('',*,*,#6564,.F.);
#6687 = ORIENTED_EDGE('',*,*,#3230,.T.);
#6688 = ORIENTED_EDGE('',*,*,#6095,.F.);
#6689 = ORIENTED_EDGE('',*,*,#6690,.F.);
#6690 = EDGE_CURVE('',#6565,#6068,#6691,.T.);
#6691 = SURFACE_CURVE('',#6692,(#6696,#6703),.PCURVE_S1.);
#6692 = LINE('',#6693,#6694);
#6693 = CARTESIAN_POINT('',(7.525158234187,-7.7,116.63));
#6694 = VECTOR('',#6695,1.);
#6695 = DIRECTION('',(0.,0.,-1.));
#6696 = PCURVE('',#3246,#6697);
#6697 = DEFINITIONAL_REPRESENTATION('',(#6698),#6702);
#6698 = LINE('',#6699,#6700);
#6699 = CARTESIAN_POINT('',(1.872312881787,-1.55));
#6700 = VECTOR('',#6701,1.);
#6701 = DIRECTION('',(0.,1.));
#6702 = ( GEOMETRIC_REPRESENTATION_CONTEXT(2) 
PARAMETRIC_REPRESENTATION_CONTEXT() REPRESENTATION_CONTEXT('2D SPACE',''
  ) );
#6703 = PCURVE('',#6083,#6704);
#6704 = DEFINITIONAL_REPRESENTATION('',(#6705),#6709);
#6705 = LINE('',#6706,#6707);
#6706 = CARTESIAN_POINT('',(1.4,15.775158234187));
#6707 = VECTOR('',#6708,1.);
#6708 = DIRECTION('',(-1.,0.));
#6709 = ( GEOMETRIC_REPRESENTATION_CONTEXT(2) 
PARAMETRIC_REPRESENTATION_CONTEXT() REPRESENTATION_CONTEXT('2D SPACE',''
  ) );
#6710 = ADVANCED_FACE('',(#6711),#3297,.F.);
#6711 = FACE_BOUND('',#6712,.F.);
#6712 = EDGE_LOOP('',(#6713,#6714,#6735,#6736));
#6713 = ORIENTED_EDGE('',*,*,#6403,.F.);
#6714 = ORIENTED_EDGE('',*,*,#6715,.F.);
#6715 = EDGE_CURVE('',#6123,#6381,#6716,.T.);
#6716 = SURFACE_CURVE('',#6717,(#6721,#6728),.PCURVE_S1.);
#6717 = LINE('',#6718,#6719);
#6718 = CARTESIAN_POINT('',(-7.525158234187,-7.7,115.185));
#6719 = VECTOR('',#6720,1.);
#6720 = DIRECTION('',(0.,0.,1.));
#6721 = PCURVE('',#3297,#6722);
#6722 = DEFINITIONAL_REPRESENTATION('',(#6723),#6727);
#6723 = LINE('',#6724,#6725);
#6724 = CARTESIAN_POINT('',(1.269279771803,-0.105));
#6725 = VECTOR('',#6726,1.);
#6726 = DIRECTION('',(0.,-1.));
#6727 = ( GEOMETRIC_REPRESENTATION_CONTEXT(2) 
PARAMETRIC_REPRESENTATION_CONTEXT() REPRESENTATION_CONTEXT('2D SPACE',''
  ) );
#6728 = PCURVE('',#6166,#6729);
#6729 = DEFINITIONAL_REPRESENTATION('',(#6730),#6734);
#6730 = LINE('',#6731,#6732);
#6731 = CARTESIAN_POINT('',(-4.5E-02,0.724841765813));
#6732 = VECTOR('',#6733,1.);
#6733 = DIRECTION('',(1.,0.));
#6734 = ( GEOMETRIC_REPRESENTATION_CONTEXT(2) 
PARAMETRIC_REPRESENTATION_CONTEXT() REPRESENTATION_CONTEXT('2D SPACE',''
  ) );
#6735 = ORIENTED_EDGE('',*,*,#6122,.F.);
#6736 = ORIENTED_EDGE('',*,*,#3281,.T.);
#6737 = ADVANCED_FACE('',(#6738,#6741),#3375,.T.);
#6738 = FACE_BOUND('',#6739,.T.);
#6739 = EDGE_LOOP('',(#6740));
#6740 = ORIENTED_EDGE('',*,*,#3360,.T.);
#6741 = FACE_BOUND('',#6742,.T.);
#6742 = EDGE_LOOP('',(#6743));
#6743 = ORIENTED_EDGE('',*,*,#6744,.T.);
#6744 = EDGE_CURVE('',#6745,#6745,#6747,.T.);
#6745 = VERTEX_POINT('',#6746);
#6746 = CARTESIAN_POINT('',(-23.4,9.7,116.98));
#6747 = SURFACE_CURVE('',#6748,(#6753,#6764),.PCURVE_S1.);
#6748 = CIRCLE('',#6749,1.6);
#6749 = AXIS2_PLACEMENT_3D('',#6750,#6751,#6752);
#6750 = CARTESIAN_POINT('',(-25.,9.7,116.98));
#6751 = DIRECTION('',(0.,0.,-1.));
#6752 = DIRECTION('',(1.,0.,0.));
#6753 = PCURVE('',#3375,#6754);
#6754 = DEFINITIONAL_REPRESENTATION('',(#6755),#6763);
#6755 = ( BOUNDED_CURVE() B_SPLINE_CURVE(2,(#6756,#6757,#6758,#6759,
#6760,#6761,#6762),.UNSPECIFIED.,.T.,.F.) B_SPLINE_CURVE_WITH_KNOTS((1,2
    ,2,2,2,1),(-2.094395102393,0.,2.094395102393,4.188790204786,
6.28318530718,8.377580409573),.UNSPECIFIED.) CURVE() 
GEOMETRIC_REPRESENTATION_ITEM() RATIONAL_B_SPLINE_CURVE((1.,0.5,1.,0.5,
1.,0.5,1.)) REPRESENTATION_ITEM('') );
#6756 = CARTESIAN_POINT('',(1.6,0.));
#6757 = CARTESIAN_POINT('',(1.6,-2.77128129211));
#6758 = CARTESIAN_POINT('',(-0.8,-1.385640646055));
#6759 = CARTESIAN_POINT('',(-3.2,-3.918869757272E-16));
#6760 = CARTESIAN_POINT('',(-0.8,1.385640646055));
#6761 = CARTESIAN_POINT('',(1.6,2.77128129211));
#6762 = CARTESIAN_POINT('',(1.6,0.));
#6763 = ( GEOMETRIC_REPRESENTATION_CONTEXT(2) 
PARAMETRIC_REPRESENTATION_CONTEXT() REPRESENTATION_CONTEXT('2D SPACE',''
  ) );
#6764 = PCURVE('',#6255,#6765);
#6765 = DEFINITIONAL_REPRESENTATION('',(#6766),#6770);
#6766 = LINE('',#6767,#6768);
#6767 = CARTESIAN_POINT('',(-4.138911435803E-13,-4.48));
#6768 = VECTOR('',#6769,1.);
#6769 = DIRECTION('',(1.,-0.));
#6770 = ( GEOMETRIC_REPRESENTATION_CONTEXT(2) 
PARAMETRIC_REPRESENTATION_CONTEXT() REPRESENTATION_CONTEXT('2D SPACE',''
  ) );
#6771 = ADVANCED_FACE('',(#6772,#6775),#3430,.T.);
#6772 = FACE_BOUND('',#6773,.T.);
#6773 = EDGE_LOOP('',(#6774));
#6774 = ORIENTED_EDGE('',*,*,#3415,.T.);
#6775 = FACE_BOUND('',#6776,.T.);
#6776 = EDGE_LOOP('',(#6777));
#6777 = ORIENTED_EDGE('',*,*,#6778,.T.);
#6778 = EDGE_CURVE('',#6779,#6779,#6781,.T.);
#6779 = VERTEX_POINT('',#6780);
#6780 = CARTESIAN_POINT('',(26.6,9.7,116.98));
#6781 = SURFACE_CURVE('',#6782,(#6787,#6798),.PCURVE_S1.);
#6782 = CIRCLE('',#6783,1.6);
#6783 = AXIS2_PLACEMENT_3D('',#6784,#6785,#6786);
#6784 = CARTESIAN_POINT('',(25.,9.7,116.98));
#6785 = DIRECTION('',(0.,0.,-1.));
#6786 = DIRECTION('',(1.,0.,0.));
#6787 = PCURVE('',#3430,#6788);
#6788 = DEFINITIONAL_REPRESENTATION('',(#6789),#6797);
#6789 = ( BOUNDED_CURVE() B_SPLINE_CURVE(2,(#6790,#6791,#6792,#6793,
#6794,#6795,#6796),.UNSPECIFIED.,.T.,.F.) B_SPLINE_CURVE_WITH_KNOTS((1,2
    ,2,2,2,1),(-2.094395102393,0.,2.094395102393,4.188790204786,
6.28318530718,8.377580409573),.UNSPECIFIED.) CURVE() 
GEOMETRIC_REPRESENTATION_ITEM() RATIONAL_B_SPLINE_CURVE((1.,0.5,1.,0.5,
1.,0.5,1.)) REPRESENTATION_ITEM('') );
#6790 = CARTESIAN_POINT('',(1.6,0.));
#6791 = CARTESIAN_POINT('',(1.6,-2.77128129211));
#6792 = CARTESIAN_POINT('',(-0.8,-1.385640646055));
#6793 = CARTESIAN_POINT('',(-3.2,-3.918869757272E-16));
#6794 = CARTESIAN_POINT('',(-0.8,1.385640646055));
#6795 = CARTESIAN_POINT('',(1.6,2.77128129211));
#6796 = CARTESIAN_POINT('',(1.6,0.));
#6797 = ( GEOMETRIC_REPRESENTATION_CONTEXT(2) 
PARAMETRIC_REPRESENTATION_CONTEXT() REPRESENTATION_CONTEXT('2D SPACE',''
  ) );
#6798 = PCURVE('',#6290,#6799);
#6799 = DEFINITIONAL_REPRESENTATION('',(#6800),#6804);
#6800 = LINE('',#6801,#6802);
#6801 = CARTESIAN_POINT('',(-4.138911435803E-13,-4.48));
#6802 = VECTOR('',#6803,1.);
#6803 = DIRECTION('',(1.,-0.));
#6804 = ( GEOMETRIC_REPRESENTATION_CONTEXT(2) 
PARAMETRIC_REPRESENTATION_CONTEXT() REPRESENTATION_CONTEXT('2D SPACE',''
  ) );
#6805 = ADVANCED_FACE('',(#6806),#3463,.F.);
#6806 = FACE_BOUND('',#6807,.F.);
#6807 = EDGE_LOOP('',(#6808,#6809,#6810,#6811,#6812,#6813,#6814,#6815,
    #6816,#6817,#6818,#6819,#6820,#6821,#6822,#6846,#6874,#6896,#6897,
    #6925,#6948,#6974,#6975,#6999,#7027,#7049,#7050,#7051));
#6808 = ORIENTED_EDGE('',*,*,#5210,.F.);
#6809 = ORIENTED_EDGE('',*,*,#5235,.T.);
#6810 = ORIENTED_EDGE('',*,*,#5286,.T.);
#6811 = ORIENTED_EDGE('',*,*,#5334,.T.);
#6812 = ORIENTED_EDGE('',*,*,#5657,.T.);
#6813 = ORIENTED_EDGE('',*,*,#5707,.T.);
#6814 = ORIENTED_EDGE('',*,*,#5756,.T.);
#6815 = ORIENTED_EDGE('',*,*,#3445,.T.);
#6816 = ORIENTED_EDGE('',*,*,#3548,.T.);
#6817 = ORIENTED_EDGE('',*,*,#3573,.T.);
#6818 = ORIENTED_EDGE('',*,*,#3624,.T.);
#6819 = ORIENTED_EDGE('',*,*,#3672,.T.);
#6820 = ORIENTED_EDGE('',*,*,#3745,.T.);
#6821 = ORIENTED_EDGE('',*,*,#3775,.T.);
#6822 = ORIENTED_EDGE('',*,*,#6823,.F.);
#6823 = EDGE_CURVE('',#6824,#3776,#6826,.T.);
#6824 = VERTEX_POINT('',#6825);
#6825 = CARTESIAN_POINT('',(-29.5,-7.62,114.28));
#6826 = SURFACE_CURVE('',#6827,(#6832,#6839),.PCURVE_S1.);
#6827 = CIRCLE('',#6828,0.75);
#6828 = AXIS2_PLACEMENT_3D('',#6829,#6830,#6831);
#6829 = CARTESIAN_POINT('',(-28.75,-7.62,114.28));
#6830 = DIRECTION('',(0.,0.,1.));
#6831 = DIRECTION('',(-1.,-0.,0.));
#6832 = PCURVE('',#3463,#6833);
#6833 = DEFINITIONAL_REPRESENTATION('',(#6834),#6838);
#6834 = CIRCLE('',#6835,0.75);
#6835 = AXIS2_PLACEMENT_2D('',#6836,#6837);
#6836 = CARTESIAN_POINT('',(-28.75,-7.62));
#6837 = DIRECTION('',(-1.,0.));
#6838 = ( GEOMETRIC_REPRESENTATION_CONTEXT(2) 
PARAMETRIC_REPRESENTATION_CONTEXT() REPRESENTATION_CONTEXT('2D SPACE',''
  ) );
#6839 = PCURVE('',#3814,#6840);
#6840 = DEFINITIONAL_REPRESENTATION('',(#6841),#6845);
#6841 = LINE('',#6842,#6843);
#6842 = CARTESIAN_POINT('',(0.,6.4));
#6843 = VECTOR('',#6844,1.);
#6844 = DIRECTION('',(1.,0.));
#6845 = ( GEOMETRIC_REPRESENTATION_CONTEXT(2) 
PARAMETRIC_REPRESENTATION_CONTEXT() REPRESENTATION_CONTEXT('2D SPACE',''
  ) );
#6846 = ORIENTED_EDGE('',*,*,#6847,.F.);
#6847 = EDGE_CURVE('',#6848,#6824,#6850,.T.);
#6848 = VERTEX_POINT('',#6849);
#6849 = CARTESIAN_POINT('',(-29.5,4.92,114.28));
#6850 = SURFACE_CURVE('',#6851,(#6855,#6862),.PCURVE_S1.);
#6851 = LINE('',#6852,#6853);
#6852 = CARTESIAN_POINT('',(-29.5,4.92,114.28));
#6853 = VECTOR('',#6854,1.);
#6854 = DIRECTION('',(0.,-1.,0.));
#6855 = PCURVE('',#3463,#6856);
#6856 = DEFINITIONAL_REPRESENTATION('',(#6857),#6861);
#6857 = LINE('',#6858,#6859);
#6858 = CARTESIAN_POINT('',(-29.5,4.92));
#6859 = VECTOR('',#6860,1.);
#6860 = DIRECTION('',(0.,-1.));
#6861 = ( GEOMETRIC_REPRESENTATION_CONTEXT(2) 
PARAMETRIC_REPRESENTATION_CONTEXT() REPRESENTATION_CONTEXT('2D SPACE',''
  ) );
#6862 = PCURVE('',#6863,#6868);
#6863 = PLANE('',#6864);
#6864 = AXIS2_PLACEMENT_3D('',#6865,#6866,#6867);
#6865 = CARTESIAN_POINT('',(-29.5,-8.13,107.88));
#6866 = DIRECTION('',(1.,0.,0.));
#6867 = DIRECTION('',(0.,0.,1.));
#6868 = DEFINITIONAL_REPRESENTATION('',(#6869),#6873);
#6869 = LINE('',#6870,#6871);
#6870 = CARTESIAN_POINT('',(6.4,-13.05));
#6871 = VECTOR('',#6872,1.);
#6872 = DIRECTION('',(0.,1.));
#6873 = ( GEOMETRIC_REPRESENTATION_CONTEXT(2) 
PARAMETRIC_REPRESENTATION_CONTEXT() REPRESENTATION_CONTEXT('2D SPACE',''
  ) );
#6874 = ORIENTED_EDGE('',*,*,#6875,.F.);
#6875 = EDGE_CURVE('',#3855,#6848,#6876,.T.);
#6876 = SURFACE_CURVE('',#6877,(#6882,#6889),.PCURVE_S1.);
#6877 = CIRCLE('',#6878,0.75);
#6878 = AXIS2_PLACEMENT_3D('',#6879,#6880,#6881);
#6879 = CARTESIAN_POINT('',(-28.75,4.92,114.28));
#6880 = DIRECTION('',(0.,0.,1.));
#6881 = DIRECTION('',(-1.,-0.,0.));
#6882 = PCURVE('',#3463,#6883);
#6883 = DEFINITIONAL_REPRESENTATION('',(#6884),#6888);
#6884 = CIRCLE('',#6885,0.75);
#6885 = AXIS2_PLACEMENT_2D('',#6886,#6887);
#6886 = CARTESIAN_POINT('',(-28.75,4.92));
#6887 = DIRECTION('',(-1.,0.));
#6888 = ( GEOMETRIC_REPRESENTATION_CONTEXT(2) 
PARAMETRIC_REPRESENTATION_CONTEXT() REPRESENTATION_CONTEXT('2D SPACE',''
  ) );
#6889 = PCURVE('',#3870,#6890);
#6890 = DEFINITIONAL_REPRESENTATION('',(#6891),#6895);
#6891 = LINE('',#6892,#6893);
#6892 = CARTESIAN_POINT('',(0.,6.4));
#6893 = VECTOR('',#6894,1.);
#6894 = DIRECTION('',(1.,0.));
#6895 = ( GEOMETRIC_REPRESENTATION_CONTEXT(2) 
PARAMETRIC_REPRESENTATION_CONTEXT() REPRESENTATION_CONTEXT('2D SPACE',''
  ) );
#6896 = ORIENTED_EDGE('',*,*,#3882,.T.);
#6897 = ORIENTED_EDGE('',*,*,#6898,.T.);
#6898 = EDGE_CURVE('',#3883,#6899,#6901,.T.);
#6899 = VERTEX_POINT('',#6900);
#6900 = CARTESIAN_POINT('',(-27.75,12.25,114.28));
#6901 = SURFACE_CURVE('',#6902,(#6907,#6918),.PCURVE_S1.);
#6902 = CIRCLE('',#6903,1.);
#6903 = AXIS2_PLACEMENT_3D('',#6904,#6905,#6906);
#6904 = CARTESIAN_POINT('',(-27.75,11.25,114.28));
#6905 = DIRECTION('',(0.,0.,-1.));
#6906 = DIRECTION('',(1.,0.,0.));
#6907 = PCURVE('',#3463,#6908);
#6908 = DEFINITIONAL_REPRESENTATION('',(#6909),#6917);
#6909 = ( BOUNDED_CURVE() B_SPLINE_CURVE(2,(#6910,#6911,#6912,#6913,
#6914,#6915,#6916),.UNSPECIFIED.,.T.,.F.) B_SPLINE_CURVE_WITH_KNOTS((1,2
    ,2,2,2,1),(-2.094395102393,0.,2.094395102393,4.188790204786,
6.28318530718,8.377580409573),.UNSPECIFIED.) CURVE() 
GEOMETRIC_REPRESENTATION_ITEM() RATIONAL_B_SPLINE_CURVE((1.,0.5,1.,0.5,
1.,0.5,1.)) REPRESENTATION_ITEM('') );
#6910 = CARTESIAN_POINT('',(-26.75,11.25));
#6911 = CARTESIAN_POINT('',(-26.75,9.517949192431));
#6912 = CARTESIAN_POINT('',(-28.25,10.383974596216));
#6913 = CARTESIAN_POINT('',(-29.75,11.25));
#6914 = CARTESIAN_POINT('',(-28.25,12.116025403784));
#6915 = CARTESIAN_POINT('',(-26.75,12.982050807569));
#6916 = CARTESIAN_POINT('',(-26.75,11.25));
#6917 = ( GEOMETRIC_REPRESENTATION_CONTEXT(2) 
PARAMETRIC_REPRESENTATION_CONTEXT() REPRESENTATION_CONTEXT('2D SPACE',''
  ) );
#6918 = PCURVE('',#3921,#6919);
#6919 = DEFINITIONAL_REPRESENTATION('',(#6920),#6924);
#6920 = LINE('',#6921,#6922);
#6921 = CARTESIAN_POINT('',(-4.138911435803E-13,-0.1));
#6922 = VECTOR('',#6923,1.);
#6923 = DIRECTION('',(1.,-0.));
#6924 = ( GEOMETRIC_REPRESENTATION_CONTEXT(2) 
PARAMETRIC_REPRESENTATION_CONTEXT() REPRESENTATION_CONTEXT('2D SPACE',''
  ) );
#6925 = ORIENTED_EDGE('',*,*,#6926,.T.);
#6926 = EDGE_CURVE('',#6899,#6927,#6929,.T.);
#6927 = VERTEX_POINT('',#6928);
#6928 = CARTESIAN_POINT('',(27.75,12.25,114.28));
#6929 = SURFACE_CURVE('',#6930,(#6934,#6941),.PCURVE_S1.);
#6930 = LINE('',#6931,#6932);
#6931 = CARTESIAN_POINT('',(13.875,12.25,114.28));
#6932 = VECTOR('',#6933,1.);
#6933 = DIRECTION('',(1.,0.,-0.));
#6934 = PCURVE('',#3463,#6935);
#6935 = DEFINITIONAL_REPRESENTATION('',(#6936),#6940);
#6936 = LINE('',#6937,#6938);
#6937 = CARTESIAN_POINT('',(13.875,12.25));
#6938 = VECTOR('',#6939,1.);
#6939 = DIRECTION('',(1.,0.));
#6940 = ( GEOMETRIC_REPRESENTATION_CONTEXT(2) 
PARAMETRIC_REPRESENTATION_CONTEXT() REPRESENTATION_CONTEXT('2D SPACE',''
  ) );
#6941 = PCURVE('',#5884,#6942);
#6942 = DEFINITIONAL_REPRESENTATION('',(#6943),#6947);
#6943 = LINE('',#6944,#6945);
#6944 = CARTESIAN_POINT('',(13.875,-9.999999999999E-02));
#6945 = VECTOR('',#6946,1.);
#6946 = DIRECTION('',(-1.,0.));
#6947 = ( GEOMETRIC_REPRESENTATION_CONTEXT(2) 
PARAMETRIC_REPRESENTATION_CONTEXT() REPRESENTATION_CONTEXT('2D SPACE',''
  ) );
#6948 = ORIENTED_EDGE('',*,*,#6949,.T.);
#6949 = EDGE_CURVE('',#6927,#4877,#6950,.T.);
#6950 = SURFACE_CURVE('',#6951,(#6956,#6967),.PCURVE_S1.);
#6951 = CIRCLE('',#6952,1.);
#6952 = AXIS2_PLACEMENT_3D('',#6953,#6954,#6955);
#6953 = CARTESIAN_POINT('',(27.75,11.25,114.28));
#6954 = DIRECTION('',(0.,0.,-1.));
#6955 = DIRECTION('',(1.,0.,0.));
#6956 = PCURVE('',#3463,#6957);
#6957 = DEFINITIONAL_REPRESENTATION('',(#6958),#6966);
#6958 = ( BOUNDED_CURVE() B_SPLINE_CURVE(2,(#6959,#6960,#6961,#6962,
#6963,#6964,#6965),.UNSPECIFIED.,.T.,.F.) B_SPLINE_CURVE_WITH_KNOTS((1,2
    ,2,2,2,1),(-2.094395102393,0.,2.094395102393,4.188790204786,
6.28318530718,8.377580409573),.UNSPECIFIED.) CURVE() 
GEOMETRIC_REPRESENTATION_ITEM() RATIONAL_B_SPLINE_CURVE((1.,0.5,1.,0.5,
1.,0.5,1.)) REPRESENTATION_ITEM('') );
#6959 = CARTESIAN_POINT('',(28.75,11.25));
#6960 = CARTESIAN_POINT('',(28.75,9.517949192431));
#6961 = CARTESIAN_POINT('',(27.25,10.383974596216));
#6962 = CARTESIAN_POINT('',(25.75,11.25));
#6963 = CARTESIAN_POINT('',(27.25,12.116025403784));
#6964 = CARTESIAN_POINT('',(28.75,12.982050807569));
#6965 = CARTESIAN_POINT('',(28.75,11.25));
#6966 = ( GEOMETRIC_REPRESENTATION_CONTEXT(2) 
PARAMETRIC_REPRESENTATION_CONTEXT() REPRESENTATION_CONTEXT('2D SPACE',''
  ) );
#6967 = PCURVE('',#4894,#6968);
#6968 = DEFINITIONAL_REPRESENTATION('',(#6969),#6973);
#6969 = LINE('',#6970,#6971);
#6970 = CARTESIAN_POINT('',(-4.138911435803E-13,-0.1));
#6971 = VECTOR('',#6972,1.);
#6972 = DIRECTION('',(1.,-0.));
#6973 = ( GEOMETRIC_REPRESENTATION_CONTEXT(2) 
PARAMETRIC_REPRESENTATION_CONTEXT() REPRESENTATION_CONTEXT('2D SPACE',''
  ) );
#6974 = ORIENTED_EDGE('',*,*,#4906,.T.);
#6975 = ORIENTED_EDGE('',*,*,#6976,.F.);
#6976 = EDGE_CURVE('',#6977,#4907,#6979,.T.);
#6977 = VERTEX_POINT('',#6978);
#6978 = CARTESIAN_POINT('',(29.5,4.92,114.28));
#6979 = SURFACE_CURVE('',#6980,(#6985,#6992),.PCURVE_S1.);
#6980 = CIRCLE('',#6981,0.75);
#6981 = AXIS2_PLACEMENT_3D('',#6982,#6983,#6984);
#6982 = CARTESIAN_POINT('',(28.75,4.92,114.28));
#6983 = DIRECTION('',(0.,0.,1.));
#6984 = DIRECTION('',(1.,0.,-0.));
#6985 = PCURVE('',#3463,#6986);
#6986 = DEFINITIONAL_REPRESENTATION('',(#6987),#6991);
#6987 = CIRCLE('',#6988,0.75);
#6988 = AXIS2_PLACEMENT_2D('',#6989,#6990);
#6989 = CARTESIAN_POINT('',(28.75,4.92));
#6990 = DIRECTION('',(1.,0.));
#6991 = ( GEOMETRIC_REPRESENTATION_CONTEXT(2) 
PARAMETRIC_REPRESENTATION_CONTEXT() REPRESENTATION_CONTEXT('2D SPACE',''
  ) );
#6992 = PCURVE('',#4945,#6993);
#6993 = DEFINITIONAL_REPRESENTATION('',(#6994),#6998);
#6994 = LINE('',#6995,#6996);
#6995 = CARTESIAN_POINT('',(0.,6.4));
#6996 = VECTOR('',#6997,1.);
#6997 = DIRECTION('',(1.,0.));
#6998 = ( GEOMETRIC_REPRESENTATION_CONTEXT(2) 
PARAMETRIC_REPRESENTATION_CONTEXT() REPRESENTATION_CONTEXT('2D SPACE',''
  ) );
#6999 = ORIENTED_EDGE('',*,*,#7000,.F.);
#7000 = EDGE_CURVE('',#7001,#6977,#7003,.T.);
#7001 = VERTEX_POINT('',#7002);
#7002 = CARTESIAN_POINT('',(29.5,-7.62,114.28));
#7003 = SURFACE_CURVE('',#7004,(#7008,#7015),.PCURVE_S1.);
#7004 = LINE('',#7005,#7006);
#7005 = CARTESIAN_POINT('',(29.5,-7.62,114.28));
#7006 = VECTOR('',#7007,1.);
#7007 = DIRECTION('',(0.,1.,0.));
#7008 = PCURVE('',#3463,#7009);
#7009 = DEFINITIONAL_REPRESENTATION('',(#7010),#7014);
#7010 = LINE('',#7011,#7012);
#7011 = CARTESIAN_POINT('',(29.5,-7.62));
#7012 = VECTOR('',#7013,1.);
#7013 = DIRECTION('',(0.,1.));
#7014 = ( GEOMETRIC_REPRESENTATION_CONTEXT(2) 
PARAMETRIC_REPRESENTATION_CONTEXT() REPRESENTATION_CONTEXT('2D SPACE',''
  ) );
#7015 = PCURVE('',#7016,#7021);
#7016 = PLANE('',#7017);
#7017 = AXIS2_PLACEMENT_3D('',#7018,#7019,#7020);
#7018 = CARTESIAN_POINT('',(29.5,-8.37,107.88));
#7019 = DIRECTION('',(1.,0.,0.));
#7020 = DIRECTION('',(0.,0.,1.));
#7021 = DEFINITIONAL_REPRESENTATION('',(#7022),#7026);
#7022 = LINE('',#7023,#7024);
#7023 = CARTESIAN_POINT('',(6.4,-0.75));
#7024 = VECTOR('',#7025,1.);
#7025 = DIRECTION('',(0.,-1.));
#7026 = ( GEOMETRIC_REPRESENTATION_CONTEXT(2) 
PARAMETRIC_REPRESENTATION_CONTEXT() REPRESENTATION_CONTEXT('2D SPACE',''
  ) );
#7027 = ORIENTED_EDGE('',*,*,#7028,.F.);
#7028 = EDGE_CURVE('',#4986,#7001,#7029,.T.);
#7029 = SURFACE_CURVE('',#7030,(#7035,#7042),.PCURVE_S1.);
#7030 = CIRCLE('',#7031,0.75);
#7031 = AXIS2_PLACEMENT_3D('',#7032,#7033,#7034);
#7032 = CARTESIAN_POINT('',(28.75,-7.62,114.28));
#7033 = DIRECTION('',(0.,0.,1.));
#7034 = DIRECTION('',(1.,0.,-0.));
#7035 = PCURVE('',#3463,#7036);
#7036 = DEFINITIONAL_REPRESENTATION('',(#7037),#7041);
#7037 = CIRCLE('',#7038,0.75);
#7038 = AXIS2_PLACEMENT_2D('',#7039,#7040);
#7039 = CARTESIAN_POINT('',(28.75,-7.62));
#7040 = DIRECTION('',(1.,0.));
#7041 = ( GEOMETRIC_REPRESENTATION_CONTEXT(2) 
PARAMETRIC_REPRESENTATION_CONTEXT() REPRESENTATION_CONTEXT('2D SPACE',''
  ) );
#7042 = PCURVE('',#5001,#7043);
#7043 = DEFINITIONAL_REPRESENTATION('',(#7044),#7048);
#7044 = LINE('',#7045,#7046);
#7045 = CARTESIAN_POINT('',(0.,6.4));
#7046 = VECTOR('',#7047,1.);
#7047 = DIRECTION('',(1.,0.));
#7048 = ( GEOMETRIC_REPRESENTATION_CONTEXT(2) 
PARAMETRIC_REPRESENTATION_CONTEXT() REPRESENTATION_CONTEXT('2D SPACE',''
  ) );
#7049 = ORIENTED_EDGE('',*,*,#5013,.T.);
#7050 = ORIENTED_EDGE('',*,*,#5107,.T.);
#7051 = ORIENTED_EDGE('',*,*,#5138,.T.);
#7052 = ADVANCED_FACE('',(#7053),#3814,.F.);
#7053 = FACE_BOUND('',#7054,.F.);
#7054 = EDGE_LOOP('',(#7055,#7078,#7079,#7080));
#7055 = ORIENTED_EDGE('',*,*,#7056,.F.);
#7056 = EDGE_CURVE('',#6824,#7057,#7059,.T.);
#7057 = VERTEX_POINT('',#7058);
#7058 = CARTESIAN_POINT('',(-29.5,-7.62,114.88));
#7059 = SURFACE_CURVE('',#7060,(#7064,#7071),.PCURVE_S1.);
#7060 = LINE('',#7061,#7062);
#7061 = CARTESIAN_POINT('',(-29.5,-7.62,107.88));
#7062 = VECTOR('',#7063,1.);
#7063 = DIRECTION('',(0.,0.,1.));
#7064 = PCURVE('',#3814,#7065);
#7065 = DEFINITIONAL_REPRESENTATION('',(#7066),#7070);
#7066 = LINE('',#7067,#7068);
#7067 = CARTESIAN_POINT('',(0.,0.));
#7068 = VECTOR('',#7069,1.);
#7069 = DIRECTION('',(0.,1.));
#7070 = ( GEOMETRIC_REPRESENTATION_CONTEXT(2) 
PARAMETRIC_REPRESENTATION_CONTEXT() REPRESENTATION_CONTEXT('2D SPACE',''
  ) );
#7071 = PCURVE('',#6863,#7072);
#7072 = DEFINITIONAL_REPRESENTATION('',(#7073),#7077);
#7073 = LINE('',#7074,#7075);
#7074 = CARTESIAN_POINT('',(0.,-0.51));
#7075 = VECTOR('',#7076,1.);
#7076 = DIRECTION('',(1.,0.));
#7077 = ( GEOMETRIC_REPRESENTATION_CONTEXT(2) 
PARAMETRIC_REPRESENTATION_CONTEXT() REPRESENTATION_CONTEXT('2D SPACE',''
  ) );
#7078 = ORIENTED_EDGE('',*,*,#6823,.T.);
#7079 = ORIENTED_EDGE('',*,*,#3798,.T.);
#7080 = ORIENTED_EDGE('',*,*,#7081,.F.);
#7081 = EDGE_CURVE('',#7057,#3799,#7082,.T.);
#7082 = SURFACE_CURVE('',#7083,(#7088,#7095),.PCURVE_S1.);
#7083 = CIRCLE('',#7084,0.75);
#7084 = AXIS2_PLACEMENT_3D('',#7085,#7086,#7087);
#7085 = CARTESIAN_POINT('',(-28.75,-7.62,114.88));
#7086 = DIRECTION('',(0.,0.,1.));
#7087 = DIRECTION('',(0.,-1.,0.));
#7088 = PCURVE('',#3814,#7089);
#7089 = DEFINITIONAL_REPRESENTATION('',(#7090),#7094);
#7090 = LINE('',#7091,#7092);
#7091 = CARTESIAN_POINT('',(-4.712388980385,7.));
#7092 = VECTOR('',#7093,1.);
#7093 = DIRECTION('',(1.,0.));
#7094 = ( GEOMETRIC_REPRESENTATION_CONTEXT(2) 
PARAMETRIC_REPRESENTATION_CONTEXT() REPRESENTATION_CONTEXT('2D SPACE',''
  ) );
#7095 = PCURVE('',#3842,#7096);
#7096 = DEFINITIONAL_REPRESENTATION('',(#7097),#7101);
#7097 = CIRCLE('',#7098,0.75);
#7098 = AXIS2_PLACEMENT_2D('',#7099,#7100);
#7099 = CARTESIAN_POINT('',(0.75,0.51));
#7100 = DIRECTION('',(0.,-1.));
#7101 = ( GEOMETRIC_REPRESENTATION_CONTEXT(2) 
PARAMETRIC_REPRESENTATION_CONTEXT() REPRESENTATION_CONTEXT('2D SPACE',''
  ) );
#7102 = ADVANCED_FACE('',(#7103),#3842,.F.);
#7103 = FACE_BOUND('',#7104,.F.);
#7104 = EDGE_LOOP('',(#7105,#7128,#7129,#7130));
#7105 = ORIENTED_EDGE('',*,*,#7106,.F.);
#7106 = EDGE_CURVE('',#7057,#7107,#7109,.T.);
#7107 = VERTEX_POINT('',#7108);
#7108 = CARTESIAN_POINT('',(-29.5,4.92,114.88));
#7109 = SURFACE_CURVE('',#7110,(#7114,#7121),.PCURVE_S1.);
#7110 = LINE('',#7111,#7112);
#7111 = CARTESIAN_POINT('',(-29.5,-7.62,114.88));
#7112 = VECTOR('',#7113,1.);
#7113 = DIRECTION('',(0.,1.,0.));
#7114 = PCURVE('',#3842,#7115);
#7115 = DEFINITIONAL_REPRESENTATION('',(#7116),#7120);
#7116 = LINE('',#7117,#7118);
#7117 = CARTESIAN_POINT('',(0.,0.51));
#7118 = VECTOR('',#7119,1.);
#7119 = DIRECTION('',(0.,1.));
#7120 = ( GEOMETRIC_REPRESENTATION_CONTEXT(2) 
PARAMETRIC_REPRESENTATION_CONTEXT() REPRESENTATION_CONTEXT('2D SPACE',''
  ) );
#7121 = PCURVE('',#6863,#7122);
#7122 = DEFINITIONAL_REPRESENTATION('',(#7123),#7127);
#7123 = LINE('',#7124,#7125);
#7124 = CARTESIAN_POINT('',(7.,-0.51));
#7125 = VECTOR('',#7126,1.);
#7126 = DIRECTION('',(0.,-1.));
#7127 = ( GEOMETRIC_REPRESENTATION_CONTEXT(2) 
PARAMETRIC_REPRESENTATION_CONTEXT() REPRESENTATION_CONTEXT('2D SPACE',''
  ) );
#7128 = ORIENTED_EDGE('',*,*,#7081,.T.);
#7129 = ORIENTED_EDGE('',*,*,#3826,.T.);
#7130 = ORIENTED_EDGE('',*,*,#7131,.F.);
#7131 = EDGE_CURVE('',#7107,#3827,#7132,.T.);
#7132 = SURFACE_CURVE('',#7133,(#7138,#7149),.PCURVE_S1.);
#7133 = CIRCLE('',#7134,0.75);
#7134 = AXIS2_PLACEMENT_3D('',#7135,#7136,#7137);
#7135 = CARTESIAN_POINT('',(-28.75,4.92,114.88));
#7136 = DIRECTION('',(-0.,-0.,-1.));
#7137 = DIRECTION('',(0.,-1.,0.));
#7138 = PCURVE('',#3842,#7139);
#7139 = DEFINITIONAL_REPRESENTATION('',(#7140),#7148);
#7140 = ( BOUNDED_CURVE() B_SPLINE_CURVE(2,(#7141,#7142,#7143,#7144,
#7145,#7146,#7147),.UNSPECIFIED.,.T.,.F.) B_SPLINE_CURVE_WITH_KNOTS((1,2
    ,2,2,2,1),(-2.094395102393,0.,2.094395102393,4.188790204786,
6.28318530718,8.377580409573),.UNSPECIFIED.) CURVE() 
GEOMETRIC_REPRESENTATION_ITEM() RATIONAL_B_SPLINE_CURVE((1.,0.5,1.,0.5,
1.,0.5,1.)) REPRESENTATION_ITEM('') );
#7141 = CARTESIAN_POINT('',(0.75,12.3));
#7142 = CARTESIAN_POINT('',(-0.549038105677,12.3));
#7143 = CARTESIAN_POINT('',(0.100480947162,13.425));
#7144 = CARTESIAN_POINT('',(0.75,14.55));
#7145 = CARTESIAN_POINT('',(1.399519052838,13.425));
#7146 = CARTESIAN_POINT('',(2.049038105677,12.3));
#7147 = CARTESIAN_POINT('',(0.75,12.3));
#7148 = ( GEOMETRIC_REPRESENTATION_CONTEXT(2) 
PARAMETRIC_REPRESENTATION_CONTEXT() REPRESENTATION_CONTEXT('2D SPACE',''
  ) );
#7149 = PCURVE('',#3870,#7150);
#7150 = DEFINITIONAL_REPRESENTATION('',(#7151),#7155);
#7151 = LINE('',#7152,#7153);
#7152 = CARTESIAN_POINT('',(7.853981633975,7.));
#7153 = VECTOR('',#7154,1.);
#7154 = DIRECTION('',(-1.,0.));
#7155 = ( GEOMETRIC_REPRESENTATION_CONTEXT(2) 
PARAMETRIC_REPRESENTATION_CONTEXT() REPRESENTATION_CONTEXT('2D SPACE',''
  ) );
#7156 = ADVANCED_FACE('',(#7157),#3870,.F.);
#7157 = FACE_BOUND('',#7158,.F.);
#7158 = EDGE_LOOP('',(#7159,#7180,#7181,#7182));
#7159 = ORIENTED_EDGE('',*,*,#7160,.F.);
#7160 = EDGE_CURVE('',#7107,#6848,#7161,.T.);
#7161 = SURFACE_CURVE('',#7162,(#7166,#7173),.PCURVE_S1.);
#7162 = LINE('',#7163,#7164);
#7163 = CARTESIAN_POINT('',(-29.5,4.92,114.88));
#7164 = VECTOR('',#7165,1.);
#7165 = DIRECTION('',(0.,0.,-1.));
#7166 = PCURVE('',#3870,#7167);
#7167 = DEFINITIONAL_REPRESENTATION('',(#7168),#7172);
#7168 = LINE('',#7169,#7170);
#7169 = CARTESIAN_POINT('',(6.28318530718,7.));
#7170 = VECTOR('',#7171,1.);
#7171 = DIRECTION('',(-0.,-1.));
#7172 = ( GEOMETRIC_REPRESENTATION_CONTEXT(2) 
PARAMETRIC_REPRESENTATION_CONTEXT() REPRESENTATION_CONTEXT('2D SPACE',''
  ) );
#7173 = PCURVE('',#6863,#7174);
#7174 = DEFINITIONAL_REPRESENTATION('',(#7175),#7179);
#7175 = LINE('',#7176,#7177);
#7176 = CARTESIAN_POINT('',(7.,-13.05));
#7177 = VECTOR('',#7178,1.);
#7178 = DIRECTION('',(-1.,0.));
#7179 = ( GEOMETRIC_REPRESENTATION_CONTEXT(2) 
PARAMETRIC_REPRESENTATION_CONTEXT() REPRESENTATION_CONTEXT('2D SPACE',''
  ) );
#7180 = ORIENTED_EDGE('',*,*,#7131,.T.);
#7181 = ORIENTED_EDGE('',*,*,#3854,.T.);
#7182 = ORIENTED_EDGE('',*,*,#6875,.T.);
#7183 = ADVANCED_FACE('',(#7184),#3921,.F.);
#7184 = FACE_BOUND('',#7185,.F.);
#7185 = EDGE_LOOP('',(#7186,#7187,#7188,#7189));
#7186 = ORIENTED_EDGE('',*,*,#6898,.F.);
#7187 = ORIENTED_EDGE('',*,*,#3905,.T.);
#7188 = ORIENTED_EDGE('',*,*,#5805,.T.);
#7189 = ORIENTED_EDGE('',*,*,#7190,.F.);
#7190 = EDGE_CURVE('',#6899,#5806,#7191,.T.);
#7191 = SURFACE_CURVE('',#7192,(#7196,#7203),.PCURVE_S1.);
#7192 = LINE('',#7193,#7194);
#7193 = CARTESIAN_POINT('',(-27.75,12.25,114.18));
#7194 = VECTOR('',#7195,1.);
#7195 = DIRECTION('',(0.,0.,1.));
#7196 = PCURVE('',#3921,#7197);
#7197 = DEFINITIONAL_REPRESENTATION('',(#7198),#7202);
#7198 = LINE('',#7199,#7200);
#7199 = CARTESIAN_POINT('',(4.712388980385,0.));
#7200 = VECTOR('',#7201,1.);
#7201 = DIRECTION('',(-0.,-1.));
#7202 = ( GEOMETRIC_REPRESENTATION_CONTEXT(2) 
PARAMETRIC_REPRESENTATION_CONTEXT() REPRESENTATION_CONTEXT('2D SPACE',''
  ) );
#7203 = PCURVE('',#5884,#7204);
#7204 = DEFINITIONAL_REPRESENTATION('',(#7205),#7209);
#7205 = LINE('',#7206,#7207);
#7206 = CARTESIAN_POINT('',(55.5,0.));
#7207 = VECTOR('',#7208,1.);
#7208 = DIRECTION('',(0.,-1.));
#7209 = ( GEOMETRIC_REPRESENTATION_CONTEXT(2) 
PARAMETRIC_REPRESENTATION_CONTEXT() REPRESENTATION_CONTEXT('2D SPACE',''
  ) );
#7210 = ADVANCED_FACE('',(#7211),#4267,.T.);
#7211 = FACE_BOUND('',#7212,.T.);
#7212 = EDGE_LOOP('',(#7213,#7236,#7264,#7285));
#7213 = ORIENTED_EDGE('',*,*,#7214,.F.);
#7214 = EDGE_CURVE('',#7215,#4160,#7217,.T.);
#7215 = VERTEX_POINT('',#7216);
#7216 = CARTESIAN_POINT('',(-26.8,-10.85,115.235));
#7217 = SURFACE_CURVE('',#7218,(#7222,#7229),.PCURVE_S1.);
#7218 = LINE('',#7219,#7220);
#7219 = CARTESIAN_POINT('',(-27.6,-10.85,115.235));
#7220 = VECTOR('',#7221,1.);
#7221 = DIRECTION('',(1.,0.,0.));
#7222 = PCURVE('',#4267,#7223);
#7223 = DEFINITIONAL_REPRESENTATION('',(#7224),#7228);
#7224 = LINE('',#7225,#7226);
#7225 = CARTESIAN_POINT('',(0.,0.));
#7226 = VECTOR('',#7227,1.);
#7227 = DIRECTION('',(0.,1.));
#7228 = ( GEOMETRIC_REPRESENTATION_CONTEXT(2) 
PARAMETRIC_REPRESENTATION_CONTEXT() REPRESENTATION_CONTEXT('2D SPACE',''
  ) );
#7229 = PCURVE('',#4178,#7230);
#7230 = DEFINITIONAL_REPRESENTATION('',(#7231),#7235);
#7231 = LINE('',#7232,#7233);
#7232 = CARTESIAN_POINT('',(0.,0.));
#7233 = VECTOR('',#7234,1.);
#7234 = DIRECTION('',(1.,0.));
#7235 = ( GEOMETRIC_REPRESENTATION_CONTEXT(2) 
PARAMETRIC_REPRESENTATION_CONTEXT() REPRESENTATION_CONTEXT('2D SPACE',''
  ) );
#7236 = ORIENTED_EDGE('',*,*,#7237,.T.);
#7237 = EDGE_CURVE('',#7215,#7238,#7240,.T.);
#7238 = VERTEX_POINT('',#7239);
#7239 = CARTESIAN_POINT('',(-26.8,-10.85,116.385));
#7240 = SURFACE_CURVE('',#7241,(#7245,#7252),.PCURVE_S1.);
#7241 = LINE('',#7242,#7243);
#7242 = CARTESIAN_POINT('',(-26.8,-10.85,115.235));
#7243 = VECTOR('',#7244,1.);
#7244 = DIRECTION('',(0.,0.,1.));
#7245 = PCURVE('',#4267,#7246);
#7246 = DEFINITIONAL_REPRESENTATION('',(#7247),#7251);
#7247 = LINE('',#7248,#7249);
#7248 = CARTESIAN_POINT('',(0.,0.8));
#7249 = VECTOR('',#7250,1.);
#7250 = DIRECTION('',(1.,0.));
#7251 = ( GEOMETRIC_REPRESENTATION_CONTEXT(2) 
PARAMETRIC_REPRESENTATION_CONTEXT() REPRESENTATION_CONTEXT('2D SPACE',''
  ) );
#7252 = PCURVE('',#7253,#7258);
#7253 = CYLINDRICAL_SURFACE('',#7254,0.8);
#7254 = AXIS2_PLACEMENT_3D('',#7255,#7256,#7257);
#7255 = CARTESIAN_POINT('',(-26.8,-10.05,115.235));
#7256 = DIRECTION('',(0.,0.,1.));
#7257 = DIRECTION('',(-1.,-0.,0.));
#7258 = DEFINITIONAL_REPRESENTATION('',(#7259),#7263);
#7259 = LINE('',#7260,#7261);
#7260 = CARTESIAN_POINT('',(1.570796326795,0.));
#7261 = VECTOR('',#7262,1.);
#7262 = DIRECTION('',(0.,1.));
#7263 = ( GEOMETRIC_REPRESENTATION_CONTEXT(2) 
PARAMETRIC_REPRESENTATION_CONTEXT() REPRESENTATION_CONTEXT('2D SPACE',''
  ) );
#7264 = ORIENTED_EDGE('',*,*,#7265,.T.);
#7265 = EDGE_CURVE('',#7238,#4222,#7266,.T.);
#7266 = SURFACE_CURVE('',#7267,(#7271,#7278),.PCURVE_S1.);
#7267 = LINE('',#7268,#7269);
#7268 = CARTESIAN_POINT('',(-27.6,-10.85,116.385));
#7269 = VECTOR('',#7270,1.);
#7270 = DIRECTION('',(1.,0.,0.));
#7271 = PCURVE('',#4267,#7272);
#7272 = DEFINITIONAL_REPRESENTATION('',(#7273),#7277);
#7273 = LINE('',#7274,#7275);
#7274 = CARTESIAN_POINT('',(1.15,0.));
#7275 = VECTOR('',#7276,1.);
#7276 = DIRECTION('',(0.,1.));
#7277 = ( GEOMETRIC_REPRESENTATION_CONTEXT(2) 
PARAMETRIC_REPRESENTATION_CONTEXT() REPRESENTATION_CONTEXT('2D SPACE',''
  ) );
#7278 = PCURVE('',#4238,#7279);
#7279 = DEFINITIONAL_REPRESENTATION('',(#7280),#7284);
#7280 = LINE('',#7281,#7282);
#7281 = CARTESIAN_POINT('',(0.,0.));
#7282 = VECTOR('',#7283,1.);
#7283 = DIRECTION('',(1.,0.));
#7284 = ( GEOMETRIC_REPRESENTATION_CONTEXT(2) 
PARAMETRIC_REPRESENTATION_CONTEXT() REPRESENTATION_CONTEXT('2D SPACE',''
  ) );
#7285 = ORIENTED_EDGE('',*,*,#4254,.T.);
#7286 = ADVANCED_FACE('',(#7287),#4178,.T.);
#7287 = FACE_BOUND('',#7288,.T.);
#7288 = EDGE_LOOP('',(#7289,#7290,#7313,#7335));
#7289 = ORIENTED_EDGE('',*,*,#4159,.T.);
#7290 = ORIENTED_EDGE('',*,*,#7291,.T.);
#7291 = EDGE_CURVE('',#4162,#7292,#7294,.T.);
#7292 = VERTEX_POINT('',#7293);
#7293 = CARTESIAN_POINT('',(-27.38094750193,-10.6,115.235));
#7294 = SURFACE_CURVE('',#7295,(#7299,#7306),.PCURVE_S1.);
#7295 = LINE('',#7296,#7297);
#7296 = CARTESIAN_POINT('',(-29.8,-10.6,115.235));
#7297 = VECTOR('',#7298,1.);
#7298 = DIRECTION('',(-1.,0.,0.));
#7299 = PCURVE('',#4178,#7300);
#7300 = DEFINITIONAL_REPRESENTATION('',(#7301),#7305);
#7301 = LINE('',#7302,#7303);
#7302 = CARTESIAN_POINT('',(-2.2,0.25));
#7303 = VECTOR('',#7304,1.);
#7304 = DIRECTION('',(-1.,0.));
#7305 = ( GEOMETRIC_REPRESENTATION_CONTEXT(2) 
PARAMETRIC_REPRESENTATION_CONTEXT() REPRESENTATION_CONTEXT('2D SPACE',''
  ) );
#7306 = PCURVE('',#4209,#7307);
#7307 = DEFINITIONAL_REPRESENTATION('',(#7308),#7312);
#7308 = LINE('',#7309,#7310);
#7309 = CARTESIAN_POINT('',(0.785,2.2));
#7310 = VECTOR('',#7311,1.);
#7311 = DIRECTION('',(0.,-1.));
#7312 = ( GEOMETRIC_REPRESENTATION_CONTEXT(2) 
PARAMETRIC_REPRESENTATION_CONTEXT() REPRESENTATION_CONTEXT('2D SPACE',''
  ) );
#7313 = ORIENTED_EDGE('',*,*,#7314,.T.);
#7314 = EDGE_CURVE('',#7292,#7215,#7315,.T.);
#7315 = SURFACE_CURVE('',#7316,(#7321,#7328),.PCURVE_S1.);
#7316 = CIRCLE('',#7317,0.8);
#7317 = AXIS2_PLACEMENT_3D('',#7318,#7319,#7320);
#7318 = CARTESIAN_POINT('',(-26.8,-10.05,115.235));
#7319 = DIRECTION('',(0.,0.,1.));
#7320 = DIRECTION('',(0.,-1.,0.));
#7321 = PCURVE('',#4178,#7322);
#7322 = DEFINITIONAL_REPRESENTATION('',(#7323),#7327);
#7323 = CIRCLE('',#7324,0.8);
#7324 = AXIS2_PLACEMENT_2D('',#7325,#7326);
#7325 = CARTESIAN_POINT('',(0.8,0.8));
#7326 = DIRECTION('',(0.,-1.));
#7327 = ( GEOMETRIC_REPRESENTATION_CONTEXT(2) 
PARAMETRIC_REPRESENTATION_CONTEXT() REPRESENTATION_CONTEXT('2D SPACE',''
  ) );
#7328 = PCURVE('',#7253,#7329);
#7329 = DEFINITIONAL_REPRESENTATION('',(#7330),#7334);
#7330 = LINE('',#7331,#7332);
#7331 = CARTESIAN_POINT('',(-4.712388980385,0.));
#7332 = VECTOR('',#7333,1.);
#7333 = DIRECTION('',(1.,0.));
#7334 = ( GEOMETRIC_REPRESENTATION_CONTEXT(2) 
PARAMETRIC_REPRESENTATION_CONTEXT() REPRESENTATION_CONTEXT('2D SPACE',''
  ) );
#7335 = ORIENTED_EDGE('',*,*,#7214,.T.);
#7336 = ADVANCED_FACE('',(#7337),#4209,.F.);
#7337 = FACE_BOUND('',#7338,.F.);
#7338 = EDGE_LOOP('',(#7339,#7362,#7363,#7364));
#7339 = ORIENTED_EDGE('',*,*,#7340,.F.);
#7340 = EDGE_CURVE('',#4195,#7341,#7343,.T.);
#7341 = VERTEX_POINT('',#7342);
#7342 = CARTESIAN_POINT('',(-27.38094750193,-10.6,116.385));
#7343 = SURFACE_CURVE('',#7344,(#7348,#7355),.PCURVE_S1.);
#7344 = LINE('',#7345,#7346);
#7345 = CARTESIAN_POINT('',(-29.8,-10.6,116.385));
#7346 = VECTOR('',#7347,1.);
#7347 = DIRECTION('',(-1.,0.,0.));
#7348 = PCURVE('',#4209,#7349);
#7349 = DEFINITIONAL_REPRESENTATION('',(#7350),#7354);
#7350 = LINE('',#7351,#7352);
#7351 = CARTESIAN_POINT('',(1.935,2.2));
#7352 = VECTOR('',#7353,1.);
#7353 = DIRECTION('',(0.,-1.));
#7354 = ( GEOMETRIC_REPRESENTATION_CONTEXT(2) 
PARAMETRIC_REPRESENTATION_CONTEXT() REPRESENTATION_CONTEXT('2D SPACE',''
  ) );
#7355 = PCURVE('',#4238,#7356);
#7356 = DEFINITIONAL_REPRESENTATION('',(#7357),#7361);
#7357 = LINE('',#7358,#7359);
#7358 = CARTESIAN_POINT('',(-2.2,0.25));
#7359 = VECTOR('',#7360,1.);
#7360 = DIRECTION('',(-1.,0.));
#7361 = ( GEOMETRIC_REPRESENTATION_CONTEXT(2) 
PARAMETRIC_REPRESENTATION_CONTEXT() REPRESENTATION_CONTEXT('2D SPACE',''
  ) );
#7362 = ORIENTED_EDGE('',*,*,#4194,.T.);
#7363 = ORIENTED_EDGE('',*,*,#7291,.T.);
#7364 = ORIENTED_EDGE('',*,*,#7365,.T.);
#7365 = EDGE_CURVE('',#7292,#7341,#7366,.T.);
#7366 = SURFACE_CURVE('',#7367,(#7371,#7378),.PCURVE_S1.);
#7367 = LINE('',#7368,#7369);
#7368 = CARTESIAN_POINT('',(-27.38094750193,-10.6,115.235));
#7369 = VECTOR('',#7370,1.);
#7370 = DIRECTION('',(0.,0.,1.));
#7371 = PCURVE('',#4209,#7372);
#7372 = DEFINITIONAL_REPRESENTATION('',(#7373),#7377);
#7373 = LINE('',#7374,#7375);
#7374 = CARTESIAN_POINT('',(0.785,4.61905249807));
#7375 = VECTOR('',#7376,1.);
#7376 = DIRECTION('',(1.,0.));
#7377 = ( GEOMETRIC_REPRESENTATION_CONTEXT(2) 
PARAMETRIC_REPRESENTATION_CONTEXT() REPRESENTATION_CONTEXT('2D SPACE',''
  ) );
#7378 = PCURVE('',#7253,#7379);
#7379 = DEFINITIONAL_REPRESENTATION('',(#7380),#7383);
#7380 = B_SPLINE_CURVE_WITH_KNOTS('',1,(#7381,#7382),.UNSPECIFIED.,.F.,
  .F.,(2,2),(-6.000000070117E-07,1.1500006),.PIECEWISE_BEZIER_KNOTS.);
#7381 = CARTESIAN_POINT('',(0.758040765426,-6.000000070117E-07));
#7382 = CARTESIAN_POINT('',(0.758040765426,1.1500006));
#7383 = ( GEOMETRIC_REPRESENTATION_CONTEXT(2) 
PARAMETRIC_REPRESENTATION_CONTEXT() REPRESENTATION_CONTEXT('2D SPACE',''
  ) );
#7384 = ADVANCED_FACE('',(#7385),#4238,.F.);
#7385 = FACE_BOUND('',#7386,.F.);
#7386 = EDGE_LOOP('',(#7387,#7388,#7389,#7411));
#7387 = ORIENTED_EDGE('',*,*,#4221,.T.);
#7388 = ORIENTED_EDGE('',*,*,#7340,.T.);
#7389 = ORIENTED_EDGE('',*,*,#7390,.T.);
#7390 = EDGE_CURVE('',#7341,#7238,#7391,.T.);
#7391 = SURFACE_CURVE('',#7392,(#7397,#7404),.PCURVE_S1.);
#7392 = CIRCLE('',#7393,0.8);
#7393 = AXIS2_PLACEMENT_3D('',#7394,#7395,#7396);
#7394 = CARTESIAN_POINT('',(-26.8,-10.05,116.385));
#7395 = DIRECTION('',(0.,0.,1.));
#7396 = DIRECTION('',(0.,-1.,0.));
#7397 = PCURVE('',#4238,#7398);
#7398 = DEFINITIONAL_REPRESENTATION('',(#7399),#7403);
#7399 = CIRCLE('',#7400,0.8);
#7400 = AXIS2_PLACEMENT_2D('',#7401,#7402);
#7401 = CARTESIAN_POINT('',(0.8,0.8));
#7402 = DIRECTION('',(0.,-1.));
#7403 = ( GEOMETRIC_REPRESENTATION_CONTEXT(2) 
PARAMETRIC_REPRESENTATION_CONTEXT() REPRESENTATION_CONTEXT('2D SPACE',''
  ) );
#7404 = PCURVE('',#7253,#7405);
#7405 = DEFINITIONAL_REPRESENTATION('',(#7406),#7410);
#7406 = LINE('',#7407,#7408);
#7407 = CARTESIAN_POINT('',(-4.712388980385,1.15));
#7408 = VECTOR('',#7409,1.);
#7409 = DIRECTION('',(1.,0.));
#7410 = ( GEOMETRIC_REPRESENTATION_CONTEXT(2) 
PARAMETRIC_REPRESENTATION_CONTEXT() REPRESENTATION_CONTEXT('2D SPACE',''
  ) );
#7411 = ORIENTED_EDGE('',*,*,#7265,.T.);
#7412 = ADVANCED_FACE('',(#7413),#4385,.F.);
#7413 = FACE_BOUND('',#7414,.F.);
#7414 = EDGE_LOOP('',(#7415,#7445,#7466,#7467));
#7415 = ORIENTED_EDGE('',*,*,#7416,.F.);
#7416 = EDGE_CURVE('',#7417,#7419,#7421,.T.);
#7417 = VERTEX_POINT('',#7418);
#7418 = CARTESIAN_POINT('',(-8.25,-10.6,116.385));
#7419 = VERTEX_POINT('',#7420);
#7420 = CARTESIAN_POINT('',(-8.25,-10.85,116.385));
#7421 = SURFACE_CURVE('',#7422,(#7426,#7433),.PCURVE_S1.);
#7422 = LINE('',#7423,#7424);
#7423 = CARTESIAN_POINT('',(-8.25,-7.881462317123,116.385));
#7424 = VECTOR('',#7425,1.);
#7425 = DIRECTION('',(0.,-1.,0.));
#7426 = PCURVE('',#4385,#7427);
#7427 = DEFINITIONAL_REPRESENTATION('',(#7428),#7432);
#7428 = LINE('',#7429,#7430);
#7429 = CARTESIAN_POINT('',(19.35,2.968537682877));
#7430 = VECTOR('',#7431,1.);
#7431 = DIRECTION('',(0.,-1.));
#7432 = ( GEOMETRIC_REPRESENTATION_CONTEXT(2) 
PARAMETRIC_REPRESENTATION_CONTEXT() REPRESENTATION_CONTEXT('2D SPACE',''
  ) );
#7433 = PCURVE('',#7434,#7439);
#7434 = PLANE('',#7435);
#7435 = AXIS2_PLACEMENT_3D('',#7436,#7437,#7438);
#7436 = CARTESIAN_POINT('',(-8.25,-13.5,115.23));
#7437 = DIRECTION('',(1.,0.,-0.));
#7438 = DIRECTION('',(0.,0.,1.));
#7439 = DEFINITIONAL_REPRESENTATION('',(#7440),#7444);
#7440 = LINE('',#7441,#7442);
#7441 = CARTESIAN_POINT('',(1.155,-5.618537682877));
#7442 = VECTOR('',#7443,1.);
#7443 = DIRECTION('',(0.,1.));
#7444 = ( GEOMETRIC_REPRESENTATION_CONTEXT(2) 
PARAMETRIC_REPRESENTATION_CONTEXT() REPRESENTATION_CONTEXT('2D SPACE',''
  ) );
#7445 = ORIENTED_EDGE('',*,*,#7446,.T.);
#7446 = EDGE_CURVE('',#7417,#4282,#7447,.T.);
#7447 = SURFACE_CURVE('',#7448,(#7452,#7459),.PCURVE_S1.);
#7448 = LINE('',#7449,#7450);
#7449 = CARTESIAN_POINT('',(-29.8,-10.6,116.385));
#7450 = VECTOR('',#7451,1.);
#7451 = DIRECTION('',(-1.,0.,0.));
#7452 = PCURVE('',#4385,#7453);
#7453 = DEFINITIONAL_REPRESENTATION('',(#7454),#7458);
#7454 = LINE('',#7455,#7456);
#7455 = CARTESIAN_POINT('',(-2.2,0.25));
#7456 = VECTOR('',#7457,1.);
#7457 = DIRECTION('',(-1.,0.));
#7458 = ( GEOMETRIC_REPRESENTATION_CONTEXT(2) 
PARAMETRIC_REPRESENTATION_CONTEXT() REPRESENTATION_CONTEXT('2D SPACE',''
  ) );
#7459 = PCURVE('',#4298,#7460);
#7460 = DEFINITIONAL_REPRESENTATION('',(#7461),#7465);
#7461 = LINE('',#7462,#7463);
#7462 = CARTESIAN_POINT('',(1.935,2.2));
#7463 = VECTOR('',#7464,1.);
#7464 = DIRECTION('',(0.,-1.));
#7465 = ( GEOMETRIC_REPRESENTATION_CONTEXT(2) 
PARAMETRIC_REPRESENTATION_CONTEXT() REPRESENTATION_CONTEXT('2D SPACE',''
  ) );
#7466 = ORIENTED_EDGE('',*,*,#4370,.T.);
#7467 = ORIENTED_EDGE('',*,*,#7468,.T.);
#7468 = EDGE_CURVE('',#4344,#7419,#7469,.T.);
#7469 = SURFACE_CURVE('',#7470,(#7474,#7481),.PCURVE_S1.);
#7470 = LINE('',#7471,#7472);
#7471 = CARTESIAN_POINT('',(-27.6,-10.85,116.385));
#7472 = VECTOR('',#7473,1.);
#7473 = DIRECTION('',(1.,0.,0.));
#7474 = PCURVE('',#4385,#7475);
#7475 = DEFINITIONAL_REPRESENTATION('',(#7476),#7480);
#7476 = LINE('',#7477,#7478);
#7477 = CARTESIAN_POINT('',(0.,0.));
#7478 = VECTOR('',#7479,1.);
#7479 = DIRECTION('',(1.,0.));
#7480 = ( GEOMETRIC_REPRESENTATION_CONTEXT(2) 
PARAMETRIC_REPRESENTATION_CONTEXT() REPRESENTATION_CONTEXT('2D SPACE',''
  ) );
#7481 = PCURVE('',#4358,#7482);
#7482 = DEFINITIONAL_REPRESENTATION('',(#7483),#7487);
#7483 = LINE('',#7484,#7485);
#7484 = CARTESIAN_POINT('',(1.15,0.));
#7485 = VECTOR('',#7486,1.);
#7486 = DIRECTION('',(0.,1.));
#7487 = ( GEOMETRIC_REPRESENTATION_CONTEXT(2) 
PARAMETRIC_REPRESENTATION_CONTEXT() REPRESENTATION_CONTEXT('2D SPACE',''
  ) );
#7488 = ADVANCED_FACE('',(#7489),#4298,.F.);
#7489 = FACE_BOUND('',#7490,.F.);
#7490 = EDGE_LOOP('',(#7491,#7514,#7535,#7536));
#7491 = ORIENTED_EDGE('',*,*,#7492,.F.);
#7492 = EDGE_CURVE('',#7493,#7417,#7495,.T.);
#7493 = VERTEX_POINT('',#7494);
#7494 = CARTESIAN_POINT('',(-8.25,-10.6,115.235));
#7495 = SURFACE_CURVE('',#7496,(#7500,#7507),.PCURVE_S1.);
#7496 = LINE('',#7497,#7498);
#7497 = CARTESIAN_POINT('',(-8.25,-10.6,114.84));
#7498 = VECTOR('',#7499,1.);
#7499 = DIRECTION('',(0.,-0.,1.));
#7500 = PCURVE('',#4298,#7501);
#7501 = DEFINITIONAL_REPRESENTATION('',(#7502),#7506);
#7502 = LINE('',#7503,#7504);
#7503 = CARTESIAN_POINT('',(0.39,23.75));
#7504 = VECTOR('',#7505,1.);
#7505 = DIRECTION('',(1.,0.));
#7506 = ( GEOMETRIC_REPRESENTATION_CONTEXT(2) 
PARAMETRIC_REPRESENTATION_CONTEXT() REPRESENTATION_CONTEXT('2D SPACE',''
  ) );
#7507 = PCURVE('',#7434,#7508);
#7508 = DEFINITIONAL_REPRESENTATION('',(#7509),#7513);
#7509 = LINE('',#7510,#7511);
#7510 = CARTESIAN_POINT('',(-0.39,-2.9));
#7511 = VECTOR('',#7512,1.);
#7512 = DIRECTION('',(1.,0.));
#7513 = ( GEOMETRIC_REPRESENTATION_CONTEXT(2) 
PARAMETRIC_REPRESENTATION_CONTEXT() REPRESENTATION_CONTEXT('2D SPACE',''
  ) );
#7514 = ORIENTED_EDGE('',*,*,#7515,.T.);
#7515 = EDGE_CURVE('',#7493,#4284,#7516,.T.);
#7516 = SURFACE_CURVE('',#7517,(#7521,#7528),.PCURVE_S1.);
#7517 = LINE('',#7518,#7519);
#7518 = CARTESIAN_POINT('',(-29.8,-10.6,115.235));
#7519 = VECTOR('',#7520,1.);
#7520 = DIRECTION('',(-1.,0.,0.));
#7521 = PCURVE('',#4298,#7522);
#7522 = DEFINITIONAL_REPRESENTATION('',(#7523),#7527);
#7523 = LINE('',#7524,#7525);
#7524 = CARTESIAN_POINT('',(0.785,2.2));
#7525 = VECTOR('',#7526,1.);
#7526 = DIRECTION('',(0.,-1.));
#7527 = ( GEOMETRIC_REPRESENTATION_CONTEXT(2) 
PARAMETRIC_REPRESENTATION_CONTEXT() REPRESENTATION_CONTEXT('2D SPACE',''
  ) );
#7528 = PCURVE('',#4327,#7529);
#7529 = DEFINITIONAL_REPRESENTATION('',(#7530),#7534);
#7530 = LINE('',#7531,#7532);
#7531 = CARTESIAN_POINT('',(-2.2,0.25));
#7532 = VECTOR('',#7533,1.);
#7533 = DIRECTION('',(-1.,0.));
#7534 = ( GEOMETRIC_REPRESENTATION_CONTEXT(2) 
PARAMETRIC_REPRESENTATION_CONTEXT() REPRESENTATION_CONTEXT('2D SPACE',''
  ) );
#7535 = ORIENTED_EDGE('',*,*,#4281,.F.);
#7536 = ORIENTED_EDGE('',*,*,#7446,.F.);
#7537 = ADVANCED_FACE('',(#7538),#4327,.T.);
#7538 = FACE_BOUND('',#7539,.T.);
#7539 = EDGE_LOOP('',(#7540,#7563,#7564,#7565));
#7540 = ORIENTED_EDGE('',*,*,#7541,.T.);
#7541 = EDGE_CURVE('',#7542,#7493,#7544,.T.);
#7542 = VERTEX_POINT('',#7543);
#7543 = CARTESIAN_POINT('',(-8.25,-10.85,115.235));
#7544 = SURFACE_CURVE('',#7545,(#7549,#7556),.PCURVE_S1.);
#7545 = LINE('',#7546,#7547);
#7546 = CARTESIAN_POINT('',(-8.25,-10.85,115.235));
#7547 = VECTOR('',#7548,1.);
#7548 = DIRECTION('',(0.,1.,0.));
#7549 = PCURVE('',#4327,#7550);
#7550 = DEFINITIONAL_REPRESENTATION('',(#7551),#7555);
#7551 = LINE('',#7552,#7553);
#7552 = CARTESIAN_POINT('',(19.35,0.));
#7553 = VECTOR('',#7554,1.);
#7554 = DIRECTION('',(0.,1.));
#7555 = ( GEOMETRIC_REPRESENTATION_CONTEXT(2) 
PARAMETRIC_REPRESENTATION_CONTEXT() REPRESENTATION_CONTEXT('2D SPACE',''
  ) );
#7556 = PCURVE('',#7434,#7557);
#7557 = DEFINITIONAL_REPRESENTATION('',(#7558),#7562);
#7558 = LINE('',#7559,#7560);
#7559 = CARTESIAN_POINT('',(4.999999999995E-03,-2.65));
#7560 = VECTOR('',#7561,1.);
#7561 = DIRECTION('',(0.,-1.));
#7562 = ( GEOMETRIC_REPRESENTATION_CONTEXT(2) 
PARAMETRIC_REPRESENTATION_CONTEXT() REPRESENTATION_CONTEXT('2D SPACE',''
  ) );
#7563 = ORIENTED_EDGE('',*,*,#7515,.T.);
#7564 = ORIENTED_EDGE('',*,*,#4310,.T.);
#7565 = ORIENTED_EDGE('',*,*,#7566,.T.);
#7566 = EDGE_CURVE('',#4311,#7542,#7567,.T.);
#7567 = SURFACE_CURVE('',#7568,(#7572,#7579),.PCURVE_S1.);
#7568 = LINE('',#7569,#7570);
#7569 = CARTESIAN_POINT('',(-27.6,-10.85,115.235));
#7570 = VECTOR('',#7571,1.);
#7571 = DIRECTION('',(1.,0.,0.));
#7572 = PCURVE('',#4327,#7573);
#7573 = DEFINITIONAL_REPRESENTATION('',(#7574),#7578);
#7574 = LINE('',#7575,#7576);
#7575 = CARTESIAN_POINT('',(0.,0.));
#7576 = VECTOR('',#7577,1.);
#7577 = DIRECTION('',(1.,0.));
#7578 = ( GEOMETRIC_REPRESENTATION_CONTEXT(2) 
PARAMETRIC_REPRESENTATION_CONTEXT() REPRESENTATION_CONTEXT('2D SPACE',''
  ) );
#7579 = PCURVE('',#4358,#7580);
#7580 = DEFINITIONAL_REPRESENTATION('',(#7581),#7585);
#7581 = LINE('',#7582,#7583);
#7582 = CARTESIAN_POINT('',(0.,0.));
#7583 = VECTOR('',#7584,1.);
#7584 = DIRECTION('',(0.,1.));
#7585 = ( GEOMETRIC_REPRESENTATION_CONTEXT(2) 
PARAMETRIC_REPRESENTATION_CONTEXT() REPRESENTATION_CONTEXT('2D SPACE',''
  ) );
#7586 = ADVANCED_FACE('',(#7587),#4358,.T.);
#7587 = FACE_BOUND('',#7588,.T.);
#7588 = EDGE_LOOP('',(#7589,#7590,#7591,#7592));
#7589 = ORIENTED_EDGE('',*,*,#7566,.F.);
#7590 = ORIENTED_EDGE('',*,*,#4343,.F.);
#7591 = ORIENTED_EDGE('',*,*,#7468,.T.);
#7592 = ORIENTED_EDGE('',*,*,#7593,.T.);
#7593 = EDGE_CURVE('',#7419,#7542,#7594,.T.);
#7594 = SURFACE_CURVE('',#7595,(#7599,#7606),.PCURVE_S1.);
#7595 = LINE('',#7596,#7597);
#7596 = CARTESIAN_POINT('',(-8.25,-10.85,114.9825));
#7597 = VECTOR('',#7598,1.);
#7598 = DIRECTION('',(0.,0.,-1.));
#7599 = PCURVE('',#4358,#7600);
#7600 = DEFINITIONAL_REPRESENTATION('',(#7601),#7605);
#7601 = LINE('',#7602,#7603);
#7602 = CARTESIAN_POINT('',(-0.2525,19.35));
#7603 = VECTOR('',#7604,1.);
#7604 = DIRECTION('',(-1.,0.));
#7605 = ( GEOMETRIC_REPRESENTATION_CONTEXT(2) 
PARAMETRIC_REPRESENTATION_CONTEXT() REPRESENTATION_CONTEXT('2D SPACE',''
  ) );
#7606 = PCURVE('',#7434,#7607);
#7607 = DEFINITIONAL_REPRESENTATION('',(#7608),#7612);
#7608 = LINE('',#7609,#7610);
#7609 = CARTESIAN_POINT('',(-0.2475,-2.65));
#7610 = VECTOR('',#7611,1.);
#7611 = DIRECTION('',(-1.,0.));
#7612 = ( GEOMETRIC_REPRESENTATION_CONTEXT(2) 
PARAMETRIC_REPRESENTATION_CONTEXT() REPRESENTATION_CONTEXT('2D SPACE',''
  ) );
#7613 = ADVANCED_FACE('',(#7614),#4686,.T.);
#7614 = FACE_BOUND('',#7615,.T.);
#7615 = EDGE_LOOP('',(#7616,#7639,#7640,#7663));
#7616 = ORIENTED_EDGE('',*,*,#7617,.T.);
#7617 = EDGE_CURVE('',#7618,#4645,#7620,.T.);
#7618 = VERTEX_POINT('',#7619);
#7619 = CARTESIAN_POINT('',(8.25,-10.85,115.235));
#7620 = SURFACE_CURVE('',#7621,(#7625,#7632),.PCURVE_S1.);
#7621 = LINE('',#7622,#7623);
#7622 = CARTESIAN_POINT('',(-27.6,-10.85,115.235));
#7623 = VECTOR('',#7624,1.);
#7624 = DIRECTION('',(1.,0.,0.));
#7625 = PCURVE('',#4686,#7626);
#7626 = DEFINITIONAL_REPRESENTATION('',(#7627),#7631);
#7627 = LINE('',#7628,#7629);
#7628 = CARTESIAN_POINT('',(0.,0.));
#7629 = VECTOR('',#7630,1.);
#7630 = DIRECTION('',(1.,0.));
#7631 = ( GEOMETRIC_REPRESENTATION_CONTEXT(2) 
PARAMETRIC_REPRESENTATION_CONTEXT() REPRESENTATION_CONTEXT('2D SPACE',''
  ) );
#7632 = PCURVE('',#4659,#7633);
#7633 = DEFINITIONAL_REPRESENTATION('',(#7634),#7638);
#7634 = LINE('',#7635,#7636);
#7635 = CARTESIAN_POINT('',(0.,0.));
#7636 = VECTOR('',#7637,1.);
#7637 = DIRECTION('',(0.,1.));
#7638 = ( GEOMETRIC_REPRESENTATION_CONTEXT(2) 
PARAMETRIC_REPRESENTATION_CONTEXT() REPRESENTATION_CONTEXT('2D SPACE',''
  ) );
#7639 = ORIENTED_EDGE('',*,*,#4671,.T.);
#7640 = ORIENTED_EDGE('',*,*,#7641,.T.);
#7641 = EDGE_CURVE('',#4585,#7642,#7644,.T.);
#7642 = VERTEX_POINT('',#7643);
#7643 = CARTESIAN_POINT('',(8.25,-10.6,115.235));
#7644 = SURFACE_CURVE('',#7645,(#7649,#7656),.PCURVE_S1.);
#7645 = LINE('',#7646,#7647);
#7646 = CARTESIAN_POINT('',(-29.8,-10.6,115.235));
#7647 = VECTOR('',#7648,1.);
#7648 = DIRECTION('',(-1.,0.,0.));
#7649 = PCURVE('',#4686,#7650);
#7650 = DEFINITIONAL_REPRESENTATION('',(#7651),#7655);
#7651 = LINE('',#7652,#7653);
#7652 = CARTESIAN_POINT('',(-2.2,0.25));
#7653 = VECTOR('',#7654,1.);
#7654 = DIRECTION('',(-1.,0.));
#7655 = ( GEOMETRIC_REPRESENTATION_CONTEXT(2) 
PARAMETRIC_REPRESENTATION_CONTEXT() REPRESENTATION_CONTEXT('2D SPACE',''
  ) );
#7656 = PCURVE('',#4599,#7657);
#7657 = DEFINITIONAL_REPRESENTATION('',(#7658),#7662);
#7658 = LINE('',#7659,#7660);
#7659 = CARTESIAN_POINT('',(0.785,2.2));
#7660 = VECTOR('',#7661,1.);
#7661 = DIRECTION('',(0.,-1.));
#7662 = ( GEOMETRIC_REPRESENTATION_CONTEXT(2) 
PARAMETRIC_REPRESENTATION_CONTEXT() REPRESENTATION_CONTEXT('2D SPACE',''
  ) );
#7663 = ORIENTED_EDGE('',*,*,#7664,.F.);
#7664 = EDGE_CURVE('',#7618,#7642,#7665,.T.);
#7665 = SURFACE_CURVE('',#7666,(#7670,#7677),.PCURVE_S1.);
#7666 = LINE('',#7667,#7668);
#7667 = CARTESIAN_POINT('',(8.25,-10.85,115.235));
#7668 = VECTOR('',#7669,1.);
#7669 = DIRECTION('',(0.,1.,0.));
#7670 = PCURVE('',#4686,#7671);
#7671 = DEFINITIONAL_REPRESENTATION('',(#7672),#7676);
#7672 = LINE('',#7673,#7674);
#7673 = CARTESIAN_POINT('',(35.85,0.));
#7674 = VECTOR('',#7675,1.);
#7675 = DIRECTION('',(0.,1.));
#7676 = ( GEOMETRIC_REPRESENTATION_CONTEXT(2) 
PARAMETRIC_REPRESENTATION_CONTEXT() REPRESENTATION_CONTEXT('2D SPACE',''
  ) );
#7677 = PCURVE('',#7678,#7683);
#7678 = PLANE('',#7679);
#7679 = AXIS2_PLACEMENT_3D('',#7680,#7681,#7682);
#7680 = CARTESIAN_POINT('',(8.25,-13.5,115.23));
#7681 = DIRECTION('',(1.,0.,-0.));
#7682 = DIRECTION('',(0.,0.,1.));
#7683 = DEFINITIONAL_REPRESENTATION('',(#7684),#7688);
#7684 = LINE('',#7685,#7686);
#7685 = CARTESIAN_POINT('',(4.999999999995E-03,-2.65));
#7686 = VECTOR('',#7687,1.);
#7687 = DIRECTION('',(0.,-1.));
#7688 = ( GEOMETRIC_REPRESENTATION_CONTEXT(2) 
PARAMETRIC_REPRESENTATION_CONTEXT() REPRESENTATION_CONTEXT('2D SPACE',''
  ) );
#7689 = ADVANCED_FACE('',(#7690),#4599,.F.);
#7690 = FACE_BOUND('',#7691,.F.);
#7691 = EDGE_LOOP('',(#7692,#7693,#7694,#7717));
#7692 = ORIENTED_EDGE('',*,*,#4582,.T.);
#7693 = ORIENTED_EDGE('',*,*,#7641,.T.);
#7694 = ORIENTED_EDGE('',*,*,#7695,.T.);
#7695 = EDGE_CURVE('',#7642,#7696,#7698,.T.);
#7696 = VERTEX_POINT('',#7697);
#7697 = CARTESIAN_POINT('',(8.25,-10.6,116.385));
#7698 = SURFACE_CURVE('',#7699,(#7703,#7710),.PCURVE_S1.);
#7699 = LINE('',#7700,#7701);
#7700 = CARTESIAN_POINT('',(8.25,-10.6,114.84));
#7701 = VECTOR('',#7702,1.);
#7702 = DIRECTION('',(0.,-0.,1.));
#7703 = PCURVE('',#4599,#7704);
#7704 = DEFINITIONAL_REPRESENTATION('',(#7705),#7709);
#7705 = LINE('',#7706,#7707);
#7706 = CARTESIAN_POINT('',(0.39,40.25));
#7707 = VECTOR('',#7708,1.);
#7708 = DIRECTION('',(1.,0.));
#7709 = ( GEOMETRIC_REPRESENTATION_CONTEXT(2) 
PARAMETRIC_REPRESENTATION_CONTEXT() REPRESENTATION_CONTEXT('2D SPACE',''
  ) );
#7710 = PCURVE('',#7678,#7711);
#7711 = DEFINITIONAL_REPRESENTATION('',(#7712),#7716);
#7712 = LINE('',#7713,#7714);
#7713 = CARTESIAN_POINT('',(-0.39,-2.9));
#7714 = VECTOR('',#7715,1.);
#7715 = DIRECTION('',(1.,0.));
#7716 = ( GEOMETRIC_REPRESENTATION_CONTEXT(2) 
PARAMETRIC_REPRESENTATION_CONTEXT() REPRESENTATION_CONTEXT('2D SPACE',''
  ) );
#7717 = ORIENTED_EDGE('',*,*,#7718,.F.);
#7718 = EDGE_CURVE('',#4583,#7696,#7719,.T.);
#7719 = SURFACE_CURVE('',#7720,(#7724,#7731),.PCURVE_S1.);
#7720 = LINE('',#7721,#7722);
#7721 = CARTESIAN_POINT('',(-29.8,-10.6,116.385));
#7722 = VECTOR('',#7723,1.);
#7723 = DIRECTION('',(-1.,0.,0.));
#7724 = PCURVE('',#4599,#7725);
#7725 = DEFINITIONAL_REPRESENTATION('',(#7726),#7730);
#7726 = LINE('',#7727,#7728);
#7727 = CARTESIAN_POINT('',(1.935,2.2));
#7728 = VECTOR('',#7729,1.);
#7729 = DIRECTION('',(0.,-1.));
#7730 = ( GEOMETRIC_REPRESENTATION_CONTEXT(2) 
PARAMETRIC_REPRESENTATION_CONTEXT() REPRESENTATION_CONTEXT('2D SPACE',''
  ) );
#7731 = PCURVE('',#4628,#7732);
#7732 = DEFINITIONAL_REPRESENTATION('',(#7733),#7737);
#7733 = LINE('',#7734,#7735);
#7734 = CARTESIAN_POINT('',(-2.2,0.25));
#7735 = VECTOR('',#7736,1.);
#7736 = DIRECTION('',(-1.,0.));
#7737 = ( GEOMETRIC_REPRESENTATION_CONTEXT(2) 
PARAMETRIC_REPRESENTATION_CONTEXT() REPRESENTATION_CONTEXT('2D SPACE',''
  ) );
#7738 = ADVANCED_FACE('',(#7739),#4628,.F.);
#7739 = FACE_BOUND('',#7740,.F.);
#7740 = EDGE_LOOP('',(#7741,#7764,#7765,#7766));
#7741 = ORIENTED_EDGE('',*,*,#7742,.T.);
#7742 = EDGE_CURVE('',#7743,#4612,#7745,.T.);
#7743 = VERTEX_POINT('',#7744);
#7744 = CARTESIAN_POINT('',(8.25,-10.85,116.385));
#7745 = SURFACE_CURVE('',#7746,(#7750,#7757),.PCURVE_S1.);
#7746 = LINE('',#7747,#7748);
#7747 = CARTESIAN_POINT('',(-27.6,-10.85,116.385));
#7748 = VECTOR('',#7749,1.);
#7749 = DIRECTION('',(1.,0.,0.));
#7750 = PCURVE('',#4628,#7751);
#7751 = DEFINITIONAL_REPRESENTATION('',(#7752),#7756);
#7752 = LINE('',#7753,#7754);
#7753 = CARTESIAN_POINT('',(0.,0.));
#7754 = VECTOR('',#7755,1.);
#7755 = DIRECTION('',(1.,0.));
#7756 = ( GEOMETRIC_REPRESENTATION_CONTEXT(2) 
PARAMETRIC_REPRESENTATION_CONTEXT() REPRESENTATION_CONTEXT('2D SPACE',''
  ) );
#7757 = PCURVE('',#4659,#7758);
#7758 = DEFINITIONAL_REPRESENTATION('',(#7759),#7763);
#7759 = LINE('',#7760,#7761);
#7760 = CARTESIAN_POINT('',(1.15,0.));
#7761 = VECTOR('',#7762,1.);
#7762 = DIRECTION('',(0.,1.));
#7763 = ( GEOMETRIC_REPRESENTATION_CONTEXT(2) 
PARAMETRIC_REPRESENTATION_CONTEXT() REPRESENTATION_CONTEXT('2D SPACE',''
  ) );
#7764 = ORIENTED_EDGE('',*,*,#4611,.T.);
#7765 = ORIENTED_EDGE('',*,*,#7718,.T.);
#7766 = ORIENTED_EDGE('',*,*,#7767,.F.);
#7767 = EDGE_CURVE('',#7743,#7696,#7768,.T.);
#7768 = SURFACE_CURVE('',#7769,(#7773,#7780),.PCURVE_S1.);
#7769 = LINE('',#7770,#7771);
#7770 = CARTESIAN_POINT('',(8.25,-10.85,116.385));
#7771 = VECTOR('',#7772,1.);
#7772 = DIRECTION('',(0.,1.,0.));
#7773 = PCURVE('',#4628,#7774);
#7774 = DEFINITIONAL_REPRESENTATION('',(#7775),#7779);
#7775 = LINE('',#7776,#7777);
#7776 = CARTESIAN_POINT('',(35.85,0.));
#7777 = VECTOR('',#7778,1.);
#7778 = DIRECTION('',(0.,1.));
#7779 = ( GEOMETRIC_REPRESENTATION_CONTEXT(2) 
PARAMETRIC_REPRESENTATION_CONTEXT() REPRESENTATION_CONTEXT('2D SPACE',''
  ) );
#7780 = PCURVE('',#7678,#7781);
#7781 = DEFINITIONAL_REPRESENTATION('',(#7782),#7786);
#7782 = LINE('',#7783,#7784);
#7783 = CARTESIAN_POINT('',(1.155,-2.65));
#7784 = VECTOR('',#7785,1.);
#7785 = DIRECTION('',(0.,-1.));
#7786 = ( GEOMETRIC_REPRESENTATION_CONTEXT(2) 
PARAMETRIC_REPRESENTATION_CONTEXT() REPRESENTATION_CONTEXT('2D SPACE',''
  ) );
#7787 = ADVANCED_FACE('',(#7788),#4659,.T.);
#7788 = FACE_BOUND('',#7789,.T.);
#7789 = EDGE_LOOP('',(#7790,#7791,#7812,#7813));
#7790 = ORIENTED_EDGE('',*,*,#7617,.F.);
#7791 = ORIENTED_EDGE('',*,*,#7792,.F.);
#7792 = EDGE_CURVE('',#7743,#7618,#7793,.T.);
#7793 = SURFACE_CURVE('',#7794,(#7798,#7805),.PCURVE_S1.);
#7794 = LINE('',#7795,#7796);
#7795 = CARTESIAN_POINT('',(8.25,-10.85,114.9825));
#7796 = VECTOR('',#7797,1.);
#7797 = DIRECTION('',(0.,0.,-1.));
#7798 = PCURVE('',#4659,#7799);
#7799 = DEFINITIONAL_REPRESENTATION('',(#7800),#7804);
#7800 = LINE('',#7801,#7802);
#7801 = CARTESIAN_POINT('',(-0.2525,35.85));
#7802 = VECTOR('',#7803,1.);
#7803 = DIRECTION('',(-1.,0.));
#7804 = ( GEOMETRIC_REPRESENTATION_CONTEXT(2) 
PARAMETRIC_REPRESENTATION_CONTEXT() REPRESENTATION_CONTEXT('2D SPACE',''
  ) );
#7805 = PCURVE('',#7678,#7806);
#7806 = DEFINITIONAL_REPRESENTATION('',(#7807),#7811);
#7807 = LINE('',#7808,#7809);
#7808 = CARTESIAN_POINT('',(-0.2475,-2.65));
#7809 = VECTOR('',#7810,1.);
#7810 = DIRECTION('',(-1.,0.));
#7811 = ( GEOMETRIC_REPRESENTATION_CONTEXT(2) 
PARAMETRIC_REPRESENTATION_CONTEXT() REPRESENTATION_CONTEXT('2D SPACE',''
  ) );
#7812 = ORIENTED_EDGE('',*,*,#7742,.T.);
#7813 = ORIENTED_EDGE('',*,*,#4644,.T.);
#7814 = ADVANCED_FACE('',(#7815),#4812,.F.);
#7815 = FACE_BOUND('',#7816,.F.);
#7816 = EDGE_LOOP('',(#7817,#7840,#7841,#7864));
#7817 = ORIENTED_EDGE('',*,*,#7818,.T.);
#7818 = EDGE_CURVE('',#7819,#4705,#7821,.T.);
#7819 = VERTEX_POINT('',#7820);
#7820 = CARTESIAN_POINT('',(27.380947501931,-10.6,115.235));
#7821 = SURFACE_CURVE('',#7822,(#7826,#7833),.PCURVE_S1.);
#7822 = LINE('',#7823,#7824);
#7823 = CARTESIAN_POINT('',(-29.8,-10.6,115.235));
#7824 = VECTOR('',#7825,1.);
#7825 = DIRECTION('',(-1.,0.,0.));
#7826 = PCURVE('',#4812,#7827);
#7827 = DEFINITIONAL_REPRESENTATION('',(#7828),#7832);
#7828 = LINE('',#7829,#7830);
#7829 = CARTESIAN_POINT('',(0.785,2.2));
#7830 = VECTOR('',#7831,1.);
#7831 = DIRECTION('',(0.,-1.));
#7832 = ( GEOMETRIC_REPRESENTATION_CONTEXT(2) 
PARAMETRIC_REPRESENTATION_CONTEXT() REPRESENTATION_CONTEXT('2D SPACE',''
  ) );
#7833 = PCURVE('',#4723,#7834);
#7834 = DEFINITIONAL_REPRESENTATION('',(#7835),#7839);
#7835 = LINE('',#7836,#7837);
#7836 = CARTESIAN_POINT('',(-2.2,0.25));
#7837 = VECTOR('',#7838,1.);
#7838 = DIRECTION('',(-1.,0.));
#7839 = ( GEOMETRIC_REPRESENTATION_CONTEXT(2) 
PARAMETRIC_REPRESENTATION_CONTEXT() REPRESENTATION_CONTEXT('2D SPACE',''
  ) );
#7840 = ORIENTED_EDGE('',*,*,#4799,.F.);
#7841 = ORIENTED_EDGE('',*,*,#7842,.F.);
#7842 = EDGE_CURVE('',#7843,#4767,#7845,.T.);
#7843 = VERTEX_POINT('',#7844);
#7844 = CARTESIAN_POINT('',(27.380947501931,-10.6,116.385));
#7845 = SURFACE_CURVE('',#7846,(#7850,#7857),.PCURVE_S1.);
#7846 = LINE('',#7847,#7848);
#7847 = CARTESIAN_POINT('',(-29.8,-10.6,116.385));
#7848 = VECTOR('',#7849,1.);
#7849 = DIRECTION('',(-1.,0.,0.));
#7850 = PCURVE('',#4812,#7851);
#7851 = DEFINITIONAL_REPRESENTATION('',(#7852),#7856);
#7852 = LINE('',#7853,#7854);
#7853 = CARTESIAN_POINT('',(1.935,2.2));
#7854 = VECTOR('',#7855,1.);
#7855 = DIRECTION('',(0.,-1.));
#7856 = ( GEOMETRIC_REPRESENTATION_CONTEXT(2) 
PARAMETRIC_REPRESENTATION_CONTEXT() REPRESENTATION_CONTEXT('2D SPACE',''
  ) );
#7857 = PCURVE('',#4783,#7858);
#7858 = DEFINITIONAL_REPRESENTATION('',(#7859),#7863);
#7859 = LINE('',#7860,#7861);
#7860 = CARTESIAN_POINT('',(-2.2,0.25));
#7861 = VECTOR('',#7862,1.);
#7862 = DIRECTION('',(-1.,0.));
#7863 = ( GEOMETRIC_REPRESENTATION_CONTEXT(2) 
PARAMETRIC_REPRESENTATION_CONTEXT() REPRESENTATION_CONTEXT('2D SPACE',''
  ) );
#7864 = ORIENTED_EDGE('',*,*,#7865,.F.);
#7865 = EDGE_CURVE('',#7819,#7843,#7866,.T.);
#7866 = SURFACE_CURVE('',#7867,(#7871,#7878),.PCURVE_S1.);
#7867 = LINE('',#7868,#7869);
#7868 = CARTESIAN_POINT('',(27.380947501931,-10.6,115.235));
#7869 = VECTOR('',#7870,1.);
#7870 = DIRECTION('',(0.,0.,1.));
#7871 = PCURVE('',#4812,#7872);
#7872 = DEFINITIONAL_REPRESENTATION('',(#7873),#7877);
#7873 = LINE('',#7874,#7875);
#7874 = CARTESIAN_POINT('',(0.785,59.380947501931));
#7875 = VECTOR('',#7876,1.);
#7876 = DIRECTION('',(1.,0.));
#7877 = ( GEOMETRIC_REPRESENTATION_CONTEXT(2) 
PARAMETRIC_REPRESENTATION_CONTEXT() REPRESENTATION_CONTEXT('2D SPACE',''
  ) );
#7878 = PCURVE('',#7879,#7884);
#7879 = CYLINDRICAL_SURFACE('',#7880,0.8);
#7880 = AXIS2_PLACEMENT_3D('',#7881,#7882,#7883);
#7881 = CARTESIAN_POINT('',(26.8,-10.05,115.235));
#7882 = DIRECTION('',(0.,0.,1.));
#7883 = DIRECTION('',(1.,0.,-0.));
#7884 = DEFINITIONAL_REPRESENTATION('',(#7885),#7888);
#7885 = B_SPLINE_CURVE_WITH_KNOTS('',1,(#7886,#7887),.UNSPECIFIED.,.F.,
  .F.,(2,2),(-6.000000070117E-07,1.1500006),.PIECEWISE_BEZIER_KNOTS.);
#7886 = CARTESIAN_POINT('',(5.525144541753,-6.000000070117E-07));
#7887 = CARTESIAN_POINT('',(5.525144541753,1.1500006));
#7888 = ( GEOMETRIC_REPRESENTATION_CONTEXT(2) 
PARAMETRIC_REPRESENTATION_CONTEXT() REPRESENTATION_CONTEXT('2D SPACE',''
  ) );
#7889 = ADVANCED_FACE('',(#7890),#4723,.T.);
#7890 = FACE_BOUND('',#7891,.T.);
#7891 = EDGE_LOOP('',(#7892,#7920,#7921,#7922));
#7892 = ORIENTED_EDGE('',*,*,#7893,.F.);
#7893 = EDGE_CURVE('',#7819,#7894,#7896,.T.);
#7894 = VERTEX_POINT('',#7895);
#7895 = CARTESIAN_POINT('',(26.8,-10.85,115.235));
#7896 = SURFACE_CURVE('',#7897,(#7902,#7913),.PCURVE_S1.);
#7897 = CIRCLE('',#7898,0.8);
#7898 = AXIS2_PLACEMENT_3D('',#7899,#7900,#7901);
#7899 = CARTESIAN_POINT('',(26.8,-10.05,115.235));
#7900 = DIRECTION('',(-0.,-0.,-1.));
#7901 = DIRECTION('',(0.,-1.,0.));
#7902 = PCURVE('',#4723,#7903);
#7903 = DEFINITIONAL_REPRESENTATION('',(#7904),#7912);
#7904 = ( BOUNDED_CURVE() B_SPLINE_CURVE(2,(#7905,#7906,#7907,#7908,
#7909,#7910,#7911),.UNSPECIFIED.,.T.,.F.) B_SPLINE_CURVE_WITH_KNOTS((1,2
    ,2,2,2,1),(-2.094395102393,0.,2.094395102393,4.188790204786,
6.28318530718,8.377580409573),.UNSPECIFIED.) CURVE() 
GEOMETRIC_REPRESENTATION_ITEM() RATIONAL_B_SPLINE_CURVE((1.,0.5,1.,0.5,
1.,0.5,1.)) REPRESENTATION_ITEM('') );
#7905 = CARTESIAN_POINT('',(54.4,-1.7763568394E-15));
#7906 = CARTESIAN_POINT('',(53.014359353945,-1.7763568394E-15));
#7907 = CARTESIAN_POINT('',(53.707179676972,1.2));
#7908 = CARTESIAN_POINT('',(54.4,2.4));
#7909 = CARTESIAN_POINT('',(55.092820323028,1.2));
#7910 = CARTESIAN_POINT('',(55.785640646055,-5.551115123126E-16));
#7911 = CARTESIAN_POINT('',(54.4,-1.7763568394E-15));
#7912 = ( GEOMETRIC_REPRESENTATION_CONTEXT(2) 
PARAMETRIC_REPRESENTATION_CONTEXT() REPRESENTATION_CONTEXT('2D SPACE',''
  ) );
#7913 = PCURVE('',#7879,#7914);
#7914 = DEFINITIONAL_REPRESENTATION('',(#7915),#7919);
#7915 = LINE('',#7916,#7917);
#7916 = CARTESIAN_POINT('',(10.995574287565,0.));
#7917 = VECTOR('',#7918,1.);
#7918 = DIRECTION('',(-1.,0.));
#7919 = ( GEOMETRIC_REPRESENTATION_CONTEXT(2) 
PARAMETRIC_REPRESENTATION_CONTEXT() REPRESENTATION_CONTEXT('2D SPACE',''
  ) );
#7920 = ORIENTED_EDGE('',*,*,#7818,.T.);
#7921 = ORIENTED_EDGE('',*,*,#4704,.T.);
#7922 = ORIENTED_EDGE('',*,*,#7923,.T.);
#7923 = EDGE_CURVE('',#4707,#7894,#7924,.T.);
#7924 = SURFACE_CURVE('',#7925,(#7929,#7936),.PCURVE_S1.);
#7925 = LINE('',#7926,#7927);
#7926 = CARTESIAN_POINT('',(-27.6,-10.85,115.235));
#7927 = VECTOR('',#7928,1.);
#7928 = DIRECTION('',(1.,0.,0.));
#7929 = PCURVE('',#4723,#7930);
#7930 = DEFINITIONAL_REPRESENTATION('',(#7931),#7935);
#7931 = LINE('',#7932,#7933);
#7932 = CARTESIAN_POINT('',(0.,0.));
#7933 = VECTOR('',#7934,1.);
#7934 = DIRECTION('',(1.,0.));
#7935 = ( GEOMETRIC_REPRESENTATION_CONTEXT(2) 
PARAMETRIC_REPRESENTATION_CONTEXT() REPRESENTATION_CONTEXT('2D SPACE',''
  ) );
#7936 = PCURVE('',#4754,#7937);
#7937 = DEFINITIONAL_REPRESENTATION('',(#7938),#7942);
#7938 = LINE('',#7939,#7940);
#7939 = CARTESIAN_POINT('',(0.,0.));
#7940 = VECTOR('',#7941,1.);
#7941 = DIRECTION('',(0.,1.));
#7942 = ( GEOMETRIC_REPRESENTATION_CONTEXT(2) 
PARAMETRIC_REPRESENTATION_CONTEXT() REPRESENTATION_CONTEXT('2D SPACE',''
  ) );
#7943 = ADVANCED_FACE('',(#7944),#4754,.T.);
#7944 = FACE_BOUND('',#7945,.T.);
#7945 = EDGE_LOOP('',(#7946,#7947,#7948,#7971));
#7946 = ORIENTED_EDGE('',*,*,#7923,.F.);
#7947 = ORIENTED_EDGE('',*,*,#4739,.F.);
#7948 = ORIENTED_EDGE('',*,*,#7949,.T.);
#7949 = EDGE_CURVE('',#4740,#7950,#7952,.T.);
#7950 = VERTEX_POINT('',#7951);
#7951 = CARTESIAN_POINT('',(26.8,-10.85,116.385));
#7952 = SURFACE_CURVE('',#7953,(#7957,#7964),.PCURVE_S1.);
#7953 = LINE('',#7954,#7955);
#7954 = CARTESIAN_POINT('',(-27.6,-10.85,116.385));
#7955 = VECTOR('',#7956,1.);
#7956 = DIRECTION('',(1.,0.,0.));
#7957 = PCURVE('',#4754,#7958);
#7958 = DEFINITIONAL_REPRESENTATION('',(#7959),#7963);
#7959 = LINE('',#7960,#7961);
#7960 = CARTESIAN_POINT('',(1.15,0.));
#7961 = VECTOR('',#7962,1.);
#7962 = DIRECTION('',(0.,1.));
#7963 = ( GEOMETRIC_REPRESENTATION_CONTEXT(2) 
PARAMETRIC_REPRESENTATION_CONTEXT() REPRESENTATION_CONTEXT('2D SPACE',''
  ) );
#7964 = PCURVE('',#4783,#7965);
#7965 = DEFINITIONAL_REPRESENTATION('',(#7966),#7970);
#7966 = LINE('',#7967,#7968);
#7967 = CARTESIAN_POINT('',(0.,0.));
#7968 = VECTOR('',#7969,1.);
#7969 = DIRECTION('',(1.,0.));
#7970 = ( GEOMETRIC_REPRESENTATION_CONTEXT(2) 
PARAMETRIC_REPRESENTATION_CONTEXT() REPRESENTATION_CONTEXT('2D SPACE',''
  ) );
#7971 = ORIENTED_EDGE('',*,*,#7972,.F.);
#7972 = EDGE_CURVE('',#7894,#7950,#7973,.T.);
#7973 = SURFACE_CURVE('',#7974,(#7978,#7985),.PCURVE_S1.);
#7974 = LINE('',#7975,#7976);
#7975 = CARTESIAN_POINT('',(26.8,-10.85,115.235));
#7976 = VECTOR('',#7977,1.);
#7977 = DIRECTION('',(0.,0.,1.));
#7978 = PCURVE('',#4754,#7979);
#7979 = DEFINITIONAL_REPRESENTATION('',(#7980),#7984);
#7980 = LINE('',#7981,#7982);
#7981 = CARTESIAN_POINT('',(0.,54.4));
#7982 = VECTOR('',#7983,1.);
#7983 = DIRECTION('',(1.,0.));
#7984 = ( GEOMETRIC_REPRESENTATION_CONTEXT(2) 
PARAMETRIC_REPRESENTATION_CONTEXT() REPRESENTATION_CONTEXT('2D SPACE',''
  ) );
#7985 = PCURVE('',#7879,#7986);
#7986 = DEFINITIONAL_REPRESENTATION('',(#7987),#7991);
#7987 = LINE('',#7988,#7989);
#7988 = CARTESIAN_POINT('',(4.712388980385,0.));
#7989 = VECTOR('',#7990,1.);
#7990 = DIRECTION('',(-0.,1.));
#7991 = ( GEOMETRIC_REPRESENTATION_CONTEXT(2) 
PARAMETRIC_REPRESENTATION_CONTEXT() REPRESENTATION_CONTEXT('2D SPACE',''
  ) );
#7992 = ADVANCED_FACE('',(#7993),#4783,.F.);
#7993 = FACE_BOUND('',#7994,.F.);
#7994 = EDGE_LOOP('',(#7995,#8021,#8022,#8023));
#7995 = ORIENTED_EDGE('',*,*,#7996,.F.);
#7996 = EDGE_CURVE('',#7843,#7950,#7997,.T.);
#7997 = SURFACE_CURVE('',#7998,(#8003,#8014),.PCURVE_S1.);
#7998 = CIRCLE('',#7999,0.8);
#7999 = AXIS2_PLACEMENT_3D('',#8000,#8001,#8002);
#8000 = CARTESIAN_POINT('',(26.8,-10.05,116.385));
#8001 = DIRECTION('',(-0.,-0.,-1.));
#8002 = DIRECTION('',(0.,-1.,0.));
#8003 = PCURVE('',#4783,#8004);
#8004 = DEFINITIONAL_REPRESENTATION('',(#8005),#8013);
#8005 = ( BOUNDED_CURVE() B_SPLINE_CURVE(2,(#8006,#8007,#8008,#8009,
#8010,#8011,#8012),.UNSPECIFIED.,.T.,.F.) B_SPLINE_CURVE_WITH_KNOTS((1,2
    ,2,2,2,1),(-2.094395102393,0.,2.094395102393,4.188790204786,
6.28318530718,8.377580409573),.UNSPECIFIED.) CURVE() 
GEOMETRIC_REPRESENTATION_ITEM() RATIONAL_B_SPLINE_CURVE((1.,0.5,1.,0.5,
1.,0.5,1.)) REPRESENTATION_ITEM('') );
#8006 = CARTESIAN_POINT('',(54.4,-1.7763568394E-15));
#8007 = CARTESIAN_POINT('',(53.014359353945,-1.7763568394E-15));
#8008 = CARTESIAN_POINT('',(53.707179676972,1.2));
#8009 = CARTESIAN_POINT('',(54.4,2.4));
#8010 = CARTESIAN_POINT('',(55.092820323028,1.2));
#8011 = CARTESIAN_POINT('',(55.785640646055,-5.551115123126E-16));
#8012 = CARTESIAN_POINT('',(54.4,-1.7763568394E-15));
#8013 = ( GEOMETRIC_REPRESENTATION_CONTEXT(2) 
PARAMETRIC_REPRESENTATION_CONTEXT() REPRESENTATION_CONTEXT('2D SPACE',''
  ) );
#8014 = PCURVE('',#7879,#8015);
#8015 = DEFINITIONAL_REPRESENTATION('',(#8016),#8020);
#8016 = LINE('',#8017,#8018);
#8017 = CARTESIAN_POINT('',(10.995574287565,1.15));
#8018 = VECTOR('',#8019,1.);
#8019 = DIRECTION('',(-1.,0.));
#8020 = ( GEOMETRIC_REPRESENTATION_CONTEXT(2) 
PARAMETRIC_REPRESENTATION_CONTEXT() REPRESENTATION_CONTEXT('2D SPACE',''
  ) );
#8021 = ORIENTED_EDGE('',*,*,#7842,.T.);
#8022 = ORIENTED_EDGE('',*,*,#4766,.T.);
#8023 = ORIENTED_EDGE('',*,*,#7949,.T.);
#8024 = ADVANCED_FACE('',(#8025),#4894,.F.);
#8025 = FACE_BOUND('',#8026,.F.);
#8026 = EDGE_LOOP('',(#8027,#8028,#8049,#8050));
#8027 = ORIENTED_EDGE('',*,*,#6949,.F.);
#8028 = ORIENTED_EDGE('',*,*,#8029,.T.);
#8029 = EDGE_CURVE('',#6927,#5843,#8030,.T.);
#8030 = SURFACE_CURVE('',#8031,(#8035,#8042),.PCURVE_S1.);
#8031 = LINE('',#8032,#8033);
#8032 = CARTESIAN_POINT('',(27.75,12.25,114.18));
#8033 = VECTOR('',#8034,1.);
#8034 = DIRECTION('',(0.,0.,1.));
#8035 = PCURVE('',#4894,#8036);
#8036 = DEFINITIONAL_REPRESENTATION('',(#8037),#8041);
#8037 = LINE('',#8038,#8039);
#8038 = CARTESIAN_POINT('',(4.712388980385,0.));
#8039 = VECTOR('',#8040,1.);
#8040 = DIRECTION('',(-0.,-1.));
#8041 = ( GEOMETRIC_REPRESENTATION_CONTEXT(2) 
PARAMETRIC_REPRESENTATION_CONTEXT() REPRESENTATION_CONTEXT('2D SPACE',''
  ) );
#8042 = PCURVE('',#5884,#8043);
#8043 = DEFINITIONAL_REPRESENTATION('',(#8044),#8048);
#8044 = LINE('',#8045,#8046);
#8045 = CARTESIAN_POINT('',(0.,-0.));
#8046 = VECTOR('',#8047,1.);
#8047 = DIRECTION('',(0.,-1.));
#8048 = ( GEOMETRIC_REPRESENTATION_CONTEXT(2) 
PARAMETRIC_REPRESENTATION_CONTEXT() REPRESENTATION_CONTEXT('2D SPACE',''
  ) );
#8049 = ORIENTED_EDGE('',*,*,#5842,.T.);
#8050 = ORIENTED_EDGE('',*,*,#4876,.F.);
#8051 = ADVANCED_FACE('',(#8052),#4945,.F.);
#8052 = FACE_BOUND('',#8053,.F.);
#8053 = EDGE_LOOP('',(#8054,#8077,#8078,#8079));
#8054 = ORIENTED_EDGE('',*,*,#8055,.F.);
#8055 = EDGE_CURVE('',#6977,#8056,#8058,.T.);
#8056 = VERTEX_POINT('',#8057);
#8057 = CARTESIAN_POINT('',(29.5,4.92,114.88));
#8058 = SURFACE_CURVE('',#8059,(#8063,#8070),.PCURVE_S1.);
#8059 = LINE('',#8060,#8061);
#8060 = CARTESIAN_POINT('',(29.5,4.92,107.88));
#8061 = VECTOR('',#8062,1.);
#8062 = DIRECTION('',(0.,0.,1.));
#8063 = PCURVE('',#4945,#8064);
#8064 = DEFINITIONAL_REPRESENTATION('',(#8065),#8069);
#8065 = LINE('',#8066,#8067);
#8066 = CARTESIAN_POINT('',(0.,0.));
#8067 = VECTOR('',#8068,1.);
#8068 = DIRECTION('',(0.,1.));
#8069 = ( GEOMETRIC_REPRESENTATION_CONTEXT(2) 
PARAMETRIC_REPRESENTATION_CONTEXT() REPRESENTATION_CONTEXT('2D SPACE',''
  ) );
#8070 = PCURVE('',#7016,#8071);
#8071 = DEFINITIONAL_REPRESENTATION('',(#8072),#8076);
#8072 = LINE('',#8073,#8074);
#8073 = CARTESIAN_POINT('',(0.,-13.29));
#8074 = VECTOR('',#8075,1.);
#8075 = DIRECTION('',(1.,0.));
#8076 = ( GEOMETRIC_REPRESENTATION_CONTEXT(2) 
PARAMETRIC_REPRESENTATION_CONTEXT() REPRESENTATION_CONTEXT('2D SPACE',''
  ) );
#8077 = ORIENTED_EDGE('',*,*,#6976,.T.);
#8078 = ORIENTED_EDGE('',*,*,#4929,.F.);
#8079 = ORIENTED_EDGE('',*,*,#8080,.F.);
#8080 = EDGE_CURVE('',#8056,#4930,#8081,.T.);
#8081 = SURFACE_CURVE('',#8082,(#8087,#8094),.PCURVE_S1.);
#8082 = CIRCLE('',#8083,0.75);
#8083 = AXIS2_PLACEMENT_3D('',#8084,#8085,#8086);
#8084 = CARTESIAN_POINT('',(28.75,4.92,114.88));
#8085 = DIRECTION('',(0.,0.,1.));
#8086 = DIRECTION('',(0.,-1.,0.));
#8087 = PCURVE('',#4945,#8088);
#8088 = DEFINITIONAL_REPRESENTATION('',(#8089),#8093);
#8089 = LINE('',#8090,#8091);
#8090 = CARTESIAN_POINT('',(-1.570796326795,7.));
#8091 = VECTOR('',#8092,1.);
#8092 = DIRECTION('',(1.,0.));
#8093 = ( GEOMETRIC_REPRESENTATION_CONTEXT(2) 
PARAMETRIC_REPRESENTATION_CONTEXT() REPRESENTATION_CONTEXT('2D SPACE',''
  ) );
#8094 = PCURVE('',#4973,#8095);
#8095 = DEFINITIONAL_REPRESENTATION('',(#8096),#8100);
#8096 = CIRCLE('',#8097,0.75);
#8097 = AXIS2_PLACEMENT_2D('',#8098,#8099);
#8098 = CARTESIAN_POINT('',(39.25,13.29));
#8099 = DIRECTION('',(0.,-1.));
#8100 = ( GEOMETRIC_REPRESENTATION_CONTEXT(2) 
PARAMETRIC_REPRESENTATION_CONTEXT() REPRESENTATION_CONTEXT('2D SPACE',''
  ) );
#8101 = ADVANCED_FACE('',(#8102),#4973,.F.);
#8102 = FACE_BOUND('',#8103,.F.);
#8103 = EDGE_LOOP('',(#8104,#8132,#8153,#8154));
#8104 = ORIENTED_EDGE('',*,*,#8105,.F.);
#8105 = EDGE_CURVE('',#8106,#4958,#8108,.T.);
#8106 = VERTEX_POINT('',#8107);
#8107 = CARTESIAN_POINT('',(29.5,-7.62,114.88));
#8108 = SURFACE_CURVE('',#8109,(#8114,#8125),.PCURVE_S1.);
#8109 = CIRCLE('',#8110,0.75);
#8110 = AXIS2_PLACEMENT_3D('',#8111,#8112,#8113);
#8111 = CARTESIAN_POINT('',(28.75,-7.62,114.88));
#8112 = DIRECTION('',(-0.,-0.,-1.));
#8113 = DIRECTION('',(0.,-1.,0.));
#8114 = PCURVE('',#4973,#8115);
#8115 = DEFINITIONAL_REPRESENTATION('',(#8116),#8124);
#8116 = ( BOUNDED_CURVE() B_SPLINE_CURVE(2,(#8117,#8118,#8119,#8120,
#8121,#8122,#8123),.UNSPECIFIED.,.T.,.F.) B_SPLINE_CURVE_WITH_KNOTS((1,2
    ,2,2,2,1),(-2.094395102393,0.,2.094395102393,4.188790204786,
6.28318530718,8.377580409573),.UNSPECIFIED.) CURVE() 
GEOMETRIC_REPRESENTATION_ITEM() RATIONAL_B_SPLINE_CURVE((1.,0.5,1.,0.5,
1.,0.5,1.)) REPRESENTATION_ITEM('') );
#8117 = CARTESIAN_POINT('',(39.25,-1.7763568394E-15));
#8118 = CARTESIAN_POINT('',(37.950961894323,-1.7763568394E-15));
#8119 = CARTESIAN_POINT('',(38.600480947162,1.125));
#8120 = CARTESIAN_POINT('',(39.25,2.25));
#8121 = CARTESIAN_POINT('',(39.899519052838,1.125));
#8122 = CARTESIAN_POINT('',(40.549038105677,-5.551115123126E-16));
#8123 = CARTESIAN_POINT('',(39.25,-1.7763568394E-15));
#8124 = ( GEOMETRIC_REPRESENTATION_CONTEXT(2) 
PARAMETRIC_REPRESENTATION_CONTEXT() REPRESENTATION_CONTEXT('2D SPACE',''
  ) );
#8125 = PCURVE('',#5001,#8126);
#8126 = DEFINITIONAL_REPRESENTATION('',(#8127),#8131);
#8127 = LINE('',#8128,#8129);
#8128 = CARTESIAN_POINT('',(10.995574287565,7.));
#8129 = VECTOR('',#8130,1.);
#8130 = DIRECTION('',(-1.,0.));
#8131 = ( GEOMETRIC_REPRESENTATION_CONTEXT(2) 
PARAMETRIC_REPRESENTATION_CONTEXT() REPRESENTATION_CONTEXT('2D SPACE',''
  ) );
#8132 = ORIENTED_EDGE('',*,*,#8133,.F.);
#8133 = EDGE_CURVE('',#8056,#8106,#8134,.T.);
#8134 = SURFACE_CURVE('',#8135,(#8139,#8146),.PCURVE_S1.);
#8135 = LINE('',#8136,#8137);
#8136 = CARTESIAN_POINT('',(29.5,4.92,114.88));
#8137 = VECTOR('',#8138,1.);
#8138 = DIRECTION('',(0.,-1.,0.));
#8139 = PCURVE('',#4973,#8140);
#8140 = DEFINITIONAL_REPRESENTATION('',(#8141),#8145);
#8141 = LINE('',#8142,#8143);
#8142 = CARTESIAN_POINT('',(40.,13.29));
#8143 = VECTOR('',#8144,1.);
#8144 = DIRECTION('',(0.,-1.));
#8145 = ( GEOMETRIC_REPRESENTATION_CONTEXT(2) 
PARAMETRIC_REPRESENTATION_CONTEXT() REPRESENTATION_CONTEXT('2D SPACE',''
  ) );
#8146 = PCURVE('',#7016,#8147);
#8147 = DEFINITIONAL_REPRESENTATION('',(#8148),#8152);
#8148 = LINE('',#8149,#8150);
#8149 = CARTESIAN_POINT('',(7.,-13.29));
#8150 = VECTOR('',#8151,1.);
#8151 = DIRECTION('',(0.,1.));
#8152 = ( GEOMETRIC_REPRESENTATION_CONTEXT(2) 
PARAMETRIC_REPRESENTATION_CONTEXT() REPRESENTATION_CONTEXT('2D SPACE',''
  ) );
#8153 = ORIENTED_EDGE('',*,*,#8080,.T.);
#8154 = ORIENTED_EDGE('',*,*,#4957,.T.);
#8155 = ADVANCED_FACE('',(#8156),#5001,.F.);
#8156 = FACE_BOUND('',#8157,.F.);
#8157 = EDGE_LOOP('',(#8158,#8159,#8180,#8181));
#8158 = ORIENTED_EDGE('',*,*,#7028,.T.);
#8159 = ORIENTED_EDGE('',*,*,#8160,.T.);
#8160 = EDGE_CURVE('',#7001,#8106,#8161,.T.);
#8161 = SURFACE_CURVE('',#8162,(#8166,#8173),.PCURVE_S1.);
#8162 = LINE('',#8163,#8164);
#8163 = CARTESIAN_POINT('',(29.5,-7.62,107.88));
#8164 = VECTOR('',#8165,1.);
#8165 = DIRECTION('',(0.,0.,1.));
#8166 = PCURVE('',#5001,#8167);
#8167 = DEFINITIONAL_REPRESENTATION('',(#8168),#8172);
#8168 = LINE('',#8169,#8170);
#8169 = CARTESIAN_POINT('',(6.28318530718,0.));
#8170 = VECTOR('',#8171,1.);
#8171 = DIRECTION('',(-0.,1.));
#8172 = ( GEOMETRIC_REPRESENTATION_CONTEXT(2) 
PARAMETRIC_REPRESENTATION_CONTEXT() REPRESENTATION_CONTEXT('2D SPACE',''
  ) );
#8173 = PCURVE('',#7016,#8174);
#8174 = DEFINITIONAL_REPRESENTATION('',(#8175),#8179);
#8175 = LINE('',#8176,#8177);
#8176 = CARTESIAN_POINT('',(0.,-0.75));
#8177 = VECTOR('',#8178,1.);
#8178 = DIRECTION('',(1.,0.));
#8179 = ( GEOMETRIC_REPRESENTATION_CONTEXT(2) 
PARAMETRIC_REPRESENTATION_CONTEXT() REPRESENTATION_CONTEXT('2D SPACE',''
  ) );
#8180 = ORIENTED_EDGE('',*,*,#8105,.T.);
#8181 = ORIENTED_EDGE('',*,*,#4985,.F.);
#8182 = ADVANCED_FACE('',(#8183),#5484,.T.);
#8183 = FACE_BOUND('',#8184,.T.);
#8184 = EDGE_LOOP('',(#8185,#8208,#8235,#8236,#8237));
#8185 = ORIENTED_EDGE('',*,*,#8186,.T.);
#8186 = EDGE_CURVE('',#5462,#8187,#8189,.T.);
#8187 = VERTEX_POINT('',#8188);
#8188 = CARTESIAN_POINT('',(8.3,-12.82,115.27));
#8189 = SEAM_CURVE('',#8190,(#8194,#8201),.PCURVE_S1.);
#8190 = LINE('',#8191,#8192);
#8191 = CARTESIAN_POINT('',(10.4,-12.82,115.27));
#8192 = VECTOR('',#8193,1.);
#8193 = DIRECTION('',(-1.,0.,0.));
#8194 = PCURVE('',#5484,#8195);
#8195 = DEFINITIONAL_REPRESENTATION('',(#8196),#8200);
#8196 = LINE('',#8197,#8198);
#8197 = CARTESIAN_POINT('',(6.28318530718,0.));
#8198 = VECTOR('',#8199,1.);
#8199 = DIRECTION('',(0.,1.));
#8200 = ( GEOMETRIC_REPRESENTATION_CONTEXT(2) 
PARAMETRIC_REPRESENTATION_CONTEXT() REPRESENTATION_CONTEXT('2D SPACE',''
  ) );
#8201 = PCURVE('',#5484,#8202);
#8202 = DEFINITIONAL_REPRESENTATION('',(#8203),#8207);
#8203 = LINE('',#8204,#8205);
#8204 = CARTESIAN_POINT('',(4.138911435803E-13,0.));
#8205 = VECTOR('',#8206,1.);
#8206 = DIRECTION('',(0.,1.));
#8207 = ( GEOMETRIC_REPRESENTATION_CONTEXT(2) 
PARAMETRIC_REPRESENTATION_CONTEXT() REPRESENTATION_CONTEXT('2D SPACE',''
  ) );
#8208 = ORIENTED_EDGE('',*,*,#8209,.F.);
#8209 = EDGE_CURVE('',#8187,#8187,#8210,.T.);
#8210 = SURFACE_CURVE('',#8211,(#8216,#8223),.PCURVE_S1.);
#8211 = CIRCLE('',#8212,0.68);
#8212 = AXIS2_PLACEMENT_3D('',#8213,#8214,#8215);
#8213 = CARTESIAN_POINT('',(8.3,-12.82,115.95));
#8214 = DIRECTION('',(-1.,0.,0.));
#8215 = DIRECTION('',(0.,0.,-1.));
#8216 = PCURVE('',#5484,#8217);
#8217 = DEFINITIONAL_REPRESENTATION('',(#8218),#8222);
#8218 = LINE('',#8219,#8220);
#8219 = CARTESIAN_POINT('',(0.,2.1));
#8220 = VECTOR('',#8221,1.);
#8221 = DIRECTION('',(1.,0.));
#8222 = ( GEOMETRIC_REPRESENTATION_CONTEXT(2) 
PARAMETRIC_REPRESENTATION_CONTEXT() REPRESENTATION_CONTEXT('2D SPACE',''
  ) );
#8223 = PCURVE('',#8224,#8229);
#8224 = PLANE('',#8225);
#8225 = AXIS2_PLACEMENT_3D('',#8226,#8227,#8228);
#8226 = CARTESIAN_POINT('',(8.3,-12.82,115.95));
#8227 = DIRECTION('',(-1.,0.,0.));
#8228 = DIRECTION('',(0.,0.,-1.));
#8229 = DEFINITIONAL_REPRESENTATION('',(#8230),#8234);
#8230 = CIRCLE('',#8231,0.68);
#8231 = AXIS2_PLACEMENT_2D('',#8232,#8233);
#8232 = CARTESIAN_POINT('',(0.,0.));
#8233 = DIRECTION('',(1.,0.));
#8234 = ( GEOMETRIC_REPRESENTATION_CONTEXT(2) 
PARAMETRIC_REPRESENTATION_CONTEXT() REPRESENTATION_CONTEXT('2D SPACE',''
  ) );
#8235 = ORIENTED_EDGE('',*,*,#8186,.F.);
#8236 = ORIENTED_EDGE('',*,*,#5461,.T.);
#8237 = ORIENTED_EDGE('',*,*,#5496,.T.);
#8238 = ADVANCED_FACE('',(#8239),#5620,.T.);
#8239 = FACE_BOUND('',#8240,.T.);
#8240 = EDGE_LOOP('',(#8241,#8264,#8291,#8292,#8293));
#8241 = ORIENTED_EDGE('',*,*,#8242,.T.);
#8242 = EDGE_CURVE('',#5604,#8243,#8245,.T.);
#8243 = VERTEX_POINT('',#8244);
#8244 = CARTESIAN_POINT('',(-8.3,-12.82,116.63));
#8245 = SEAM_CURVE('',#8246,(#8250,#8257),.PCURVE_S1.);
#8246 = LINE('',#8247,#8248);
#8247 = CARTESIAN_POINT('',(-10.4,-12.82,116.63));
#8248 = VECTOR('',#8249,1.);
#8249 = DIRECTION('',(1.,0.,0.));
#8250 = PCURVE('',#5620,#8251);
#8251 = DEFINITIONAL_REPRESENTATION('',(#8252),#8256);
#8252 = LINE('',#8253,#8254);
#8253 = CARTESIAN_POINT('',(6.28318530718,0.));
#8254 = VECTOR('',#8255,1.);
#8255 = DIRECTION('',(0.,1.));
#8256 = ( GEOMETRIC_REPRESENTATION_CONTEXT(2) 
PARAMETRIC_REPRESENTATION_CONTEXT() REPRESENTATION_CONTEXT('2D SPACE',''
  ) );
#8257 = PCURVE('',#5620,#8258);
#8258 = DEFINITIONAL_REPRESENTATION('',(#8259),#8263);
#8259 = LINE('',#8260,#8261);
#8260 = CARTESIAN_POINT('',(4.138911435803E-13,0.));
#8261 = VECTOR('',#8262,1.);
#8262 = DIRECTION('',(0.,1.));
#8263 = ( GEOMETRIC_REPRESENTATION_CONTEXT(2) 
PARAMETRIC_REPRESENTATION_CONTEXT() REPRESENTATION_CONTEXT('2D SPACE',''
  ) );
#8264 = ORIENTED_EDGE('',*,*,#8265,.F.);
#8265 = EDGE_CURVE('',#8243,#8243,#8266,.T.);
#8266 = SURFACE_CURVE('',#8267,(#8272,#8279),.PCURVE_S1.);
#8267 = CIRCLE('',#8268,0.68);
#8268 = AXIS2_PLACEMENT_3D('',#8269,#8270,#8271);
#8269 = CARTESIAN_POINT('',(-8.3,-12.82,115.95));
#8270 = DIRECTION('',(1.,0.,0.));
#8271 = DIRECTION('',(-0.,0.,1.));
#8272 = PCURVE('',#5620,#8273);
#8273 = DEFINITIONAL_REPRESENTATION('',(#8274),#8278);
#8274 = LINE('',#8275,#8276);
#8275 = CARTESIAN_POINT('',(0.,2.1));
#8276 = VECTOR('',#8277,1.);
#8277 = DIRECTION('',(1.,0.));
#8278 = ( GEOMETRIC_REPRESENTATION_CONTEXT(2) 
PARAMETRIC_REPRESENTATION_CONTEXT() REPRESENTATION_CONTEXT('2D SPACE',''
  ) );
#8279 = PCURVE('',#8280,#8285);
#8280 = PLANE('',#8281);
#8281 = AXIS2_PLACEMENT_3D('',#8282,#8283,#8284);
#8282 = CARTESIAN_POINT('',(-8.3,-12.82,115.95));
#8283 = DIRECTION('',(1.,0.,0.));
#8284 = DIRECTION('',(-0.,0.,1.));
#8285 = DEFINITIONAL_REPRESENTATION('',(#8286),#8290);
#8286 = CIRCLE('',#8287,0.68);
#8287 = AXIS2_PLACEMENT_2D('',#8288,#8289);
#8288 = CARTESIAN_POINT('',(0.,0.));
#8289 = DIRECTION('',(1.,0.));
#8290 = ( GEOMETRIC_REPRESENTATION_CONTEXT(2) 
PARAMETRIC_REPRESENTATION_CONTEXT() REPRESENTATION_CONTEXT('2D SPACE',''
  ) );
#8291 = ORIENTED_EDGE('',*,*,#8242,.F.);
#8292 = ORIENTED_EDGE('',*,*,#5632,.T.);
#8293 = ORIENTED_EDGE('',*,*,#5601,.T.);
#8294 = ADVANCED_FACE('',(#8295),#5884,.T.);
#8295 = FACE_BOUND('',#8296,.T.);
#8296 = EDGE_LOOP('',(#8297,#8298,#8299,#8300));
#8297 = ORIENTED_EDGE('',*,*,#7190,.F.);
#8298 = ORIENTED_EDGE('',*,*,#6926,.T.);
#8299 = ORIENTED_EDGE('',*,*,#8029,.T.);
#8300 = ORIENTED_EDGE('',*,*,#5870,.T.);
#8301 = ADVANCED_FACE('',(#8302),#6194,.F.);
#8302 = FACE_BOUND('',#8303,.F.);
#8303 = EDGE_LOOP('',(#8304,#8305,#8306,#8327));
#8304 = ORIENTED_EDGE('',*,*,#6307,.T.);
#8305 = ORIENTED_EDGE('',*,*,#6178,.F.);
#8306 = ORIENTED_EDGE('',*,*,#8307,.F.);
#8307 = EDGE_CURVE('',#6358,#6151,#8308,.T.);
#8308 = SURFACE_CURVE('',#8309,(#8313,#8320),.PCURVE_S1.);
#8309 = LINE('',#8310,#8311);
#8310 = CARTESIAN_POINT('',(-8.25,-7.7,116.63));
#8311 = VECTOR('',#8312,1.);
#8312 = DIRECTION('',(0.,0.,-1.));
#8313 = PCURVE('',#6194,#8314);
#8314 = DEFINITIONAL_REPRESENTATION('',(#8315),#8319);
#8315 = LINE('',#8316,#8317);
#8316 = CARTESIAN_POINT('',(1.4,-5.8));
#8317 = VECTOR('',#8318,1.);
#8318 = DIRECTION('',(-1.,0.));
#8319 = ( GEOMETRIC_REPRESENTATION_CONTEXT(2) 
PARAMETRIC_REPRESENTATION_CONTEXT() REPRESENTATION_CONTEXT('2D SPACE',''
  ) );
#8320 = PCURVE('',#6166,#8321);
#8321 = DEFINITIONAL_REPRESENTATION('',(#8322),#8326);
#8322 = LINE('',#8323,#8324);
#8323 = CARTESIAN_POINT('',(1.4,0.));
#8324 = VECTOR('',#8325,1.);
#8325 = DIRECTION('',(-1.,0.));
#8326 = ( GEOMETRIC_REPRESENTATION_CONTEXT(2) 
PARAMETRIC_REPRESENTATION_CONTEXT() REPRESENTATION_CONTEXT('2D SPACE',''
  ) );
#8327 = ORIENTED_EDGE('',*,*,#6357,.F.);
#8328 = ADVANCED_FACE('',(#8329),#6166,.T.);
#8329 = FACE_BOUND('',#8330,.T.);
#8330 = EDGE_LOOP('',(#8331,#8332,#8333,#8334));
#8331 = ORIENTED_EDGE('',*,*,#6715,.F.);
#8332 = ORIENTED_EDGE('',*,*,#6150,.F.);
#8333 = ORIENTED_EDGE('',*,*,#8307,.F.);
#8334 = ORIENTED_EDGE('',*,*,#6380,.F.);
#8335 = ADVANCED_FACE('',(#8336),#6083,.T.);
#8336 = FACE_BOUND('',#8337,.T.);
#8337 = EDGE_LOOP('',(#8338,#8359,#8360,#8361));
#8338 = ORIENTED_EDGE('',*,*,#8339,.F.);
#8339 = EDGE_CURVE('',#6040,#6589,#8340,.T.);
#8340 = SURFACE_CURVE('',#8341,(#8345,#8352),.PCURVE_S1.);
#8341 = LINE('',#8342,#8343);
#8342 = CARTESIAN_POINT('',(8.25,-7.7,115.185));
#8343 = VECTOR('',#8344,1.);
#8344 = DIRECTION('',(0.,0.,1.));
#8345 = PCURVE('',#6083,#8346);
#8346 = DEFINITIONAL_REPRESENTATION('',(#8347),#8351);
#8347 = LINE('',#8348,#8349);
#8348 = CARTESIAN_POINT('',(-4.5E-02,16.5));
#8349 = VECTOR('',#8350,1.);
#8350 = DIRECTION('',(1.,0.));
#8351 = ( GEOMETRIC_REPRESENTATION_CONTEXT(2) 
PARAMETRIC_REPRESENTATION_CONTEXT() REPRESENTATION_CONTEXT('2D SPACE',''
  ) );
#8352 = PCURVE('',#6055,#8353);
#8353 = DEFINITIONAL_REPRESENTATION('',(#8354),#8358);
#8354 = LINE('',#8355,#8356);
#8355 = CARTESIAN_POINT('',(-4.5E-02,-5.8));
#8356 = VECTOR('',#8357,1.);
#8357 = DIRECTION('',(1.,0.));
#8358 = ( GEOMETRIC_REPRESENTATION_CONTEXT(2) 
PARAMETRIC_REPRESENTATION_CONTEXT() REPRESENTATION_CONTEXT('2D SPACE',''
  ) );
#8359 = ORIENTED_EDGE('',*,*,#6067,.F.);
#8360 = ORIENTED_EDGE('',*,*,#6690,.F.);
#8361 = ORIENTED_EDGE('',*,*,#6588,.F.);
#8362 = ADVANCED_FACE('',(#8363),#6055,.T.);
#8363 = FACE_BOUND('',#8364,.T.);
#8364 = EDGE_LOOP('',(#8365,#8366,#8367,#8368));
#8365 = ORIENTED_EDGE('',*,*,#6611,.F.);
#8366 = ORIENTED_EDGE('',*,*,#6661,.F.);
#8367 = ORIENTED_EDGE('',*,*,#6039,.F.);
#8368 = ORIENTED_EDGE('',*,*,#8339,.T.);
#8369 = ADVANCED_FACE('',(#8370),#6255,.F.);
#8370 = FACE_BOUND('',#8371,.F.);
#8371 = EDGE_LOOP('',(#8372,#8393,#8394,#8395));
#8372 = ORIENTED_EDGE('',*,*,#8373,.T.);
#8373 = EDGE_CURVE('',#6235,#6745,#8374,.T.);
#8374 = SEAM_CURVE('',#8375,(#8379,#8386),.PCURVE_S1.);
#8375 = LINE('',#8376,#8377);
#8376 = CARTESIAN_POINT('',(-23.4,9.7,112.5));
#8377 = VECTOR('',#8378,1.);
#8378 = DIRECTION('',(0.,0.,1.));
#8379 = PCURVE('',#6255,#8380);
#8380 = DEFINITIONAL_REPRESENTATION('',(#8381),#8385);
#8381 = LINE('',#8382,#8383);
#8382 = CARTESIAN_POINT('',(-4.138911435803E-13,0.));
#8383 = VECTOR('',#8384,1.);
#8384 = DIRECTION('',(-0.,-1.));
#8385 = ( GEOMETRIC_REPRESENTATION_CONTEXT(2) 
PARAMETRIC_REPRESENTATION_CONTEXT() REPRESENTATION_CONTEXT('2D SPACE',''
  ) );
#8386 = PCURVE('',#6255,#8387);
#8387 = DEFINITIONAL_REPRESENTATION('',(#8388),#8392);
#8388 = LINE('',#8389,#8390);
#8389 = CARTESIAN_POINT('',(6.28318530718,0.));
#8390 = VECTOR('',#8391,1.);
#8391 = DIRECTION('',(-0.,-1.));
#8392 = ( GEOMETRIC_REPRESENTATION_CONTEXT(2) 
PARAMETRIC_REPRESENTATION_CONTEXT() REPRESENTATION_CONTEXT('2D SPACE',''
  ) );
#8393 = ORIENTED_EDGE('',*,*,#6744,.T.);
#8394 = ORIENTED_EDGE('',*,*,#8373,.F.);
#8395 = ORIENTED_EDGE('',*,*,#6234,.F.);
#8396 = ADVANCED_FACE('',(#8397),#6290,.F.);
#8397 = FACE_BOUND('',#8398,.F.);
#8398 = EDGE_LOOP('',(#8399,#8420,#8421,#8422));
#8399 = ORIENTED_EDGE('',*,*,#8400,.T.);
#8400 = EDGE_CURVE('',#6270,#6779,#8401,.T.);
#8401 = SEAM_CURVE('',#8402,(#8406,#8413),.PCURVE_S1.);
#8402 = LINE('',#8403,#8404);
#8403 = CARTESIAN_POINT('',(26.6,9.7,112.5));
#8404 = VECTOR('',#8405,1.);
#8405 = DIRECTION('',(0.,0.,1.));
#8406 = PCURVE('',#6290,#8407);
#8407 = DEFINITIONAL_REPRESENTATION('',(#8408),#8412);
#8408 = LINE('',#8409,#8410);
#8409 = CARTESIAN_POINT('',(-4.138911435803E-13,0.));
#8410 = VECTOR('',#8411,1.);
#8411 = DIRECTION('',(-0.,-1.));
#8412 = ( GEOMETRIC_REPRESENTATION_CONTEXT(2) 
PARAMETRIC_REPRESENTATION_CONTEXT() REPRESENTATION_CONTEXT('2D SPACE',''
  ) );
#8413 = PCURVE('',#6290,#8414);
#8414 = DEFINITIONAL_REPRESENTATION('',(#8415),#8419);
#8415 = LINE('',#8416,#8417);
#8416 = CARTESIAN_POINT('',(6.28318530718,0.));
#8417 = VECTOR('',#8418,1.);
#8418 = DIRECTION('',(-0.,-1.));
#8419 = ( GEOMETRIC_REPRESENTATION_CONTEXT(2) 
PARAMETRIC_REPRESENTATION_CONTEXT() REPRESENTATION_CONTEXT('2D SPACE',''
  ) );
#8420 = ORIENTED_EDGE('',*,*,#6778,.T.);
#8421 = ORIENTED_EDGE('',*,*,#8400,.F.);
#8422 = ORIENTED_EDGE('',*,*,#6269,.F.);
#8423 = ADVANCED_FACE('',(#8424),#6863,.T.);
#8424 = FACE_BOUND('',#8425,.T.);
#8425 = EDGE_LOOP('',(#8426,#8427,#8428,#8429));
#8426 = ORIENTED_EDGE('',*,*,#6847,.F.);
#8427 = ORIENTED_EDGE('',*,*,#7160,.F.);
#8428 = ORIENTED_EDGE('',*,*,#7106,.F.);
#8429 = ORIENTED_EDGE('',*,*,#7056,.F.);
#8430 = ADVANCED_FACE('',(#8431),#7016,.F.);
#8431 = FACE_BOUND('',#8432,.F.);
#8432 = EDGE_LOOP('',(#8433,#8434,#8435,#8436));
#8433 = ORIENTED_EDGE('',*,*,#8160,.F.);
#8434 = ORIENTED_EDGE('',*,*,#7000,.T.);
#8435 = ORIENTED_EDGE('',*,*,#8055,.T.);
#8436 = ORIENTED_EDGE('',*,*,#8133,.T.);
#8437 = ADVANCED_FACE('',(#8438),#7253,.F.);
#8438 = FACE_BOUND('',#8439,.F.);
#8439 = EDGE_LOOP('',(#8440,#8441,#8442,#8443));
#8440 = ORIENTED_EDGE('',*,*,#7365,.F.);
#8441 = ORIENTED_EDGE('',*,*,#7314,.T.);
#8442 = ORIENTED_EDGE('',*,*,#7237,.T.);
#8443 = ORIENTED_EDGE('',*,*,#7390,.F.);
#8444 = ADVANCED_FACE('',(#8445),#7434,.F.);
#8445 = FACE_BOUND('',#8446,.F.);
#8446 = EDGE_LOOP('',(#8447,#8448,#8449,#8450));
#8447 = ORIENTED_EDGE('',*,*,#7492,.T.);
#8448 = ORIENTED_EDGE('',*,*,#7416,.T.);
#8449 = ORIENTED_EDGE('',*,*,#7593,.T.);
#8450 = ORIENTED_EDGE('',*,*,#7541,.T.);
#8451 = ADVANCED_FACE('',(#8452),#7678,.T.);
#8452 = FACE_BOUND('',#8453,.T.);
#8453 = EDGE_LOOP('',(#8454,#8455,#8456,#8457));
#8454 = ORIENTED_EDGE('',*,*,#7695,.T.);
#8455 = ORIENTED_EDGE('',*,*,#7767,.F.);
#8456 = ORIENTED_EDGE('',*,*,#7792,.T.);
#8457 = ORIENTED_EDGE('',*,*,#7664,.T.);
#8458 = ADVANCED_FACE('',(#8459),#7879,.F.);
#8459 = FACE_BOUND('',#8460,.F.);
#8460 = EDGE_LOOP('',(#8461,#8462,#8463,#8464));
#8461 = ORIENTED_EDGE('',*,*,#7893,.F.);
#8462 = ORIENTED_EDGE('',*,*,#7865,.T.);
#8463 = ORIENTED_EDGE('',*,*,#7996,.T.);
#8464 = ORIENTED_EDGE('',*,*,#7972,.F.);
#8465 = ADVANCED_FACE('',(#8466),#8224,.T.);
#8466 = FACE_BOUND('',#8467,.T.);
#8467 = EDGE_LOOP('',(#8468));
#8468 = ORIENTED_EDGE('',*,*,#8209,.T.);
#8469 = ADVANCED_FACE('',(#8470),#8280,.T.);
#8470 = FACE_BOUND('',#8471,.T.);
#8471 = EDGE_LOOP('',(#8472));
#8472 = ORIENTED_EDGE('',*,*,#8265,.T.);
#8473 = ( GEOMETRIC_REPRESENTATION_CONTEXT(3) 
GLOBAL_UNCERTAINTY_ASSIGNED_CONTEXT((#8477)) 
GLOBAL_UNIT_ASSIGNED_CONTEXT((#8474,#8475,#8476)) REPRESENTATION_CONTEXT
('Context #1','3D Context with UNIT and UNCERTAINTY') );
#8474 = ( LENGTH_UNIT() NAMED_UNIT(*) SI_UNIT(.MILLI.,.METRE.) );
#8475 = ( NAMED_UNIT(*) PLANE_ANGLE_UNIT() SI_UNIT($,.RADIAN.) );
#8476 = ( NAMED_UNIT(*) SI_UNIT($,.STERADIAN.) SOLID_ANGLE_UNIT() );
#8477 = UNCERTAINTY_MEASURE_WITH_UNIT(LENGTH_MEASURE(1.E-07),#8474,
  'distance_accuracy_value','confusion accuracy');
#8478 = PRODUCT_RELATED_PRODUCT_CATEGORY('part',$,(#7));
ENDSEC;
END-ISO-10303-21;
